INSERT INTO `modules` (`id`, `parent_id`, `name`, `display_name`, `description`, `sort_order`, `permission_names`, `created_at`, `updated_at`) VALUES
(1, 0, 'banners', 'Manage Banners', 'Manage Banners', 1, 'view,add,edit,delete', '2023-01-11 14:54:37', '2023-01-11 14:54:37'),
(2, 0, 'testimonials', 'Manage Testimonials', 'Manage Testimonials', 9, 'view,add,edit,delete', '2023-01-11 14:47:06', '2023-01-11 14:47:06'),
(3, 0, 'newsletter', 'Manage Newsletter', 'Manage Newsletter', 17, 'view,delete', '2022-12-06 10:58:27', '2022-12-06 10:58:27'),
(4, 0, 'cms', 'Manage CMS Pages', 'Manage CMS Pages', 18, 'view,add,edit,delete', '2023-01-11 14:45:55', '2023-01-11 14:45:55'),
(5, 0, 'enquiries', 'Manage Enquiries', 'Manage Enquiries', 19, 'view,delete', '2023-01-11 14:42:29', '2023-01-11 14:42:29'),
(6, 0, 'blogs', 'Manage Blogs', 'Manage Blogs', 4, 'view,add,edit,delete', '2022-12-06 10:55:53', '2022-12-06 10:55:53'),
(7, 0, 'menus', 'Manage Header Menu', 'Manage Header Menu', 2, 'view,add,edit,delete', '2023-01-06 16:54:23', '2023-01-06 16:54:23'),
(8, 0, 'packages', 'Manage Packages', 'Manage Packages', 11, 'view,add,edit,delete', '2022-12-06 10:57:25', '2022-12-06 10:57:25'),
(9, 0, 'news', 'Manage News', 'Manage News', 5, 'view,add,edit,delete', '2022-12-06 10:56:18', '2022-12-06 10:56:18'),
(10, 0, 'accommodations', 'Manage Accommodation', 'Manage Accommodation', 13, 'view,add,edit,delete', '2022-12-06 10:57:52', '2022-12-06 10:57:52'),
(11, 0, 'faqs', 'Manage FAQs', 'Manage FAQs', 3, 'view,add,edit,delete', '2023-01-11 14:43:53', '2023-01-11 14:43:53'),
(12, 0, 'activities', 'Manage Activity Logs', 'Manage Activity Logs', 6, 'view', '2023-01-11 14:52:47', '2023-01-11 14:52:47'),
(13, 0, 'staff', 'Manage Users', 'Manage Users', 8, 'view,add,edit,delete', '2023-01-06 17:06:28', '2023-01-06 17:06:28'),
(14, 0, 'users', 'Manage Customers', 'Manage Customers', 7, 'view,edit,delete', '2023-01-04 13:42:47', '2023-01-04 13:42:47'),
(15, 0, 'destinations', 'Manage Destinations', 'Manage Destinations', 10, 'view,add,edit,delete', '2022-12-06 10:57:18', '2022-12-06 10:57:18'),
(16, 0, 'teammanagements', 'Team Management', 'Team Management', 15, 'view,add,edit,delete', '2023-01-11 14:49:59', '2023-01-11 14:49:59'),
(17, 0, 'widget', 'Manage Widget', NULL, 16, 'view,add,edit,delete', '2022-12-06 10:58:19', '2022-12-06 10:58:19'),
(18, 0, 'banner_images', 'Manage Banner Images', 'Manage Banner Images', NULL, 'view,add,edit,delete', '2023-01-06 13:54:43', '2023-01-06 13:54:43'),
(19, 0, 'all_masters', 'Manage Master Data', 'Manage Master Data', NULL, 'view,add,edit,delete', '2023-01-06 11:54:53', '2023-01-06 11:54:53'),
(20, 0, 'forms', 'Manage Forms', 'Manage Forms', NULL, 'view,add,edit,delete', '2023-01-11 14:51:30', '2023-01-11 14:51:30'),
(21, 0, 'downloads', 'Manage Footer Menu / Other', 'Manage Footer Menu / Other', NULL, 'view,add,edit,delete', '2023-01-06 16:56:39', '2023-01-06 16:56:39'),
(22, 0, 'roles', 'Manage Roles', 'Manage Roles', NULL, 'view,add,edit,delete', '2023-01-06 17:04:50', '2023-01-06 17:04:50');
COMMIT;

INSERT INTO `roles` (`id`, `name`, `display_name`, `description`, `permissions`, `created_by`, `updated_by`, `created_at`, `updated_at`) VALUES
(1, 'Admin', 'Admin', 'Admin', NULL, NULL, NULL, NULL, NULL);
COMMIT;

INSERT INTO `admins` (`id`, `role_id`, `name`, `username`, `email`, `password`, `remember_token`, `phone`, `address`, `otp`, `otp_expiry_time`, `status`, `created_at`, `updated_at`) VALUES
(1, 1, 'Admin', 'admin', 'admin@indiaint.com', '$2y$10$PdPLy9ePM/BDGALfQ8QHE.RkyVTnwwIk.iVCxVRhljg0C.beHF1sy', 'yJP0UuR7Jm5PTF9PZVOHQxvQLPOJt3JuDEKPWQbvyIVxlwHulnsDaoNlWSx8', NULL, NULL, '23444', '2023-02-23 16:55:00', 1, '2019-01-07 11:44:06', '2023-02-23 16:45:00');
COMMIT;

INSERT INTO `website_settings` (`id`, `type`, `label`, `name`, `value`, `old_value`, `field_type`, `css_class`, `created_by`, `updated_by`, `sort_order`, `status`, `created_at`, `updated_at`) VALUES
(1, 'website', 'Category Image Height', 'CATEGORY_IMG_HEIGHT', '1000', '768', 'textarea', 'cat_img', 0, 0, 0, 1, '2019-01-07 16:50:41', '2022-10-22 18:20:18'),
(2, 'website', 'Category Image Width', 'CATEGORY_IMG_WIDTH', '1000', '768', 'text', NULL, 0, 0, 0, 1, '2019-01-07 16:50:41', '2022-10-22 18:20:30'),
(3, 'website', 'Category Thumb Width', 'CATEGORY_THUMB_WIDTH', '1000', '336', 'text', NULL, 0, 0, 0, 1, '2019-01-07 16:50:41', '2022-10-22 18:20:05'),
(4, 'website', 'Category Thumb Height', 'CATEGORY_THUMB_HEIGHT', '1000', '336', 'text', NULL, 0, 0, 0, 1, '2019-01-07 16:50:41', '2022-10-22 18:20:12'),
(5, 'website', 'Banner Image Height', 'BANNER_IMG_HEIGHT', '2000', '0', 'text', NULL, 0, 0, 0, 1, '2019-01-07 16:50:41', '2019-09-06 12:48:07'),
(6, 'website', 'Banner Image Width', 'BANNER_IMG_WIDTH', '2000', NULL, 'text', NULL, 0, 0, 0, 1, '2019-01-07 16:50:41', '2022-01-18 11:43:04'),
(7, 'website', 'Banner Thumb Width', 'BANNER_THUMB_WIDTH', '336', '336', 'text', NULL, 0, 0, 0, 1, '2019-01-07 16:50:41', '2019-01-07 16:50:41'),
(8, 'website', 'Banner Thumb Height', 'BANNER_THUMB_HEIGHT', '336', '336', 'text', NULL, 0, 0, 0, 1, '2019-01-07 16:50:41', '2019-01-07 16:50:41'),
(9, 'website', 'Admin Email', 'ADMIN_EMAIL', 'samizaidi@ehostinguk.com', 'pradeep.kumar@ehostinguk.com', 'text', NULL, 0, 0, 0, 1, '2019-02-15 12:54:00', '2023-02-23 16:11:00'),
(10, 'website', 'Blog Image Height', 'BLOG_IMG_HEIGHT', '1000', '768', 'text', NULL, 0, 0, 0, 1, '2019-06-11 16:50:41', '2022-10-17 15:27:46'),
(11, 'website', 'Blog Image Width', 'BLOG_IMG_WIDTH', '1000', '992', 'text', NULL, 0, 0, 0, 1, '2019-06-11 16:50:41', '2022-10-17 15:27:55'),
(12, 'website', 'Blog Thumb Width', 'BLOG_THUMB_WIDTH', '1000', '768', 'text', NULL, 0, 0, 0, 1, '2019-06-11 16:50:41', '2022-10-17 15:28:07'),
(13, 'website', 'Blog Thumb Height', 'BLOG_THUMB_HEIGHT', '1000', '336', 'text', NULL, 0, 0, 0, 1, '2019-06-11 16:50:41', '2022-10-17 15:28:15'),
(14, 'website', 'Footer Text', 'FOOTER_TEXT', NULL, '<p>Slumber Jill is a lounge wear brand launched in August 2013 by Francis Wacziarg Fashion Private Limited, a part of the Francis Wacziarg Group.</p>', 'text', NULL, 0, 0, 0, 1, '2019-06-20 17:20:41', '2022-05-16 12:01:03'),
(15, 'website', 'Footer Contact Details', 'FOOTER_CONTACT_DETAILS', NULL, '<p><i class=\"mapicon\"></i>FRANCIS WACZIARG FASHION PRIVATE LIMITED <br>\r\n          No.7, KRG Thottam, Serangadu, <br>Chandrapuram Main Road, KNP Colony Post, <br>Tirupur - 641 608, Tamil Nadu, India  </p>\r\n        <p><i class=\"phoneicon\"></i> <a href=\"tel:94437 26891\"><i class=\"fa fa-phone\"></i> +91 421 4310900 / 94437 26891</a></p> \r\n        <p><i class=\"mailicon\"></i> <a href=\"mailto:slumberjill@fwacziarg.com\"><i class=\"fa fa-envelope-o\"></i> slumberjill@fwacziarg.com</a></p>', 'text', NULL, 0, 0, 0, 1, '2019-06-20 17:20:41', '2022-05-16 12:02:12'),
(16, 'website', 'Footer Bottom', 'FOOTER_BOTTOM', NULL, '<div class=\"container\">\r\n      <div class=\"paysec\">\r\n         <i class=\"payimg\"></i>\r\n      </div> \r\n      <div class=\"sslsec\">\r\n         <i class=\"sslicon\"></i>\r\n      </div> \r\n      <div class=\"ficons\">\r\n         <ul>\r\n          <li><i class=\"originalicon\"></i> <span>100% ORIGINAL <small>products</small></span></li>\r\n           <li><i class=\"returenicon\"></i> <span>Return within 15 days <small>of receiving your order</small></span></li>\r\n           <li><i class=\"deliveryicon\"></i> <span>Get free delivery <small>for every order above Rs.1000/-</small></span></li>\r\n        </ul>\r\n      </div>\r\n    </div>', 'text', NULL, 0, 0, 0, 1, '2019-06-20 17:20:41', '2022-05-16 12:02:20'),
(17, 'website', 'Common Image Height', 'COMMON_IMG_HEIGHT', '640', '400', 'text', NULL, 0, 0, 0, 1, '2019-07-31 16:52:41', '2019-07-31 16:52:41'),
(18, 'website', 'Common Image Width', 'COMMON_IMG_WIDTH', '1600', '1600', 'text', NULL, 0, 0, 0, 1, '2019-07-31 16:50:41', '2019-07-31 16:50:41'),
(19, 'website', 'Common Thumb Height', 'COMMON_THUMB_HEIGHT', '338', '336', 'text', NULL, 0, 0, 0, 1, '2019-07-31 16:50:41', '2022-05-30 15:21:24'),
(20, 'website', 'Common Thumb Width', 'COMMON_THUMB_WIDTH', '336', '336', 'text', NULL, 0, 0, 0, 1, '2019-07-31 16:50:41', '2019-07-31 16:50:41'),
(21, 'website', 'Frontend Logo', 'FRONTEND_LOGO', '080223040609-overland_logo.jpg', '080223040416-overland_logo.jpg', 'file', NULL, 0, 0, 0, NULL, '2019-08-05 12:57:24', '2023-02-08 16:06:09'),
(22, 'website', 'Site Phone', 'SITE_PHONE', '<div class=\"footer_add\">\r\n                          <p class=\"text-lg\">Ticket Booking or Enquiry:</p>\r\n                          <a href=\"tel:+91 8491947052\">+91 8491947052</a> / \r\n                          <a href=\"tel:+91 8491947053\"> 8491947053</a>\r\n                        </div>', '+91 956 043 3318', 'text', NULL, 0, 0, 0, NULL, '2019-08-05 13:05:15', '2023-02-08 17:26:50'),
(23, 'website', 'Site Email', 'SITE_EMAIL', '<a href=\"mailto:info@overlandescape.com\">info@overlandescape.com</a>', 'info@grandindiatour.com', 'text', NULL, 0, 0, 0, NULL, '2019-08-05 13:05:46', '2023-02-08 17:25:48'),
(24, 'website', 'Site Address', 'SITE_ADDRESS', '<p class=\"text-base\">Skara Main Road, Skara Yokma, <br>Leh, 194101, Ladakh, India</p>', 'Alliance Tower, 112, B Block Rd, Sector 64, Noida, Uttar Pradesh 201301', 'text', NULL, 0, 0, 0, NULL, '2019-08-05 13:12:49', '2023-02-08 17:25:25'),
(25, 'social_links', 'Facebook', 'FACEBOOK', 'https://www.facebook.com/aboutgrandindiatour', 'https://www.facebook.com/grandindiatour', 'text', NULL, 0, 0, 0, NULL, '2019-08-05 13:43:19', '2022-11-24 11:34:30'),
(26, 'social_links', 'Twitter', 'TWITTER', 'https://www.twitter.com', 'javascript:void(0);', 'text', NULL, 0, 0, 0, NULL, '2019-08-05 13:44:01', '2022-05-23 17:12:54'),
(27, 'social_links', 'Linkedin', 'LINKEDIN', 'https://www.linkedin.com', 'javascript:void(0);', 'text', NULL, 0, 0, 0, NULL, '2019-08-05 13:44:46', '2022-05-23 17:13:11'),
(28, 'social_links', 'Instagram', 'INSTAGRAM', 'https://www.instagram.com', 'javascript:void(0);', 'text', NULL, 0, 0, 0, NULL, '2019-08-05 13:45:15', '2022-05-23 17:13:24'),
(29, 'website', 'Testimonial Image Height', 'TESTIMONIAL_IMG_HEIGHT', '768', '768', 'text', NULL, 0, 0, 0, 1, '2019-06-08 13:07:41', '2019-06-08 13:07:41'),
(30, 'website', 'Testimonial Image Width', 'TESTIMONIAL_IMG_WIDTH', '768', '768', 'text', NULL, 0, 0, 0, 1, '2019-06-08 13:07:41', '2019-06-08 13:07:41'),
(31, 'website', 'Testimonial Thumb Width', 'TESTIMONIAL_THUMB_WIDTH', '336', '336', 'text', NULL, 0, 0, 0, 1, '2019-06-08 13:07:41', '2019-06-08 13:07:41'),
(32, 'website', 'Testimonial Thumb Height', 'TESTIMONIAL_THUMB_HEIGHT', '336', '336', 'text', NULL, 0, 0, 0, 1, '2019-06-08 13:07:41', '2019-06-08 13:07:41'),
(33, 'website', 'CMS Image Height', 'CMS_IMG_HEIGHT', '768', '768', 'text', NULL, 0, 0, 0, 1, '2019-06-08 13:07:41', '2019-08-06 17:59:16'),
(34, 'website', 'CMS Image Width', 'CMS_IMG_WIDTH', '1920', '768', 'text', NULL, 0, 0, 0, 1, '2019-06-08 13:07:41', '2022-06-22 13:32:47'),
(35, 'website', 'CMS Thumb Width', 'CMS_THUMB_WIDTH', '336', '1100', 'text', NULL, 0, 0, 0, 1, '2019-06-08 13:07:41', '2022-06-22 13:56:43'),
(36, 'website', 'CMS Thumb Height', 'CMS_THUMB_HEIGHT', '336', '500', 'text', NULL, 0, 0, 0, 1, '2019-06-08 13:07:41', '2022-06-22 13:56:55'),
(37, 'seo', 'Meta Title', 'META_TITLE', 'Grand India Tour', 'Yangphel', 'text', NULL, 0, 0, 0, NULL, '2019-08-22 12:57:21', '2022-11-23 16:58:24'),
(38, 'seo', 'Meta Description', 'META_DESCRIPTION', 'Grand India Tour Description', 'Yangphel Description', 'text', NULL, 0, 0, 0, NULL, '2019-08-22 12:58:22', '2022-11-23 16:58:31'),
(39, 'website', 'RECAPTCHA_SITE_KEY', 'RECAPTCHA_SITE_KEY', '6LfwqEAjAAAAANrSnm12x0BsZF6ZVqRYsTUHUA_b', '6Le3Ei0gAAAAABjcNjdKa9oPaNZL9em6PdfQX7I9', 'text', NULL, 0, 0, 0, NULL, '2021-08-25 15:20:57', '2022-11-29 12:31:45'),
(40, 'website', 'RECAPTCHA_SECRET_KEY', 'RECAPTCHA_SECRET_KEY', '6LfwqEAjAAAAAPzDvk89Plz-OZRtCZwvtf7aATmo', '6Le3Ei0gAAAAAMJK0rbJry3p1Ai2hWBMocbf_lQB', 'text', NULL, 0, 0, 0, NULL, '2021-08-25 17:11:00', '2022-11-29 12:32:07'),
(41, 'website', 'Package Image Height', 'PACKAGE_IMG_HEIGHT', '600', '400', 'text', NULL, 0, 0, 0, 1, '2019-07-31 16:52:41', '2019-07-31 16:52:41'),
(42, 'website', 'Package Image Width', 'PACKAGE_IMG_WIDTH', '1900', '1600', 'text', NULL, 0, 0, 0, 1, '2019-07-31 16:50:41', '2019-07-31 16:50:41'),
(43, 'website', 'Package Thumb Height', 'PACKAGE_THUMB_HEIGHT', '400', '300', 'text', NULL, 0, 0, 0, 1, '2019-07-31 16:50:41', '2022-07-27 10:59:25'),
(44, 'website', 'PACKAGE Thumb Width', 'PACKAGE_THUMB_WIDTH', '400', '300', 'text', NULL, 0, 0, 0, 1, '2019-07-31 16:50:41', '2022-07-27 10:59:35'),
(45, 'website', 'Whatsapp No. 1', 'WHATSAPP1', '9599442952', '(+975)17111331', 'text', NULL, 0, 0, 0, NULL, '2022-05-16 12:06:02', '2022-11-23 11:55:03'),
(46, 'website', 'Whatsapp No. 2', 'WHATSAPP2', NULL, '(+975)17111563', 'text', NULL, 0, 0, 0, NULL, '2022-05-16 12:06:49', '2022-11-23 12:00:27'),
(47, 'website', 'Destination Image Height', 'DESTINATION_IMG_HEIGHT', '360', '', 'text', NULL, 0, 0, 0, NULL, '2022-07-28 11:15:29', '2022-07-28 11:15:29'),
(48, 'website', 'Destination Image Width', 'DESTINATION_IMG_WIDTH', '1440', '', 'text', NULL, 0, 0, 0, NULL, '2022-07-28 11:15:57', '2022-07-28 11:15:57'),
(49, 'website', 'Destination Thumb Height', 'DESTINATION_IMG_THUMB_HEIGHT', '400', NULL, 'text', NULL, 0, 0, 0, NULL, '2022-07-28 11:16:55', '2022-07-28 11:17:38'),
(50, 'website', 'Destination Thumb Width', 'DESTINATION_IMG_THUMB_WIDTH', '400', '', 'text', NULL, 0, 0, 0, NULL, '2022-07-28 11:17:17', '2022-07-28 11:17:17'),
(51, 'website', 'Bank Transfer', 'BANK_TRANSFER', 'Bank Name:-HDFC BANK,\r\nAccount Holder Name:-Pradeep kumar Sahu,\r\nAccount No:-50100499281031,\r\nIFSC CODE:-HDFC0009476', '', 'text', NULL, 0, 0, 0, NULL, '2022-09-16 16:05:20', '2022-09-16 16:05:20'),
(52, 'website', 'FRONT_PAGE_LIMIT', 'FRONT_PAGE_LIMIT', '9', '10', 'text', NULL, 0, 0, 0, NULL, '2022-10-19 13:07:20', '2022-10-19 13:32:31'),
(53, 'website', 'HTML_VALIDATION', 'HTML_VALIDATION', '1', '1', 'text', NULL, 0, 0, 0, NULL, '2022-12-14 12:29:45', '2022-12-14 15:03:40'),
(54, 'website', 'Package Inclusions', 'PACKAGE_INCLUSIONS', '<ul>\r\n <li class=\"faq_main active\">\r\n  <div class=\"faq_title heading6 \">Inclusions</div>\r\n\r\n <div class=\"faq_data\" style=\"\">\r\n <ul>\r\n    <li>Accommodation for 02 nights at Havelock Island with base category room as per hotel used.</li>\r\n    <li>Accommodation for 03 nights at Neil Island with base category room as per hotel used.</li>\r\n    <li>Accommodation for 01 nights at Port Blair with base category room as per hotel used.</li>\r\n   <li>Daily breakfast.</li>\r\n   <li>Elephant beach boat ticket inclusive.</li>\r\n    <li>All transfers by private AC car at Port Blair / Havelock Island/ Neil Island.</li>\r\n    <li>Entry &amp; Ferry tickets included to all mentioned places of sightseeing.</li>\r\n   <li>Inter &ndash; Island transfers by AC Luxury tourist ferry (Kindly note if the private ferry is not operating then the guests will be transferred by Govt. ferry)</li>\r\n   <li>Airport pickup / drop and Jetty pickup / drop wherever applicable.</li>\r\n   <li>Inclusive of all hotel taxes</li>\r\n </ul>\r\n </div>\r\n  </li>\r\n</ul>', '', 'text', NULL, 0, 0, 0, NULL, '2023-01-16 18:20:05', '2023-01-16 18:20:05'),
(55, 'website', 'Package Exclusions', 'PACKAGE_EXCLUSIONS', '<ul>\r\n <li class=\"faq_main active\">\r\n  <div class=\"faq_title heading6 \">Exclusions</div>\r\n\r\n <div class=\"faq_data\" style=\"\">\r\n <ul>\r\n    <li>Major meals not included (Lunch and Dinner).</li>\r\n   <li>Vehicle at disposal.</li>\r\n   <li>Any Extra excursions apart from the suggested itinerary.</li>\r\n   <li>Water sports activities apart from given in inclusions.</li>\r\n    <li>Airfare / Ship fare.</li>\r\n   <li>Any kind of personal expenses.</li>\r\n   <li>Room services, laundry, telephone charges.</li>\r\n   <li>From 15 Dec 2020 to 15 Jan 2021 some hotels take peak season surcharge, which will on extra as per the hotel on per night/per room basis.</li>\r\n    <li>Christmas eve, New year eve Gala Dinner, Valentine Day (14 Feb ) supplement cost will be extra on per person basis as per the hotel.</li>\r\n   <li>Any upgradation of Hotels/Room will be on extra cost.</li>\r\n    <li>Expenses occurred due to bad weather, natural calamity / flight or ferry cancellation, strike or any political unrest &ndash; has to be paid by the guest as per actual.</li>\r\n   <li>5% Gst will be extra on total cost.</li>\r\n  </ul>\r\n </div>\r\n  </li>\r\n</ul>', '', 'text', NULL, 0, 0, 0, NULL, '2023-01-16 18:20:37', '2023-01-16 18:20:37'),
(56, 'website', 'Package Payment Policy', 'PACKAGE_PAYMENT_POLICY', '<ul>\r\n <li class=\"faq_main active\">\r\n  <div class=\"faq_title heading6 \">Payment Policy</div>\r\n\r\n <div class=\"faq_data\" style=\"\">\r\n <ul>\r\n    <li>All bookings will be entertained by the company only after receiving a written confirmation mail by the client.</li>\r\n    <li>On receiving the confirmation mail, the company will start the pre booking process.</li>\r\n    <li>Company will block the Hotel rooms as mentioned in the package, purely on tentative basis for a cut off time period after which it will be released.</li>\r\n   <li>Bookings Confirmed only after Advance Payment, within the cut off time period.</li>\r\n   <li>Bookings will be held provisionally up to a pre-specified Cut - off date</li>\r\n   <li>Bookings Confirmed only after 50% Advance Payment, within the cut off time period.</li>\r\n   <li>Any hikes in Govt. taxes, the same would be charged accordingly over the above room rates/meals.</li>\r\n   <li>100% Payment has to be made to confirm the bookings before 30 days of Check-in.</li>\r\n    <li>Once we receive full payment against the Package booking then only, we will issue the Final Package Confirmation Voucher, which will be mandatory at the time of commencement of the tour by the Company Tour Manager on arrival of the client at Port Blair.</li>\r\n  </ul>\r\n </div>\r\n  </li>\r\n</ul>', '', 'text', NULL, 0, 0, 0, NULL, '2023-01-16 18:21:17', '2023-01-16 18:21:17'),
(57, 'website', 'Package Cancellation Policy', 'PACKAGE_CANCELLATION_POLICY', '<ul>\r\n <li class=\"faq_main active\">\r\n  <div class=\"faq_title heading6 \">Cancellation Policy</div>\r\n\r\n  <div class=\"faq_data\" style=\"\">\r\n <ul>\r\n    <li>Cancellation Received on or before 30 days, a 10% processing fee of the total package cost will be charged.</li>\r\n    <li>Cancellation between 20 days to 29 days -50% of refund of total package cost.</li>\r\n    <li>Cancellation less than 20 days of arrival or no show &ndash; No refund whatsoever the reason or Act of God.</li>\r\n    <li>No refund for booking made from 15 December to 15 January.</li>\r\n   <li>Cancellation charges for any type of transport ticket are applicable as per the rules of the concerned authority.</li>\r\n  </ul>\r\n </div>\r\n  </li>\r\n</ul>', '', 'text', NULL, 0, 0, 0, NULL, '2023-01-16 18:22:05', '2023-01-16 18:22:05'),
(58, 'website', 'Package Terms Conditions', 'PACKAGE_TERMS_CONDITIONS', '<ul>\r\n <li class=\"faq_main active\">\r\n  <div class=\"faq_title heading6 \">Terma and Conditions</div>\r\n\r\n <div class=\"faq_data\" style=\"\">\r\n <ul>\r\n    <li>The above price is valid till 31st March 2021.</li>\r\n   <li>Package quoted is not based on the availability of hotels. Only when we receive written confirmation mail for the package, hotels will be booked as per the availability at that point of time. Any changes in the rate depending on the availability have to be borne by the guest.</li>\r\n   <li>All the bookings are Confirmed with the hotel and issue of the ferry ticket for Port Blair/ Havelock Island and Neil Island after receiving a confirmation mail from the client with a Booking amount to be paid in our Bank account.</li>\r\n    <li>We have mentioned the indicative names of the Hotels for each tour. We reserve the right to change the same due to unavoidable circumstances. In that case we may provide alternative, similar accommodation for which we are not liable to pay any refund. We will not be responsible or liable in case of loss of property or life at the Hotel. Similarly, any damages caused to the hotel rooms during your stay, shall be payable by the Clients and the Company will not be liable for the same.</li>\r\n   <li>Vehicle will not at client disposal. Vehicle will be at client service as per the confirmed day wise and point to point itinerary. After completion of tour as per itinerary vehicle will be released. Additional charges for extra usage or sightseeing has to be paid.</li>\r\n   <li>Andaman &amp; Nicobar group of Islands are under restricted area, Personal identification is mandatory to carry on tour for Air Travel, Hotels for security reason like: election card, Driving License, Passport, Aadhar Card.</li>\r\n    <li>All Hotels have their fixed check in and checkout time. Early check in and late check &ndash; out subject to availability on extra cost as applicable by the particular hotels.</li>\r\n    <li>The menus are pre &ndash; set menus provided for breakfast/lunch/dinner on the tour as mentioned under each Tour itinerary and inclusions as printed in your voucher. The meals will be served either at restaurants of hotel of stay or the same could be arranged at local restaurants. The enroute meals or meals during excursions could be packed meals or served by enroute/local restaurants / dhabas. We cannot process a special meal nor do we guarantee the special diet to the customer. We however reserve the right to change the meal arrangement if circumstances make it necessary to do so. If a tour participant does not avail his/her meal in stipulated time; he/she has to avail the meal on his/her own arrangement and expenses. No claim can be made for the meal which he/she has missed and not utilized.</li>\r\n    <li>All Foreign nationals and Indian staying abroad holding passport of different country (PIO/OCI) needs to register themselves on arrival at Port Blair airport (immigration) which should have valid India visa or obtain RAP - Restricted Area Permit which is valid for 30days of stay in Andaman Islands.</li>\r\n    <li>Entry to all City tour point like Cellular jail and other Museum closes by 1600hrs and light n sound show is Open every day 1800hrs (Subjected to weather condition and some VVIP movement).</li>\r\n   <li>Ross &amp; North Bay remains closed on every Wednesdays.</li>\r\n   <li>Cellular Jail, Port Blair City Tour, Museums, Limestone Cave at Baratang Island, Jollybouy/Red Skin are closed on every Monday and National Holidays.</li>\r\n    <li>Ross and Smith Island boat trip at Diglipur are closed on every Sunday. and National Holidays.</li>\r\n   <li>Guests are advised not to keep valuables in the coach/vehicle while sightseeing. The Company shall not be responsible for loss of valuables from the coach / vehicle. If the coach / vehicle is accidentally or otherwise damaged by the Guest, she/he will be required to pay compensation for the same.</li>\r\n    <li>For the comfort and convenience of our passengers, we will sometimes reverse the direction, or slightly amend the itinerary. We will try to advise you of these amendments, prior to the start of the tour or on tour. In the event that a tour participant misses on any part of the sightseeing tour or any such tour due to delay on his part, he will not be entitled to claim refund of the same.</li>\r\n   <li>All the ferry service inland and inter-island may change schedule without prior notice due to weather conditions, technical snag, operational requirement or commercial. we do not owe any responsibility for the same, our liability is restricted to the face value of the tickets only.</li>\r\n   <li>In case of any unexpected bad weather Condition, Natural Calamity or due to any unavoidable circumstance if the ferry to Port Blair, Havelock, Neil or other island gets cancelled, some other alternative accommodation will be provided in Port Blair / Havelock, Neil Island or any other island. These additional night / Nights of accommodation in Port Blair Havelock/ Port Blair / Neil Island or any other island will be on direct payment basis by guest. The Client shall not hold &ldquo;The Company&rdquo; responsible for the same and no claim whatsoever can be made by the Client against The Company for refund or compensation.</li>\r\n    <li>Confirmation of Hotels and other services is subject to availability. If the above hotels are not available similar category hotels will be used.</li>\r\n    <li>Itinerary is subject to change.</li>\r\n    <li>The Company shall, in no circumstances whatsoever be liable to the client or any person traveling with him for any death, personal injury, sickness, accident, loss, delay, discomfort, increased expenses, consequential loss and/or damage or any kind of theft howsoever caused The temporary or permanent loss of or damage to baggage or personal effects howsoever caused including wilful negligence on the part of any person. Loss of baggage by the airlines / coach / Ferry. Overbooking of seats by the Ferry.</li>\r\n   <li>The Company shall, in no circumstances whatsoever be liable to the client or any person traveling with him for Failure on the part of Ferry to accommodate passengers despite having confirmed tickets or change of route. If in the event that the Client is booked on a particular ferry and the said Ferry is over booked/cancelled for whatever reason and the Client is not allowed/able to board the ferry, the Client shall not hold &ldquo;The Company&rdquo; responsible for the same and no claim whatsoever can be made by the Client against The Company for refund or compensation.</li>\r\n   <li>&ldquo;The Company&rdquo; shall not be responsible and / or liable for any damages caused to the Client due to reasons beyond the control of &ldquo;The Company&rdquo; (Force Majeure / Vis Majeure).</li>\r\n    <li>Mid &ndash;tour cancellation- yes you can cancel but the amount would be non-refundable.</li>\r\n   <li>If the tour or any part thereof cannot be conducted due to natural calamity, the Company shall not be responsible to give any refund to you.</li>\r\n   <li>It is clearly understood that there shall be no refund whatsoever if the Client does not or cannot utilize any of the services like hotels, sightseeing, rides, cruises, meals, entrance fees, optional tours etc. due to any reason whatsoever.</li>\r\n </ul>\r\n </div>\r\n  </li>\r\n</ul>', '', 'text', NULL, 0, 0, 0, NULL, '2023-01-16 18:22:37', '2023-01-16 18:22:37'),
(59, 'website', 'LEAD_SOURCE_GROUP_ID', 'LEAD_SOURCE_GROUP_ID', '1', '', 'text', NULL, 0, 0, 0, NULL, '2023-01-19 14:37:24', '2023-01-19 14:37:24'),
(60, 'website', 'LEAD_STATUS_GROUP_ID', 'LEAD_STATUS_GROUP_ID', '2', '', 'text', NULL, 0, 0, 0, NULL, '2023-01-19 14:37:51', '2023-01-19 14:37:51'),
(61, 'website', 'RATING_GROUP_ID', 'RATING_GROUP_ID', '3', '', 'text', NULL, 0, 0, 0, NULL, '2023-01-19 14:38:06', '2023-01-19 14:38:06'),
(62, 'website', 'FROM_EMAIL', 'FROM_EMAIL', 'aman@ehostinguk.com', '', 'text', NULL, 0, 0, 0, NULL, '2023-01-31 16:16:51', '2023-01-31 16:16:51'),
(63, 'website', 'BACKEND_USER_SESSION_TIMEOUT', 'BACKEND_USER_SESSION_TIMEOUT', '24', '5', 'text', NULL, 0, 0, 0, NULL, '2023-01-31 18:23:35', '2023-02-23 15:46:28'),
(64, 'website', 'FRONTEND_USER_SESSION_TIMEOUT', 'FRONTEND_USER_SESSION_TIMEOUT', '24', '', 'text', NULL, 0, 0, 0, NULL, '2023-01-31 18:23:46', '2023-02-23 15:46:31'),
(65, 'website', 'OTP_EXPIRE_TIME', 'OTP_EXPIRE_TIME', '10', '', 'text', NULL, 0, 0, 0, NULL, '2023-02-07 13:09:52', '2023-02-07 13:09:52'),
(66, 'website', 'BACKEND_LOGIN_DEVICE_RECOGNITION_IN_HOURS', 'BACKEND_LOGIN_DEVICE_RECOGNITION_IN_HOURS', '4', '', 'text', NULL, 0, 0, 0, NULL, '2023-02-07 13:10:07', '2023-02-07 13:10:07'),
(67, 'website', 'BACKEND_LOGIN_OTP_REQUIRED', 'BACKEND_LOGIN_OTP_REQUIRED', 'Yes', '', 'text', NULL, 0, 0, 0, NULL, '2023-02-07 16:14:01', '2023-02-07 16:14:01'),
(68, 'website', 'BACKEND_GMAIL_LOGIN_OTP_REQUIRED', 'BACKEND_GMAIL_LOGIN_OTP_REQUIRED', 'Yes', '', 'text', NULL, 0, 0, 0, NULL, '2023-02-07 16:14:18', '2023-02-07 16:14:18'),
(69, 'website', 'DEFAULT OTP', 'DEFAULT_OTP', '88888', '12345', 'text', NULL, 0, 0, 0, 1, '2023-01-05 12:56:38', '2023-02-08 15:53:49'),
(70, 'website', 'SITE_PHONE1', 'SITE_PHONE1', '<div class=\"footer_add\">\r\n                          <p class=\"text-lg\">Hotel Booking or Enquiry:</p>\r\n                          <a href=\"tel:+91 9858394405\">+91 9858394405</a> / \r\n                          <a href=\"tel:+91 8491947044\"> 8491947044</a>\r\n                        </div>', '', 'text', NULL, 0, 0, 0, NULL, '2023-02-08 17:27:21', '2023-02-08 17:27:21'),
(71, 'website', 'SITE_PHONE2', 'SITE_PHONE2', '<div class=\"footer_add\">\r\n                          <p class=\"text-lg\">Tour & Trek Booking or Enquiry: </p>\r\n                          <a href=\"tel:+ 91 8491947039\">8491947039</a> / \r\n                          <a href=\"tel:+ 8491947040\"> 8491947040</a>\r\n                        </div>', '', 'text', NULL, 0, 0, 0, NULL, '2023-02-08 17:27:56', '2023-02-08 17:27:56'),
(72, 'website', 'CONTACT_RESERVATION_OFFICE', 'CONTACT_RESERVATION_OFFICE', '<div class=\"w-2/5\">\r\n                    <h5 class=\"text-base font-semibold pb-1\">RESERVATION OFFICE:</h5>\r\n                    <h4 class=\"text-base font-semibold pb-1 theme_clr_text\">OVERLAND ESCAPE</h4>\r\n                    <p class=\"text-sm mb-3\">Skara Main Road, Skara Yokma <br>Leh, 194101, Ladakh, India</p>\r\n                    <p class=\"text-sm mb-3\"><strong>Ticket Booking or Enquiry:</strong> +91 8491947052 / 8491947053</p>\r\n                    <p class=\"text-sm mb-3\"><strong>Hotel Booking or Enquiry:</strong> +91 9858394405 / 8491947044</p>\r\n                    <p class=\"text-sm mb-3\"><strong>Tour &amp; Trek Booking or Enquiry:</strong> +91 8491947039 / 8491947040</p>\r\n                    <p class=\"text-sm\"><strong>Email:</strong>  <a href=\"mailto:info@overlandescape.com\">info@overlandescape.com</a> / <a href=\"mailto:overland.escape@gmail.com\">overland.escape@gmail.com</a></p>\r\n                    <!-- <p>Skara Main Road, Skara Yokma <br>Leh, 194101, Ladakh, India</p>\r\n                    <p><strong>Ph:</strong> +91 1982 252105 / +91 1982 252108</p>\r\n                    <p><strong>Mob:</strong>  +91 9858394400 </p>\r\n                    <p><strong>Email:</strong>  info@overlandescape.com / overland.escape@gmail.com</p> -->\r\n              </div>', '<div class=\"w-2/5\">\r\n                    <h5 class=\"text-base font-semibold pb-1\">RESERVATION OFFICE:</h5>\r\n                    <h4 class=\"text-base font-semibold pb-1 theme_clr_text\">OVERLAND ESCAPE</h4>\r\n                    <p class=\"text-sm mb-3\">Skara Main Road, Skara Yokma <br>Leh, 194101, Ladakh, India</p>\r\n                    <p class=\"text-sm mb-3\"><strong>Ticket Booking or Enquiry:</strong> +91 8491947052 / 8491947053</p>\r\n                    <p class=\"text-sm mb-3\"><strong>Hotel Booking or Enquiry:</strong> +91 9858394405 / 8491947044</p>\r\n                    <p class=\"text-sm mb-3\"><strong>Tour &amp; Trek Booking or Enquiry:</strong> +91 8491947039 / 8491947040</p>\r\n                    <p class=\"text-sm\"><strong>Email:</strong>  <a href=\"mailto:info@overlandescape.com\">info@overlandescape.com</a> / <a href=\"mailto:overland.escape@gmail.com\">overland.escape@gmail.com</a></p>\r\n                    <!-- <p>Skara Main Road, Skara Yokma <br>Leh, 194101, Ladakh, India</p>\r\n                    <p><strong>Ph:</strong> +91 1982 252105 / +91 1982 252108</p>\r\n                    <p><strong>Mob:</strong>  +91 9858394400 </p>\r\n                    <p><strong>Email:</strong>  info@overlandescape.com / overland.escape@gmail.com</p> -->\r\n              </div>', 'text', NULL, 0, 0, 0, NULL, '2023-02-09 15:57:52', '2023-02-09 15:58:33'),
(73, 'website', 'CONTACT_MAIN_OFFICE', 'CONTACT_MAIN_OFFICE', '<div class=\"w-2/5\">\r\n                    <h5 class=\"text-base font-semibold pb-1\">MAIN OFFICE:</h5>\r\n                    <h4 class=\"text-base font-semibold pb-1 theme_clr_text\">OVERLAND ESCAPE</h4>\r\n                    <p class=\"text-sm mb-3\">Raku Complex, Fort Road <br>Leh, 194101, Ladakh, India</p>\r\n                    <p class=\"text-sm mb-3\"><strong>Ticket Booking or Enquiry:</strong> +91 8491947052 / 8491947053</p>\r\n                    <p class=\"text-sm mb-3\"><strong>Hotel Booking or Enquiry:</strong> +91 9858394405 / 8491947044</p>\r\n                    <p class=\"text-sm mb-3\"><strong>Tour &amp; Trek Booking or Enquiry:</strong> +91 8491947039 / 8491947040</p>\r\n                    <p class=\"text-sm\"><strong>Email:</strong>  <a href=\"mailto:info@overlandescape.com\">info@overlandescape.com</a> / <a href=\"mailto:overland.escape@gmail.com\">overland.escape@gmail.com</a></p>\r\n                    <!-- <p>Skara Main Road, Skara Yokma <br>Leh, 194101, Ladakh, India</p>\r\n                    <p><strong>Ph:</strong> +91 1982 252105 / +91 1982 252108</p>\r\n                    <p><strong>Mob:</strong>  +91 9858394400 </p>\r\n                    <p><strong>Email:</strong>  info@overlandescape.com / overland.escape@gmail.com</p> -->\r\n              </div>', '', 'text', NULL, 0, 0, 0, NULL, '2023-02-09 15:58:57', '2023-02-09 15:58:57'),
(74, 'website', 'CONTACT_DELHI_OFFICE', 'CONTACT_DELHI_OFFICE', '<div class=\"w-2/5\">\r\n                    <h5 class=\"text-base font-semibold pb-1\">Delhi Office:</h5>\r\n                    <h4 class=\"text-base font-semibold pb-1 theme_clr_text\">OVERLAND ESCAPE</h4>\r\n                    <p class=\"text-sm mb-3\">251,252, Vardaman Crown Mall, <br>Sector 19 Dwarka , New Delhi -110075</p>\r\n                    <p class=\"text-sm mb-3\"><strong>Ph:</strong> +91 11 28041602 / 11 28043666</p>\r\n                    <p class=\"text-sm mb-3\"><strong>Mobile:</strong> +91 7888695142</p>\r\n                    <p class=\"text-sm\"><strong>Email:</strong>  <a href=\"mailto:roopa.bhardwaj@overlandescape.com\">roopa.bhardwaj@overlandescape.com</a> </p>\r\n                    <!-- <p>Skara Main Road, Skara Yokma <br>Leh, 194101, Ladakh, India</p>\r\n                    <p><strong>Ph:</strong> +91 1982 252105 / +91 1982 252108</p>\r\n                    <p><strong>Mob:</strong>  +91 9858394400 </p>\r\n                    <p><strong>Email:</strong>  info@overlandescape.com / overland.escape@gmail.com</p> -->\r\n              </div>', '', 'text', NULL, 0, 0, 0, NULL, '2023-02-09 15:59:43', '2023-02-09 15:59:43'),
(75, 'website', 'GOOGLE_TRANSLATOR_MANAGEMENT', 'GOOGLE_TRANSLATOR_MANAGEMENT', '1', '', 'text', NULL, 0, 0, 0, NULL, '2023-02-10 17:18:41', '2023-02-10 17:18:41'),
(76, 'website', 'ROBOT_TXT', 'ROBOT_TXT', '/', NULL, 'text', NULL, 0, 0, 0, NULL, '2023-02-23 16:02:39', '2023-02-23 16:02:39');
COMMIT;

INSERT INTO `email_templates` (`id`, `title`, `slug`, `subject`, `content`, `status`, `created_at`, `updated_at`) VALUES
(1, 'Admin Password Reset OTP 222', 'admin-password-reset-otp', 'Admin Password Reset OTP', '<p>Admin Password Reset OTP {otp}</p>', 1, '2023-02-07 13:12:46', '2023-02-07 13:13:06'),
(2, 'Admin Login OTP', 'admin-login-otp', 'Admin Login OTP', '<p>Admin Login OTP {otp}</p>', 1, '2023-02-07 15:28:23', '2023-02-07 15:28:23'),
(3, 'User Signup Otp', 'user-signup-otp', 'User Login OTP', '<p>User Login OTP {otp}</p>', 1, '2023-02-07 15:28:23', '2023-02-07 15:28:23'),
(4, 'Testimonial Email', 'testimonial-email', 'Testimonial Grand India Tour', '<meta charset=\"utf-8\">\r\n<title></title>\r\n<link href=\"https://fonts.googleapis.com/css?family=Roboto:100i,200,200i,300,300i,400,400i,500,500i,600,600i,700,700i,800,800i,900,900i\" rel=\"stylesheet\" />\r\n<link href=\"https://fonts.googleapis.com/css?family=Maven+Pro&amp;display=swap\" rel=\"stylesheet\" />\r\n<link href=\"https://cdnjs.cloudflare.com/ajax/libs/font-awesome/4.7.0/css/font-awesome.min.css\" rel=\"stylesheet\" type=\"text/css\" />\r\n<table border=\"0\" cellpadding=\"0\" cellspacing=\"0\" width=\"100%\">\r\n	<tbody>\r\n		<tr>\r\n			<td>\r\n			<table align=\"center\" bgcolor=\"#ffffff\" border=\"0\" cellpadding=\"0\" cellspacing=\"0\" style=\"border: 1px solid #ddd;\" width=\"800\">\r\n				<tbody>\r\n					<tr>\r\n						<td>\r\n						<table border=\"0\" cellpadding=\"0\" cellspacing=\"0\" width=\"100%\">\r\n							<tbody>\r\n								<tr>\r\n									<td colspan=\"2\" style=\"padding: 30px 0px 0 40px;\"><span style=\"font-size: 24px; color: #3f4041; font-family: \'Roboto\', sans-serif, Arial;\">Hello there!</span>\r\n									<p style=\"font-size: 16px; font-family: \'Roboto\', sans-serif, Arial; color: #51535c; line-height: 32px; margin-bottom: 0; margin-top: 10px;\">Your have an new testimonials , details given below:</p>\r\n									</td>\r\n								</tr>\r\n								<tr>\r\n									<td style=\"padding: 10px 0px 10px 40px;\">\r\n									<p style=\"color: #3a3a3c; font-size: 17px; font-weight: 400; font-family: Roboto; margin: 4px 0px;\"><strong>TItle : </strong> {title}</p>\r\n									</td>\r\n									<td style=\"padding: 10px 0px 10px 40px;\">\r\n									<p style=\"color: #3a3a3c; font-size: 17px; font-weight: 400; font-family: Roboto; margin: 4px 0px;\"><strong>Name : </strong> {name}</p>\r\n									</td>\r\n								</tr>\r\n								<tr>\r\n									<td style=\"padding: 10px 0px 10px 40px;\">\r\n									<p style=\"color: #3a3a3c; font-size: 17px; font-weight: 400; font-family: Roboto; margin: 4px 0px;\"><strong>Email : </strong> {email}</p>\r\n									</td>\r\n									<td style=\"padding: 10px 0px 10px 40px;\">\r\n									<p style=\"color: #3a3a3c; font-size: 17px; font-weight: 400; font-family: Roboto; margin: 4px 0px;\"><strong>Company Name : </strong> {company_name}</p>\r\n									</td>\r\n								</tr>\r\n								<tr>\r\n									<td style=\"padding: 10px 0px 10px 40px;\">\r\n									<p style=\"color: #3a3a3c; font-size: 17px; font-weight: 400; font-family: Roboto; margin: 4px 0px;\"><strong>Position in company: </strong> {position_in_company}</p>\r\n									</td>\r\n									<td style=\"padding: 10px 0px 10px 40px;\">\r\n									<p style=\"color: #3a3a3c; font-size: 17px; font-weight: 400; font-family: Roboto; margin: 4px 0px;\"><strong>Website: </strong> {website}</p>\r\n									</td>\r\n								</tr>\r\n								<tr>\r\n									<td style=\"padding: 10px 0px 10px 40px;\">\r\n									<p style=\"color: #3a3a3c; font-size: 17px; font-weight: 400; font-family: Roboto; margin: 4px 0px;\"><strong>Content : </strong> {description}</p>\r\n									</td>\r\n								</tr>\r\n							</tbody>\r\n						</table>\r\n						</td>\r\n					</tr>\r\n				</tbody>\r\n			</table>\r\n			</td>\r\n		</tr>\r\n	</tbody>\r\n</table>', 1, '2023-02-20 17:41:27', '2023-02-23 16:01:27');
COMMIT;

INSERT INTO `package_settings` (`id`, `slug`, `name`, `hide`, `status`, `created_at`, `updated_at`) VALUES
(1, 'hide_book_now', 'Hide Online Booking Option', 0, 1, '2023-02-01 18:07:08', '2023-02-02 10:28:38'),
(2, 'hide_price', 'Hide Package Price', 0, 1, '2023-02-01 18:10:16', '2023-02-01 18:10:16'),
(3, 'hide_duration', 'Hide Package Duration', 0, 1, '2023-02-01 18:10:25', '2023-02-01 18:10:25'),
(4, 'hide_accomodation', 'Hide Package Accommodation', 0, 1, '2023-02-01 18:10:32', '2023-02-01 18:10:32'),
(5, 'display_accommodation_type', 'Hide Package Accommodation Category', 0, 1, '2023-02-01 18:10:41', '2023-02-01 18:10:41'),
(6, 'hide_banner', 'Hide Banner', 0, 1, '2023-02-01 18:10:50', '2023-02-01 18:10:50'),
(7, 'hide_search_form', 'Hide Search Form', 0, 1, '2023-02-01 18:10:56', '2023-02-01 18:10:56'),
(8, 'hide_destination_from_itinerary', 'Hide Destination / City from itinerary', 0, 1, '2023-02-01 18:16:31', '2023-02-01 19:08:44');
COMMIT;

INSERT INTO `package_inclusion_lists` (`id`, `title`, `status`, `sort_order`, `created_at`, `updated_at`) VALUES
(1, 'Hotel', 1, 1, NULL, NULL),
(2, 'Meals', 1, 2, NULL, NULL),
(3, 'Flight', 1, 3, NULL, NULL),
(4, 'Activity', 1, 4, NULL, NULL),
(5, 'Transfers', 1, 5, NULL, NULL),
(6, 'Safari', 1, 6, NULL, NULL),
(7, 'Guide', 1, 7, NULL, NULL),
(8, 'Sports Activities', 1, 8, NULL, NULL),
(10, 'Sightseeing', 1, 10, NULL, NULL),
(11, 'Lunch', 1, 11, NULL, NULL),
(12, 'Ponies', 1, 12, NULL, NULL),
(13, 'Porter', 1, 13, NULL, NULL),
(14, 'Breakfast', 1, 14, NULL, NULL),
(15, 'Dinner', 1, 15, NULL, NULL),
(16, 'Camel Ride', 1, 16, NULL, NULL),
(17, 'Bike Mechanic', 1, 17, NULL, NULL),
(18, 'Bike', 1, 18, NULL, NULL),
(19, 'Cook', 1, 19, NULL, NULL),
(20, 'Wildlife Fees', 1, 20, NULL, NULL),
(21, 'Kitchen Equipment', 1, 21, NULL, NULL),
(22, 'Helper', 1, 22, NULL, NULL),
(23, 'Climbing Equipment', 1, 23, NULL, NULL),
(24, 'Horses', 1, 24, NULL, NULL),
(25, 'Monasteries', 1, 25, NULL, NULL),
(26, 'Temples', 1, 26, NULL, NULL),
(27, 'River Rafting', 1, 27, NULL, NULL),
(28, 'Rock Climbing', 1, 28, NULL, NULL),
(29, 'Hiking', 1, 29, NULL, NULL),
(30, 'Rappeling', 1, 30, NULL, NULL),
(31, 'Sleeping Bags', 1, 31, NULL, NULL),
(32, 'Wet Suites', 1, 32, NULL, NULL),
(33, 'English Speaking Guide', 1, 33, NULL, NULL),
(34, 'Hard Tail Mountain Bikes', 1, 34, NULL, NULL),
(35, 'Safety Helmet', 1, 35, NULL, NULL),
(36, 'Munchies (chocolates and nuts)', 1, 36, NULL, NULL),
(37, 'Mtb Technician', 1, 37, NULL, NULL),
(38, 'Backup Vehicles', 1, 38, NULL, NULL),
(39, 'Backup Vehicle', 1, 39, NULL, NULL),
(40, 'Permit', 1, 40, NULL, NULL),
(41, 'Oxygen Cylinder', 1, 41, NULL, NULL),
(42, 'Kayaking', 1, 42, NULL, NULL),
(43, 'Monument Entrances,', 1, 43, NULL, NULL),
(44, 'Permit', 1, 44, NULL, NULL),
(45, 'Shikara Ride', 1, 45, NULL, NULL),
(46, 'Transportation', 1, 46, NULL, NULL),
(47, 'Gondola Ride', 1, 47, NULL, NULL);
COMMIT;

INSERT INTO `price_categories` (`id`, `name`, `status`, `created_at`, `updated_at`) VALUES
(8, 'Package Price', 1, '2017-02-01 16:18:39', '2017-03-21 16:24:22'),
(12, 'Trekking', 1, '2017-02-13 15:22:07', '2017-02-17 12:02:20'),
(23, 'New_Price', 1, '2017-04-11 15:08:41', '2023-02-22 17:30:04'),
(24, 'Bike Tour', 1, '2017-04-21 16:35:04', '2020-03-13 19:10:51'),
(26, 'Cycling Tour', 1, '2017-05-06 11:59:12', '2017-05-06 11:59:12'),
(27, 'Rafting', 1, '2017-06-07 16:15:42', '2017-06-07 16:15:42'),
(28, 'New_Price_Child', 1, '2018-12-20 16:18:01', '2019-12-11 18:43:27'),
(29, 'Activity', 1, '2019-05-06 11:58:03', '2019-05-06 11:58:03'),
(30, 'Bike tour FITS', 1, '2020-03-28 16:17:27', '2020-03-28 16:19:29');
COMMIT;

INSERT INTO `price_category_elements` (`id`, `pc_id`, `price_label`, `input_label`, `input_type`, `input_choices`, `status`, `created_at`) VALUES
(9, 8, '1 Pax', '.', 'select', '[\"1\",\"2\",\"3\",\"4\",\"5\",\"6\"]', 1, '2017-03-21 16:24:22'),
(10, 8, '2 Pax', '.', 'select', '[\"2\",\"4\",\"6\"]', 1, '2017-03-21 16:24:22'),
(11, 8, '4 Pax', '.', 'select', '[\"2\",\"4\",\"6\"]', 1, '2017-03-21 16:24:22'),
(12, 8, '6 Pax', '.', 'select', '[\"2\",\"4\",\"6\"]', 1, '2017-03-21 16:24:22'),
(13, 8, '6 Pax', '.', 'select', '[\"2\",\"4\",\"6\"]', 1, '2017-03-21 16:24:22'),
(20, 12, 'No.Of Trekker', 'No.Of Trekker', 'select', '[\"1\",\"2\",\"3\",\"4\",\"5\",\"6\"]', 1, '2017-02-17 12:02:20'),
(34, 8, '8 Pax', '.', 'select', '[\"2\",\"4\",\"6\"]', 1, '2017-03-21 16:24:22'),
(35, 8, '10 Pax', '.', 'select', '[\"2\",\"4\",\"6\"]', 1, '2017-03-21 16:24:22'),
(36, 8, 'Extra Bed', '.', 'select', '[\"2\",\"4\",\"6\"]', 1, '2017-03-21 16:24:22'),
(37, 8, 'Child W/O Extra Bed', '.', 'select', '[\"2\",\"4\",\"6\"]', 1, '2017-03-21 16:24:22'),
(49, 23, 'Cost Per Person', 'Cost Per Person', 'select', '[\"0\",\"1\",\"2\",\"4\",\"6\"]', 1, '2020-04-08 16:14:24'),
(50, 23, 'Extra Bed', 'Extra Bed', 'select', '[\"0\",\"1\",\"2\",\"3\",\"4\",\"5\",\"6\"]', 1, '2020-04-08 16:14:24'),
(51, 23, 'W/o Extra Bed', 'W/o Extra Bed', 'select', '[\"0\",\"1\",\"2\",\"3\",\"4\",\"5\",\"6\"]', 1, '2020-04-08 16:14:24'),
(52, 23, 'Single Supplementary', 'Single Supplementary', 'select', '[\"0\",\"1\",\"2\",\"3\",\"4\",\"5\",\"6\"]', 1, '2020-04-08 16:14:24'),
(53, 24, 'Cost Per Person', 'Cost Per Person', 'select', '[\"1\",\"2\",\"3\",\"4\",\"5\",\"6\"]', 1, '2020-03-13 19:10:51'),
(54, 24, 'Pillion Rider', 'Pillion Rider', 'select', '[\"0\",\"1\",\"2\",\"3\",\"4\",\"5\",\"6\"]', 1, '2020-03-13 19:10:51'),
(55, 24, 'Extra bed', 'Extra bed', 'select', '[\"0\",\"1\",\"2\",\"3\",\"4\",\"5\",\"6\"]', 1, '2020-03-13 19:10:51'),
(57, 26, 'No. of Mountain Bikers', 'No. of Mountain Bikers', 'select', '[\"1\",\"2\",\"3\",\"4\",\"5\",\"6\"]', 1, '2017-05-06 11:59:12'),
(58, 26, 'Single Supplementary', 'Single Supplementary', 'select', '[\"1\",\"2\",\"3\",\"4\",\"5\",\"6\"]', 1, '2017-05-06 11:59:12'),
(59, 27, 'No. of Rafters', 'No. of Rafters', 'select', '[\"1\",\"2\",\"3\",\"4\",\"5\",\"6\"]', 1, '2017-06-07 16:15:42'),
(60, 28, 'Single Sharing', 'Single Sharing', 'select', '[\"0\",\"1\",\"2\",\"3\",\"4\",\"5\",\"6\"]', 1, '2019-12-11 18:43:27'),
(61, 28, 'Extra Bed', 'Extra Bed', 'select', '[\"0\",\"1\",\"2\",\"3\",\"4\",\"5\",\"6\"]', 1, '2019-12-11 18:43:27'),
(62, 28, 'W/o Extra Bed', 'W/o Extra Bed', 'select', '[\"0\",\"1\",\"2\",\"3\",\"4\",\"5\",\"6\"]', 1, '2019-12-11 18:43:27'),
(65, 29, 'Adult', 'Adult', 'select', '[\"1\",\"2\",\"3\",\"4\",\"5\",\"6\",\"7\",\"8\"]', 1, '2019-05-06 11:58:03'),
(66, 29, 'Child', 'Child', 'select', '[\"0\",\"1\",\"2\",\"3\",\"4\",\"5\"]', 1, '2019-05-06 11:58:03'),
(67, 29, 'Infant', 'Infant', 'select', '[\"0\",\"1\",\"2\",\"3\",\"4\",\"5\"]', 1, '2019-05-06 11:58:03'),
(68, 28, 'Twin Sharing Basis', 'Twin Sharing Basis', 'select', '[\"0\",\"1\",\"2\",\"3\",\"4\",\"5\",\"6\"]', 1, '2019-12-11 18:43:27'),
(69, 28, 'Child 2-5 years', 'Child 2-5 years', 'select', '[\"0\",\"1\",\"2\",\"3\",\"4\",\"5\",\"6\"]', 1, '2019-12-11 18:43:27'),
(70, 30, 'Cost of sharing basis', 'Cost of sharing basis', 'select', '[\"0\",\"1\",\"2\",\"3\",\"4\",\"5\",\"6\"]', 1, '2020-03-28 16:19:29'),
(71, 30, 'Bike supplementary', 'Bike supplementary', 'select', '[\"0\",\"1\",\"2\",\"3\",\"4\",\"5\",\"6\"]', 1, '2020-03-28 16:19:29'),
(72, 30, 'Room supplementary', 'Room supplementary.', 'select', '[\"0\",\"1\",\"2\",\"3\",\"4\",\"5\",\"6\"]', 1, '2020-03-28 16:19:29');
COMMIT;

INSERT INTO `blog_categories` (`id`, `type`, `parent_id`, `name`, `slug`, `sort_order`, `status`, `hot_categories`, `content`, `meta_title`, `meta_keyword`, `meta_description`, `is_deleted`, `created_at`, `updated_at`) VALUES
(1, NULL, 0, 'Moto Tour', 'moto-tour', 0, 1, 1, 'Moto Tour', 'Moto Tour', 'Moto Tour', 'Moto Tour', 0, '2017-01-07 16:18:04', NULL),
(2, NULL, 0, 'Road Trip', 'road-trip', 0, 1, 1, 'Road Trip', 'Road Trip', 'Road Trip', 'Road Trip', 0, '2017-01-07 16:18:31', NULL),
(3, NULL, 0, 'Rafting', 'rafting', 0, 1, 1, 'Rafting', 'Rafting', 'Rafting', 'Rafting', 0, '2017-01-07 16:18:54', NULL),
(4, NULL, 0, 'new cat', 'new-cat', 0, 1, 0, '', '', '', '', 1, '2017-03-16 11:42:20', '2017-05-22 16:40:08'),
(5, NULL, 0, 'Adventure', 'adventure', 0, 1, 0, 'Adventure In Ladakh, Explore its Culture, Explore its landscape, Know its people and enrich your mind.', '', '', '', 0, '2017-05-24 15:46:09', NULL),
(6, NULL, 0, 'Festival', 'festival', 0, 1, 0, '', '', '', '', 0, '2017-07-10 10:54:25', NULL),
(7, NULL, 0, 'Information', 'information', 0, 1, 0, '', '', '', '', 0, '2018-03-02 15:49:36', '2019-01-19 15:06:28'),
(8, NULL, 0, 'Culture', 'culture', 0, 1, 0, '', '', '', '', 0, '2018-12-27 11:00:47', NULL),
(9, NULL, 0, 'Place', 'place', 0, 1, 0, '', '', '', '', 0, '2019-01-02 12:02:02', NULL),
(10, NULL, 0, 'Interview Profile', 'interview-profile', 0, 1, 0, 'Interview Profile', '', '', '', 0, '2019-01-18 15:36:24', NULL);
COMMIT;

INSERT INTO `package_types` (`id`, `package_type`, `status`, `created_at`, `updated_at`) VALUES
(2, 'Business Tour', 1, '2023-02-14 18:00:00', '2023-02-14 18:00:00'),
(3, 'Honymoon Tour', 1, '2023-02-14 18:00:00', '2023-02-14 18:00:00'),
(4, 'Adventure Tour', 1, '2023-02-14 18:00:00', '2023-02-14 18:00:00'),
(5, 'Weekend Getaway', 1, '2023-02-14 18:00:00', '2023-02-14 18:00:00'),
(6, 'Family Tour', 1, '2023-02-14 18:00:00', '2023-02-14 18:00:00'),
(7, 'Beach Tour', 1, '2023-02-14 18:00:00', '2023-02-14 18:00:00'),
(8, 'Holiday Package', 1, '2023-02-14 18:00:00', '2023-02-14 18:00:00'),
(9, 'Bike Tour', 1, '2023-02-14 18:00:00', '2023-02-14 18:00:00'),
(10, 'Cultural Tour', 1, '2023-02-14 18:00:00', '2023-02-14 18:00:00'),
(11, 'River Rafting', 1, '2023-02-14 18:00:00', '2023-02-14 18:00:00'),
(12, 'Wildlife Tour', 1, '2023-02-14 18:00:00', '2023-02-14 18:00:00'),
(13, 'Cleaning Trek', 1, '2023-02-14 18:00:00', '2023-02-14 18:00:00');
COMMIT;

INSERT INTO `themes` (`id`, `parent_id`, `title`, `slug`, `brief`, `description`, `image`, `icon`, `page_title`, `page_description`, `page_keywords`, `sort_order`, `status`, `is_deleted`, `featured`, `created_at`, `updated_at`) VALUES
(7, 0, 'Wildlife Safari', 'wildlife-safari', '', '<p>a<br></p>', '617fdcce614d8187_snowleopard.jpg', '', 'Wildlife Safari Packages in Ladakh, Wildlife Tour in Ladakh, Leh Ladakh Wildlife Tour Package, Wildlife in Himalaya', 'Overland Escape offers tailor made Wildlife Safari Packages in Ladakh, Leh Ladakh Wildlife Tour Package. With our packages of Wildlife Tour in Ladakh explore the Wildlife in Himalayan region', 'Wildlife Safari Packages in Ladakh, Wildlife Tour in Ladakh, Leh Ladakh Wildlife Tour Package,Wildlife in Himalaya, Wildlife Tour Package in Ladakh', 5, 1, 0, 1, '2017-02-07 13:26:08', '2021-11-01 17:55:50'),
(8, 0, 'White Water Rafting', 'white-water-rafting', '', 'River Rafting gives you a thrilling experience and the opportunity to play with the cool Himalayan water, feeling the magic of the currents as well as an opportunity to enjoy the natural beauty of the surroundings. We organise river rafting ranging in difficulty from grades I to V.', '6180c7d1e1e02113_river_rafting.jpeg', '', 'White Water Rafting in Ladakh, River Rafting in Ladakh, Ladakh River Rafting Tours', 'We offer River Rafting tour packages in Himalayas region. Enjoy White Water Rafting in Ladakh, River Rafting in Ladakh, Rafting Tours in Ladakh, River Rafting in Himalayas Tour packages with our professional team', 'White Water Rafting in Ladakh, River Rafting in Ladakh, Ladakh River Rafting, Ladakh River Rafting Tours, River Rafting in Himalayas, River Rafting India, River Rafting in Leh Ladakh', 4, 1, 0, 1, '2017-02-07 16:05:18', '2021-11-02 10:38:33'),
(9, 0, 'Trekking and Hiking', 'trekking-and-hiking', '', 'We at Overland Escape provide you with wide range of trekking options based on your budget and physical strength. From easy treks for the first time trekkers, moderate treks for those with some experience and strenuous treks for the seasoned ones. It can also vary from a single day trek to a month long trek. Our trekking crew comprises of experienced and professional members who will assist you during the trek to assure a safe as well as memorable adventure trekking experience', '617fdfe094cb4126_mount06.jpg', '', 'Hiking & Trekking in Ladakh, Leh Ladakh Trekking Tours, Ladakh Trekking Tour Packages', 'We organize tailor made Ladakh Hiking &amp;amp;amp;amp;amp; Trekking in Ladakh, Trekking Tour Packages, Leh Ladakh Trekking &amp;amp;amp;amp;amp; Hiking Packages, Hiking in Ladakh, Hiking Tours in Ladakh, Hiking in Himalaya, Trekking &amp;amp;amp;amp;amp;', 'Hiking &amp;amp;amp;amp;amp; Trekking in Ladakh, Ladakh Trekking Tour Packages, Leh Ladakh Trekking &amp;amp;amp;amp;amp; Hiking Packages, Hiking in Ladakh, Hiking Tours in Ladakh, Hiking in Himalaya, Trekking &amp;amp;amp;amp;amp; Hiking tour packages in', 3, 1, 0, 1, '2017-02-08 13:07:44', '2021-11-01 18:08:56'),
(10, 0, 'Mountaineering', 'mountaineering', '', 'All kinds of mountaineering expeditions are handled from climbing peaks and expeditions above 7000 m in India and Nepal. Over the years we have organized several mountain expeditions in Himalaya and we are well supported by experienced and professional staff.', '617fdfabbc30e187_mount05.jpg', '', 'Mountaineering in Ladakh,Mountain Climbing in Ladakh,Mountaineering Tour in Indian Himalaya', 'We offer Mountaineering Tour Package in Indian Himalayan region. Mountaineering in Ladakh, Mountain Climbing in Ladakh Tour package is the great way to explore the beauty of Indian Himalaya', 'Mountaineering in Ladakh, Mountaineering in India, Mountain Climbing in Ladakh, Mountaineering Tour in Indian Himalaya, Mountaineering Tour in Ladakh, Mountaineering Tour in India', 6, 1, 0, 1, '2017-02-08 13:09:02', '2021-11-01 18:08:03'),
(11, 0, 'Winter Treks & Tours', 'winter-treks-tours', '', '', '5a81596cebc7b170_dsc_1793_jpg400-winter-trek.jpg', '', '', '', '', 7, 0, 0, 0, '2017-02-08 13:10:27', '2018-04-13 13:15:15'),
(12, 0, 'Holiday Package', 'holiday-package', '', '', '6180db5ee4626147_family_01.jpg', '', 'Best Holiday Packages in Ladakh, Tour Packages of Ladakh, Leh Ladakh Tour Packages', 'Overland Escape offers Best Holiday Packages in Ladakh India, Tour Packages of Ladakh, Leh Ladakh Tour Packages, Best Tour Packages in Leh Ladakh, India  at the attractive price', 'Best Holiday Packages in Ladakh, Tour Packages of Ladakh, Leh Ladakh Tour Packages, Best Tour Packages in Leh Ladakh', 1, 1, 0, 1, '2017-02-08 13:13:10', '2021-11-02 12:01:59'),
(13, 0, 'Motorbike Tour', 'motorbike-tour', '', '', '617e9336df52d193_motor_bike_tour.jpg', '', 'Motorbike Tour in Ladakh, Leh Ladakh Bike Tour Package, Ladakh Bike Trip Package', 'We offer budget packages on Motorbike Tour in Ladakh. With our Motorbike Tour in Ladakh, Leh Ladakh Bike Tour Package &amp;amp;amp;amp; Ladakh Bike Trip Package explore the beauty of the Great Himalayas', 'Motorbike Tour in Ladakh, Ladakh Motorbike Tour, Leh Ladakh Bike Tour, Ladakh Bike Trip Package, Motorbike Tour in Ladakh,  Bike Tour in Leh Ladakh', 2, 1, 0, 1, '2017-02-08 13:13:42', '2021-10-31 18:29:34'),
(14, 0, 'Mountain Biking', 'mountain-biking', '', 'With the support of experienced staff, support vehicles and complete camping facilities our adventurous clients can enjoy the custom designed mountain biking tours and leave fully thrilled and satisfied.', '61810467d3909161_screenshot_2021-11-02_at_2_54_24_pm.png', '58a19c317c4a7130_mountain_biking.jpg', 'Mountain Biking in Ladakh,Mountain Biking Tour Package in Ladakh, India', 'We offer budget Mountain Biking Tour Package in Ladakh, India. Mountain Biking in Ladakh, Ladakh Bike Tour Package &amp;amp;amp;amp;amp;amp; Mountain Biking in Himalaya is the best way to explore the Great Himalaya', 'Mountain Biking in Ladakh, Mountain Biking Tour Package in Ladakh, Mountain Biking Tour Package India', 7, 1, 0, 1, '2017-02-08 13:14:16', '2021-11-02 14:57:04'),
(15, 0, 'Group Holiday Package', 'group-holiday-package', 'We offer special small group tours with great experience to meet the needs of individual travellers. Please pick and chose out of fixed dates as per your convenience.', 'We offer special small group tours with great experience to meet the needs of individual travellers. Please pick and chose out of fixed dates as per your convenience.', '5cb055eb4db7f196_holiday.jpg', '', 'Group Holiday Package in Ladakh, Ladakh Group Tour Packages, Group Holiday Packages to Ladakh, India, Family Tour Packages in India', 'Overland Escape offersGroup Holiday Package in Ladakh, Ladakh Group Tour Packages, Group Holiday Packages in Ladakh, Holiday Packages to Ladakh, Family Tour Packages in India. Search &amp;amp;amp;amp;amp; Book our budget tailor made Group tour packages no', 'Group Holiday Package in Ladakh, Ladakh Group Tour Packages, Group Holiday Packages in Ladakh, Holiday Packages to Ladakh, Family Tour Packages in India', 6, 0, 0, 1, '2017-02-08 13:14:41', '2019-04-18 18:02:53'),
(16, 0, 'hiking', 'hiking', '', '', '58db53ca3e2b0106_1459145384508.jpg', '', '', '', '', 0, 0, 0, 0, '2017-03-16 11:15:10', '2018-04-13 13:14:29'),
(17, 0, 'Cultural visit', 'cultural-visit', '', '', '', '', '', '', '', 0, 0, 0, 0, '2017-03-31 14:42:10', '2018-04-13 13:14:48'),
(18, 0, 'Monastery Visit', 'monastery-visit', '', '', '', '', '', '', '', 0, 0, 0, 0, '2017-04-01 13:02:12', '2018-04-13 13:14:57'),
(19, 0, 'Sightseeing', 'sightseeing', '', '', '', '', '', '', '', 0, 0, 0, 0, '2017-04-01 13:02:39', '2018-04-13 13:15:05'),
(20, 0, 'Activities', 'activities', '', '', '5cb06092533c9195_cultural.jpg', '5ca46afb34c00172_activities.jpg', 'Trekking in Ladakh,Trekking in Indian Himalayas,Leh Ladakh Trek,Adventure Trekking Tour Ladakh', 'Overland Escape is a certified Leh Ladakh adventure tour operator. We offer Trekking in Ladakh, Trekking Tours Leh Ladakh, Trekking in Indian Himalayas, Adventure Tour Package in Ladakh, India', 'Trekking in Ladakh, Trekking in Indian Himalayas, Leh Ladakh Trekking, Trekking in India, Adventure Trekking Tour in Himalayas, Trekking Tour in Ladakh, Trekking Package in Ladakh', 0, 1, 0, 0, '2019-04-03 13:42:43', '2023-02-23 12:04:57'),
(21, 0, 'Film & Photography', 'film-photography', '', '', '5cb97c9fc16c7128_film--photography.jpg', '', 'Trekking in Ladakh,Trekking in Indian Himalayas,Leh Ladakh Trek,Adventure Trekking Tour Ladakh', 'Overland Escape is a certified Leh Ladakh adventure tour operator. We offer Trekking in Ladakh, Trekking Tours Leh Ladakh, Trekking in Indian Himalayas, Adventure Tour Package in Ladakh, India', 'Trekking in Ladakh, Trekking in Indian Himalayas, Leh Ladakh Trekking, Trekking in India, Adventure Trekking Tour in Himalayas, Trekking Tour in Ladakh, Trekking Package in Ladakh', 9, 1, 0, 1, '2019-04-18 17:38:31', '2023-02-23 12:02:44'),
(22, 0, 'Spiritual Tour', 'spiritual-tour', '', '', '6183e4fee56e7169_buddha.jpg', '', 'Trekking in Ladakh,Trekking in Indian Himalayas,Leh Ladakh Trek,Adventure Trekking Tour Ladakh', 'Overland Escape is a certified Leh Ladakh adventure tour operator. We offer Trekking in Ladakh, Trekking Tours Leh Ladakh, Trekking in Indian Himalayas, Adventure Tour Package in Ladakh, India', 'Trekking in Ladakh, Trekking in Indian Himalayas, Leh Ladakh Trekking, Trekking in India, Adventure Trekking Tour in Himalayas, Trekking Tour in Ladakh, Trekking Package in Ladakh', 8, 1, 0, 1, '2019-06-05 11:53:41', '2023-02-23 11:56:39');
COMMIT;

INSERT INTO `package_airlines` (`id`, `airline_name`, `airline_code`, `image`, `status`, `sort_order`, `created_at`, `updated_at`) VALUES
(1, 'AIR Asia', 'AIR', '58cbbfb258c0a118_ai.gif', 1, NULL, '2017-03-17 15:20:29', '2017-03-17 16:21:30'),
(2, 'AMERICAN AIRLINES', 'AA', '58cbc00e1cef7118_aa.gif', 1, NULL, '2017-03-17 16:23:01', '2017-03-17 16:52:18'),
(4, 'AIR CANADA', 'AC', '58cbca55a28e1107_ac.gif', 1, NULL, '2017-03-17 17:06:53', '2017-03-18 15:16:03'),
(5, 'Jet Airways', 'JA', '58cd2680228a5138_flight1.jpg', 1, NULL, '2017-03-18 17:42:50', '2017-03-18 17:54:15'),
(6, 'Air India', 'AIR', '58cd268fbe3e3163_flight2.jpg', 1, NULL, '2017-03-18 17:52:39', '2017-03-18 17:54:30'),
(7, 'Vistara', 'V110', '58cd269e1a58e171_flight3.jpg', 1, NULL, '2017-03-18 17:52:54', '2017-03-18 18:02:25'),
(9, 'Go Air', 'GA', '58cd26b6bdcc2160_flight4.jpg', 1, NULL, '2017-03-18 17:53:18', '2017-03-18 17:53:58');
COMMIT;

INSERT INTO `accommodation_categories` (`id`, `title`, `sort_order`, `status`, `created_at`, `updated_at`) VALUES
(1, 'Resort', 0, 1, '2017-01-21 18:06:06', '2017-02-09 11:32:32'),
(2, 'Hotel', 0, 1, '2017-02-09 11:32:48', '2017-02-09 11:32:32'),
(3, 'Motel', 0, 1, '2017-02-09 11:33:01', '2017-02-09 11:32:32'),
(4, 'Cottage', 0, 1, '2017-02-09 11:33:10', '2017-02-09 11:32:32'),
(5, 'Lodge', 0, 1, '2017-02-09 11:33:22', '2017-02-09 11:32:32'),
(6, 'Camp', 0, 1, '2017-02-09 11:33:33', '2017-02-09 11:32:32'),
(7, 'Guest House', 3, 1, '2017-02-09 11:33:42', '2019-11-08 16:31:34'),
(8, 'farm house', 0, 1, '2017-02-09 11:33:54', '2017-02-09 11:32:32'),
(9, 'Homestay', 0, 1, '2017-04-05 11:39:29', '2017-02-09 11:32:32'),
(10, 'Houseboat', 0, 1, '2017-04-13 16:24:23', '2017-02-09 11:32:32');
COMMIT;

INSERT INTO `smtp_settings` (`id`, `from_name`, `from_mail`, `mail_host`, `mail_port`, `mail_username`, `mail_password`, `mail_encryption`, `email_charset`, `created_at`, `updated_at`) VALUES
(1, 'Grand India Tour', 'demo@vayuhost.com', 'secure.emailsrvr.com', 587, 'demo@vayuhost.com', 'eyJpdiI6Ik1rVllLS3I5d25weTBFUS9wb29mc2c9PSIsInZhbHVlIjoiV3M1STlWd1pWU01DdzBKUEY4RjFocGhmUERKZjZsVEs0ZVA2c0tKajlUbz0iLCJtYWMiOiJhZTY2Y2NkZGMxMTU1NjNlODAwMWQ2NzliZTM3ZTg2YmE5NWVkODc1YjhiMWNhMzhhNGRlZTVjYThmZDEyNThmIiwidGFnIjoiIn0=', 'tls', 'utf-8', '2023-02-14 13:26:50', '2023-02-14 13:26:50');
COMMIT;


INSERT INTO `menus` (`id`, `title`, `slug`, `position`, `status`, `created_at`, `updated_at`) VALUES
(1, 'Main Header Menu', 'main-header-menu', 'top', 1, '2022-05-30 10:45:44', '2022-05-30 10:45:44'),
(2, 'Main Footer Menu', 'main-footer-menu', 'bottom', 1, '2022-12-26 09:39:19', '2023-02-09 18:39:32');
COMMIT;

INSERT INTO `menu_items` (`id`, `menu_id`, `parent_id`, `page_id`, `title`, `url`, `slug`, `target`, `link_type`, `sort_order`, `status`, `created_at`, `updated_at`) VALUES
(1, 1, 0, NULL, 'Home', '/', 'home', '_self', 'internal', 1, 1, '2023-02-09 14:58:46', '2023-02-09 15:08:32'),
(2, 1, 0, NULL, 'Company', NULL, 'company', '_self', 'internal', 2, 1, '2023-02-09 15:00:12', '2023-02-09 19:06:16'),
(3, 1, 0, NULL, 'Destination Guides', NULL, 'destination-guides', '_self', 'internal', 9, 1, '2023-02-09 15:02:38', '2023-02-20 12:28:53'),
(4, 1, 0, 'hotel_listing', 'Our Hotels', 'hotels', 'our-hotels', '_self', 'modules', 18, 1, '2023-02-09 15:03:09', '2023-02-21 17:33:38'),
(5, 1, 0, '33', 'Contact Us', 'contact-us', 'contact-us', '_self', 'cms', 19, 1, '2023-02-09 15:03:36', '2023-02-21 17:33:38'),
(6, 1, 2, '39', 'About Us', 'about-us', 'about-us', '_self', 'cms', 3, 1, '2023-02-09 15:05:01', '2023-02-09 16:28:01'),
(7, 1, 2, '120', 'Activities', 'overland-activities', 'activities', '_self', 'cms', 5, 1, '2023-02-09 15:15:44', '2023-02-21 12:32:58'),
(8, 1, 2, 'testimonial_listing', 'View Testimonials', 'testimonial', 'view-testimonials', '_self', 'modules', 6, 1, '2023-02-09 15:16:57', '2023-02-10 17:02:46'),
(9, 1, 2, 'blog_listing', 'Blog', 'blog', 'blog', '_self', 'modules', 7, 1, '2023-02-09 15:17:23', '2023-02-10 12:25:48'),
(10, 1, 2, '41', 'Why Us', 'why-us', 'why-us', '_self', 'cms', 8, 1, '2023-02-09 15:19:13', '2023-02-10 17:04:17'),
(11, 1, 2, 'team_listing', 'Overland Escape Team', 'team', 'overland-escape-team', '_self', 'modules', 4, 1, '2023-02-09 15:20:04', '2023-02-09 19:09:00'),
(12, 1, 3, '10', 'Bhutan', 'destination/bhutan', 'bhutan', '_self', 'destination', 10, 1, '2023-02-09 15:28:24', '2023-02-21 17:24:32'),
(13, 1, 3, '25', 'Dubai', 'destination/dubai', 'dubai', '_self', 'destination', 11, 1, '2023-02-09 15:28:33', '2023-02-21 17:24:42'),
(14, 1, 3, '24', 'Srilanka', 'destination/srilanka', 'srilanka', '_self', 'destination', 12, 1, '2023-02-09 15:28:43', '2023-02-21 17:24:51'),
(15, 1, 3, '2', 'Himachal', 'destination/himachal', 'himachal', '_self', 'destination', 13, 1, '2023-02-09 15:29:02', '2023-02-21 17:24:58'),
(16, 1, 3, '3', 'Kashmir', 'destination/kashmir', 'kashmir', '_self', 'destination', 14, 1, '2023-02-09 15:29:11', '2023-02-21 17:25:05'),
(17, 1, 3, '1', 'Ladakh', 'destination/ladakh', 'ladakh', '_self', 'destination', 15, 1, '2023-02-09 15:29:31', '2023-02-20 14:40:15'),
(18, 1, 3, '6', 'Sikkim', 'destination/sikkim', 'sikkim', '_self', 'destination', 16, 1, '2023-02-09 15:29:52', '2023-02-21 17:25:18'),
(19, 2, 0, NULL, 'Our Tours', NULL, 'our-tours', '_self', 'internal', 1, 1, '2023-02-09 18:42:54', '2023-02-21 13:02:49'),
(20, 2, 0, NULL, 'About', NULL, 'about', '_self', 'internal', 6, 1, '2023-02-09 18:43:04', '2023-02-21 13:11:14'),
(21, 2, 20, '39', 'About Us', 'about-us', 'about-us1', '_self', 'cms', 7, 1, '2023-02-09 18:45:56', '2023-02-09 19:19:51'),
(22, 2, 20, '3', 'Terms and Conditions', 'terms-conditions', 'terms-and-conditions', '_self', 'cms', 8, 1, '2023-02-09 18:48:02', '2023-02-09 19:19:51'),
(23, 2, 20, '33', 'Contact Us', 'contact-us', 'contact-us1', '_self', 'cms', 9, 1, '2023-02-09 18:50:30', '2023-02-09 19:19:51'),
(24, 2, 20, '11', 'Testimonial', 'testimonial', 'testimonial', '_self', 'cms', 10, 1, '2023-02-09 18:51:31', '2023-02-09 19:19:51'),
(25, 2, 20, '40', 'Genaral Information', 'general-information', 'genaral-information', '_self', 'cms', 11, 1, '2023-02-09 18:55:17', '2023-02-09 19:19:51'),
(26, 2, 19, '9', 'Trekking and Hiking', 'tour-category/trekking-and-hiking', 'trekking-and-hiking', '_self', 'tour_category', 2, 1, '2023-02-09 19:06:12', '2023-02-21 17:08:05'),
(27, 2, 19, '10', 'Mountaineering', 'tour-category/mountaineering', 'mountaineering', '_self', 'tour_category', 3, 1, '2023-02-09 19:13:36', '2023-02-21 17:11:13'),
(28, 2, 19, '7', 'Wildlife Safari', 'tour-category/wildlife-safari', 'wildlife-safari', '_self', 'tour_category', 4, 1, '2023-02-09 19:17:33', '2023-02-21 17:09:42'),
(29, 2, 19, '8', 'White Water Rafting', 'tour-category/white-water-rafting', 'white-water-rafting', '_self', 'tour_category', 5, 1, '2023-02-09 19:19:28', '2023-02-21 17:11:31'),
(30, 1, 0, NULL, 'Pay Online', '/payment/pay_online', 'pay-online', '_self', 'internal', 20, 1, '2023-02-20 12:30:11', '2023-02-21 17:33:38'),
(32, 1, 3, '27', 'Darjeeling', 'destination/darjeeling', 'darjeeling', '_self', 'destination', 17, 1, '2023-02-21 17:32:43', '2023-02-21 17:33:37');
COMMIT;

INSERT INTO `seo_meta_tags` (`id`, `page_title`, `page_brief`, `page_description`, `page_url_label`, `page_url`, `page_detail_url`, `identifier`, `meta_title`, `meta_keyword`, `meta_description`, `other_meta_tag`, `image`, `status`, `created_at`, `updated_at`) VALUES
(1, 'Default', '', '', NULL, '/', '/', 'default', 'Grand India Tour', 'Grand India Tour', 'Grand India Tour', NULL, NULL, 1, '2023-02-01 18:14:12', '2023-02-10 12:15:23'),
(2, 'Trekking in Ladakh, Tour Packages of Ladakh, Trekking in Himalayas, Adventure Trekking Tour Ladakh', NULL, NULL, NULL, '/', '/', 'home', 'Trekking in Ladakh, Tour Packages of Ladakh, Trekking in Himalayas, Adventure Trekking Tour Ladakh', 'Adventure Tour Operator in Ladakh, Trekking in Ladakh, Trekking Tours Ladakh, Tour Packages of Ladakh, Trekking in Himalayas, Adventure Tour Package in Ladakh', 'Overland Escape is a certified Adventure Tour Operator in Ladakh. We offer Trekking in Ladakh, Trekking Tours Ladakh, Tour Packages of Ladakh, Trekking in Himalayas, Adventure Tour Package in Ladakh, India', 'Home | GrandIndiaTour', NULL, 1, '2023-02-01 18:14:12', '2023-02-22 17:53:04'),
(3, 'Packages', NULL, NULL, NULL, 'search-packages', 'package', 'package_listing', 'Budget Tour Packages in India, Cheap Holiday Packages India, Best Vacation Tour Packages in India', 'Budget Tour Packages in India, Cheap Holiday Packages in India, Best Vacation Tour Packages in India, Cheap Tour Packages in India', 'Find the Budget Tour Packages in India, Cheap Holiday Packages in India, Best Vacation Tour Packages in India, Cheap Tour Packages in India at overlandescape.in', 'Packages  | GrandIndiaTour', NULL, 1, '2023-02-01 18:14:12', '2023-02-22 18:46:28'),
(4, 'Destinations', NULL, NULL, NULL, 'destinations', 'destination', 'destination_listing', 'Destinations | GrandIndiaTour', 'Destinations | GrandIndiaTour keyword', 'Destinations | GrandIndiaTour Description', 'Destinations | GrandIndiaTour', '210223051944-59297158aaf45133_home_banner_1920.jpg', 1, '2023-02-01 18:14:12', '2023-02-21 17:19:44'),
(5, 'Best Hotels in Leh Ladakh', NULL, NULL, NULL, 'hotels', 'hotel', 'hotel_listing', 'Best Hotels in Ladakh, Where to Stay in Ladakh, Cheap Hotels in Leh Ladakh, Hotels Booking in Leh Ladakh', 'Best Hotels in Ladakh, Where to Stay in Ladakh, Cheap Hotels in Leh Ladakh, Budget Cheap Hotels in Leh Ladakh, Hotels Booking in Leh Ladakh', 'Now no need to worry about Where to Stay in Ladakh. Find Best Hotels in Ladakh, Cheap Hotels in Ladakh, Best Hotels in Leh Ladakh, Online Hotels Booking in Leh Ladakh on overlandescape.in', 'Hotels | GrandIndiaTour', NULL, 1, '2023-02-01 18:14:12', '2023-02-22 16:57:03'),
(6, 'Activities', NULL, NULL, NULL, 'activities', 'activity', 'activity_listing', 'Budget Tour Packages in India, Cheap Holiday Packages India, Best Vacation Tour Packages in India', 'Budget Tour Packages in India, Cheap Holiday Packages in India, Best Vacation Tour Packages in India, Cheap Tour Packages in India', 'Find the Budget Tour Packages in India, Cheap Holiday Packages in India, Best Vacation Tour Packages in India, Cheap Tour Packages in India at overlandescape.in', 'the other activity list meta updated', NULL, 1, '2023-02-01 18:14:12', '2023-02-23 12:09:08'),
(7, 'Blog', NULL, NULL, NULL, 'blog', 'blog/detail', 'blog_listing', 'Blog | Overland Escape', 'Blogs', 'Official Blog of Overland Escape', 'Blogs | GrandIndiaTour', '220223062218-6190e05d17a59182_banner.jpg', 1, '2023-02-01 18:14:12', '2023-02-22 18:22:18'),
(8, 'Tour Category', NULL, NULL, NULL, 'tour-category', 'tour-category', 'tour_category', 'Trekking in Ladakh,Trekking in Indian Himalayas,Leh Ladakh Trek,Adventure Trekking Tour Ladakh', 'Trekking in Ladakh, Trekking in Indian Himalayas, Leh Ladakh Trekking, Trekking in India, Adventure Trekking Tour in Himalayas, Trekking Tour in Ladakh, Trekking Package in Ladakh', 'Overland Escape is a certified Leh Ladakh adventure tour operator. We offer Trekking in Ladakh, Trekking Tours Leh Ladakh, Trekking in Indian Himalayas, Adventure Tour Package in Ladakh, India', 'Tour Category | GrandIndiaTour4', NULL, 1, '2023-02-01 18:14:12', '2023-02-23 11:42:07'),
(9, 'Clients Testimonials | Overland Escape', NULL, NULL, NULL, 'testimonial', 'testimonial', 'testimonial_listing', 'Clients Testimonials | Overland Escape', 'View some testimonials from our satisfied clients form all over the world. Our Client\'s Testimonials inspire us to do better each time', 'Clients Testimonials', 'Testimonial Listing | GrandIndiaTour', NULL, 1, '2023-02-01 18:14:12', '2023-02-22 18:14:20'),
(10, 'Overland Escape Team', NULL, NULL, NULL, 'team', 'team', 'team_listing', 'Overland Escape Team', 'Overland Escape Team', 'Overland Escape Team', 'Team Listing | GrandIndiaTour', NULL, 1, '2023-02-01 18:14:12', '2023-02-22 18:11:48');
COMMIT;


INSERT INTO `banners` (`id`, `title`, `slug`, `type`, `video_type`, `video`, `video_embed`, `status`, `created_at`, `updated_at`) VALUES
(1, 'Home Page Main Banner', 'home-page-main-banner', 1, 1, NULL, NULL, 1, '2022-05-24 11:23:20', '2022-11-21 05:33:50');
COMMIT;

INSERT INTO `banner_images` (`banner_id`, `image_name`, `title`, `sub_title`, `link_1`, `sort_order`, `status`, `created_at`, `updated_at`) VALUES
(1, '58a1a7118654a163_banner6.jpg', '', '', '', 3, 0, '2017-01-06 16:25:08', '2019-04-09 17:05:25'),
(1, '589c57d9293ad115_banner3.jpg', '', '', '', 2, 0, '2017-01-07 15:22:06', '2019-04-09 17:04:58'),
(1, '5cadbb4767d86186_46.jpg', 'Thiksey Monastery', '', '', 2, 1, '2017-01-15 23:07:11', '2021-11-14 16:02:54'),
(1, '589c58002023b134_banner1.jpg', '', '', '', 1, 0, '2017-02-01 16:05:30', '2019-04-09 17:06:48'),
(1, '589c585aafdeb100_banner2.jpg', '', '', '', 4, 0, '2017-02-09 17:24:02', '2019-04-09 17:05:11'),
(1, '617fcd0a08ae0176_potala_palace.jpg', 'Tibet', '', '', 6, 1, '2017-05-15 14:31:53', '2021-11-14 16:03:40'),
(1, '5cadc01191adb179_63.jpg', 'Bhutan', '', '', 7, 1, '2017-05-19 15:59:44', '2021-11-14 16:06:01'),
(1, '5cadc0953a08a185_59295bc301492176_home-banner-tibet-1-1920.jpg', '', '', '', 0, 0, '2017-05-26 17:28:13', '2019-04-16 17:25:46'),
(1, '617e7cc928b09148_chader_high_resolution.jpg', 'Chadar Trek', '', '', 1, 1, '2018-02-02 14:04:06', '2021-11-15 09:41:33'),
(1, '6190e05d17a59182_banner.jpg', 'Snowleopard Expeditions', '', '', 1, 1, '2018-02-05 15:51:17', '2021-11-15 09:40:38'),
(1, '617e69764f260109_pangong_lake.jpg', 'Pangong Lake', '', '', 3, 1, '2021-10-31 15:31:26', '2021-11-14 16:07:16'),
(1, '617e6b2e5bced102_lasakh_in_winter.jpg', 'Ladakh in Winter ', '', '', 3, 1, '2021-10-31 15:38:46', '2021-11-14 16:03:09'),
(1, '617fc8190d006195_kashmor.jpg', 'Kashmir', '', '', 4, 1, '2021-11-01 16:24:16', '2021-11-14 16:03:19'),
(1, '619e06ea46fcf125_shutterstock_1917141659_(1).jpg', 'Dubai', '', '', 5, 1, '2021-11-24 15:03:30', '0000-00-00 00:00:00'),
(1, '619e093902d51106_srilanka_02.jpg', 'Srilanka', '', '', 3, 1, '2021-11-24 15:13:21', '0000-00-00 00:00:00');

INSERT INTO `form_attributes` (`id`, `label`, `type`, `validations`, `status`, `created_at`) VALUES
(1, 'Name', 'name', 'regex:/^[\\pL\\s\\-]+$/u', 1, '2023-02-01 10:00:00'),
(2, 'Email', 'email', 'regex:/^([a-zA-Z0-9_.+-])+\\@(([a-zA-Z0-9-])+\\.)+([a-zA-Z0-9]{2,4})+$/', 1, '2023-02-01 10:00:00'),
(3, 'Phone', 'phone', 'digits:10', 1, '2023-02-01 10:00:00'),
(4, 'Country', 'country', 'numeric', 1, '2023-02-01 00:00:00'),
(5, 'Zip Code', 'zipcode', 'digits:6', 1, '2023-02-01 00:00:00'),
(6, 'Single Line Text', 'text', '', 1, '2023-02-01 10:00:00'),
(7, 'Number', 'number', 'numeric', 1, '2023-02-01 10:00:00'),
(8, 'Paragraph Text', 'textarea', '', 1, '2023-02-01 10:00:00'),
(9, 'Text Only', 'text_only', '', 1, '2023-02-01 10:00:00'),
(10, 'Checkboxes', 'checkbox', '', 1, '2023-02-01 10:00:00'),
(11, 'Radio Buttons', 'radio', '', 1, '2023-02-01 10:00:00'),
(12, 'Drop Down', 'select', '', 1, '2023-02-01 10:00:00'),
(13, 'File', 'file', '', 1, '2023-02-01 10:00:00'),
(14, 'Url', 'url', 'url', 1, '2023-02-01 10:00:00'),
(15, 'Datepicker', 'datepicker', 'date_format:m/d/Y', 1, '2023-02-01 10:00:00'),
(16, 'Timepicker', 'timepicker', '', 1, '2023-02-01 10:00:00'),
(17, 'Date and Time Picker', 'datetimepiker', '', 1, '2023-02-01 10:00:00'),
(18, 'Month Picker', 'monthpicker', 'date_format:m/d/Y', 1, '2023-02-01 10:00:00'),
(19, 'Year picker', 'yearpicker', 'date_format:Y', 1, '2023-02-01 10:00:00');
COMMIT;

INSERT INTO `forms` (`id`, `name`, `slug`, `thank_you_msg`, `captcha`, `status`, `is_reset`, `btnName`, `thank_page_url`, `to_email`, `cc_email`, `bcc_email`, `subject`, `email_template`, `sendMail`, `created_at`, `updated_at`) VALUES
(1, 'Contact us', 'contact-us', 'Thank You Message:', 0, 1, 1, 'Submit', '/thankyou', 'braham@ehostinguk.com', NULL, NULL, 'Contact Us', '<table border=\"0\" cellpadding=\"0\" cellspacing=\"0\" style=\"width:100%\">\r\n	<tbody>\r\n		<tr>\r\n			<td>\r\n			<table align=\"center\" border=\"1\" cellpadding=\"0\" cellspacing=\"0\" style=\"width:800px\">\r\n				<tbody>\r\n					<tr>\r\n						<td>\r\n						<table border=\"0\" cellpadding=\"0\" cellspacing=\"0\" style=\"width:100%\">\r\n							<tbody>\r\n								<tr>\r\n									<td colspan=\"2\">Hello there!\r\n									<p>Your have an new testimonials , details given below:</p>\r\n									</td>\r\n								</tr>\r\n								<tr>\r\n									<td>\r\n									<p><strong>TItle : </strong>Contact Us</p>\r\n									</td>\r\n									<td>\r\n									<p><strong>Name : </strong> {name}</p>\r\n									</td>\r\n								</tr>\r\n								<tr>\r\n									<td>\r\n									<p><strong>Email : </strong> {email}</p>\r\n									</td>\r\n									<td>\r\n									<p><strong>Company Name : </strong> {company_name}</p>\r\n									</td>\r\n								</tr>\r\n								<tr>\r\n									<td>\r\n									<p><strong>Position in company: </strong> {position_in_company}</p>\r\n									</td>\r\n									<td>\r\n									<p><strong>Website: </strong> {website}</p>\r\n									</td>\r\n								</tr>\r\n								<tr>\r\n									<td>\r\n									<p><strong>Content : </strong> {description}</p>\r\n									</td>\r\n								</tr>\r\n							</tbody>\r\n						</table>\r\n						</td>\r\n					</tr>\r\n				</tbody>\r\n			</table>\r\n			</td>\r\n		</tr>\r\n	</tbody>\r\n</table>', 1, '2022-12-08 06:25:05', '2023-02-23 17:21:27'),
(2, 'Enquire Now', 'enquire-now', 'Thank You for connecting Us.', 0, 1, 0, 'Submit', '/thankyou', 'braham@ehostinguk.com', NULL, NULL, NULL, '<p>Have You Travelled With Us Before?</p>', 0, '2023-01-19 11:30:08', '2023-02-23 13:35:44'),
(3, 'Customize Your Trip', 'customize-your-trip', 'Thank You for connecting Us.', 0, 1, 0, 'Submit', '/thankyou', NULL, NULL, NULL, NULL, '<p>Customize Your Trip</p>', 0, '2023-01-19 12:23:55', '2023-02-23 13:28:48'),
(4, 'Home Page Form', 'home-page-form', 'Thank You', 1, 1, 0, 'Submit', '/thankyou', 'samizaidi@indiainternets.com', NULL, NULL, 'Contact Form MAIL', '<p>Helllo ,[Name]</p>\r\n\r\n<ul>\r\n	<li>[Phone]</li>\r\n</ul>\r\n\r\n<p>Thank you&nbsp;</p>\r\n\r\n<p>&nbsp;</p>', 1, '2023-02-08 10:54:26', '2023-02-23 16:50:07'),
(5, 'Hotel Book Now', 'hotel-book-now', 'Thank you', 0, 1, 0, 'Submit', '/thankyou', 'braham@ehostinguk.com', NULL, NULL, NULL, '<p>Thank you</p>', 0, '2023-02-13 17:36:33', '2023-02-15 19:06:27'),
(6, 'Your Preference', 'your-preference', 'Thank you', 0, 1, 0, 'Submit', '/thankyou', 'braham@ehostinguk.com', NULL, NULL, NULL, NULL, 0, '2023-02-20 16:39:05', '2023-02-21 11:02:58');
COMMIT;

INSERT INTO `form_elements` (`id`, `form_id`, `label`, `placeHolder`, `type`, `validation`, `position`, `data`, `className`, `classNameInner`, `data_table`, `defaultValue`, `is_display`, `is_static`, `is_hide`, `status`, `created_at`, `updated_at`) VALUES
(1, NULL, 'Name', 'Name*', 'name', 'required', 1, '', '', '', NULL, '', 1, 1, 0, 1, '2022-12-08 06:26:45', '2023-02-01 16:19:48'),
(2, NULL, 'Phone', 'Phone*', 'phone', 'required', 2, '', '', 'phone', NULL, '', 1, 1, 0, 1, '2022-12-08 06:30:15', '2023-02-01 16:19:48'),
(3, NULL, 'Email', 'Email*', 'email', 'required', 3, '', '', '', NULL, '', 1, 1, 0, 1, '2022-12-14 06:31:01', '2023-01-19 12:05:28'),
(4, 1, 'Name', 'Name*', 'name', 'required', 1, '', 'w-1/2', '', NULL, '', 1, 1, 0, 1, '2022-12-08 06:26:45', '2023-02-20 12:41:56'),
(5, 1, 'Phone', 'Phone*', 'phone', 'required', 2, '', 'phone_code w-1/2', 'phone', NULL, '', 1, 1, 0, 1, '2022-12-14 06:31:01', '2023-02-23 16:37:40'),
(6, 1, 'Month of Travel', 'Month of Travel', 'monthpicker', '', 5, '', 'w-1/2', 'js-monthpicker', NULL, 'Month of Travel', 1, 0, 0, 1, '2022-12-14 06:31:01', '2023-02-21 13:13:48'),
(7, 1, 'Hotel', 'Hotel', 'select', '', 5, '1:Premium#2:Deluxe#3:Luxury', 'w-1/2', '', NULL, 'Premium', 1, 0, 0, 1, '2022-12-14 06:31:01', '2023-02-21 11:19:19'),
(9, 1, 'Address', 'Address', 'text', '', 4, '', 'w-1/2', '', NULL, '', 1, 0, 0, 1, '2022-12-14 06:32:08', '2023-02-21 11:14:59'),
(10, 1, 'Email', 'Email', 'email', 'required', 3, '', 'w-1/2', '', NULL, '', 1, 1, 0, 1, '2023-01-18 18:41:39', '2023-02-23 16:37:43'),
(35, 2, 'Name', 'Name*', 'name', 'required', 1, '', '', '', NULL, '', 1, 1, 0, 1, '2023-01-19 11:30:08', '2023-02-01 12:34:58'),
(36, 2, 'Phone', 'Phone*', 'phone', 'required', 2, '', 'phone_code', 'phone', NULL, '', 1, 1, 0, 1, '2023-01-19 11:30:08', '2023-02-20 15:06:18'),
(37, 2, 'Email', 'Email*', 'email', 'required', 3, '', '', '', NULL, '', 1, 1, 0, 1, '2023-01-19 11:30:08', '2023-01-19 12:02:06'),
(38, 2, 'Country', 'Country', 'country', '', 4, '', '', '', NULL, '101', 0, 0, 0, 1, '2023-01-19 11:30:08', '2023-02-01 17:07:52'),
(39, 2, 'Zip Code', 'Zip Code', 'zipcode', '', 5, '', '', '', NULL, '', 1, 0, 0, 1, '2023-01-19 11:30:08', '2023-02-01 17:07:52'),
(40, 2, 'When Do You Plan To Travel?', 'When Do You Plan To Travel?', 'monthpicker', '', 6, '', '', 'js-monthpicker', NULL, '', 1, 0, 0, 1, '2023-01-19 11:30:08', '2023-02-22 12:07:46'),
(41, 2, 'Have You Travelled With Us Before?', 'Have You Travelled With Us Before?', 'radio', '', 7, '1:Yes#0:No', 'mb-3 space0', '', NULL, '', 0, 0, 0, 1, '2023-01-19 11:30:08', '2023-02-23 13:35:44'),
(42, 3, 'Name', 'Name*', 'name', 'required', 1, '', '', '', NULL, '', 1, 1, 0, 1, '2023-01-19 12:23:55', '2023-02-01 12:35:22'),
(43, 3, 'Phone', 'Phone*', 'phone', 'required', 2, '', 'phone_code', 'phone', NULL, '', 1, 1, 0, 1, '2023-01-19 12:23:55', '2023-02-15 12:58:32'),
(44, 3, 'Email', 'Email*', 'email', 'required', 3, '', '', '', NULL, '', 1, 1, 0, 1, '2023-01-19 12:23:55', '2023-01-19 12:23:55'),
(45, 3, 'Country', 'Country*', 'country', 'required', 4, '', '', '', NULL, 'India', 0, 0, 0, 1, '2023-01-19 12:23:55', '2023-02-01 17:08:51'),
(46, 3, 'Zip Code', 'Zip Code', 'zipcode', '', 5, '', '', '', NULL, '', 0, 0, 0, 1, '2023-01-19 12:23:55', '2023-02-01 17:08:51'),
(47, 3, 'When Do You Want To Travel?', 'When Do You Want To Travel?', 'datepicker', '', 6, '', '', '', NULL, '', 0, 0, 0, 1, '2023-01-19 12:23:55', '2023-02-15 13:01:29'),
(48, 3, 'Number Of Packs', 'Number Of Packs', 'number', '', 7, '', '', '', NULL, '', 0, 0, 0, 1, '2023-01-19 12:23:55', '2023-01-19 12:23:55'),
(49, 3, 'Duration Of Stay', 'Duration Of Stay', 'number', '', 8, '', '', '', NULL, '', 0, 0, 0, 1, '2023-01-19 12:23:55', '2023-02-01 17:08:51'),
(50, 3, 'Do You Need Flight Also?', 'Do You Need Flight Also?', 'radio', '', 9, '1:Yes#0:No', 'mb-3 space0', '', NULL, '', 0, 0, 0, 1, '2023-01-19 12:23:55', '2023-02-23 13:27:12'),
(51, 3, 'Have You Travelled With Us Before?', 'Have You Travelled With Us Before?', 'radio', '', 10, '1:Yes#0:No', 'mb-3 space0', '', NULL, '', 0, 0, 0, 1, '2023-01-19 12:23:55', '2023-02-23 13:27:12'),
(52, 3, 'Comments', 'Comments*', 'textarea', 'required', 11, '', 'w-full mt-3', '', NULL, '', 0, 0, 0, 1, '2023-01-19 12:23:55', '2023-02-23 13:28:48'),
(53, 4, 'Name', 'Name*', 'name', 'required', 1, '', 'w-1/2 w_mob', '', NULL, '', 1, 1, 0, 1, '2023-02-08 10:54:26', '2023-02-15 17:45:16'),
(54, 4, 'Phone', 'Phone*', 'phone', 'required', 2, '', 'w-1/2 phone_code', 'phone', NULL, '', 1, 1, 0, 1, '2023-02-08 10:54:26', '2023-02-14 18:34:25'),
(55, 4, 'Email', 'Email*', 'email', 'required', 3, '', 'w-1/2', '', NULL, '', 1, 1, 0, 1, '2023-02-08 10:54:26', '2023-02-08 13:09:58'),
(56, 4, 'Destination', 'Destination', 'select', '', 999, 'Ladakh:Ladakh#Himachal:Himachal#Kashmir:Kashmir#Sikkim:Sikkim#Uttarakhand:Uttarakhand#BHUTAN:BHUTAN#Darjeeling:Darjeeling#Northeast India:Northeast India', 'w-1/2', '', NULL, '', 1, 0, 0, 1, '2023-02-08 10:54:26', '2023-02-09 16:15:19'),
(57, 4, 'Duration', 'Duration', 'select', '', 999, ':Duration#1:1#2:2#3:3#4:4#5:5#6:6#7:7#8:8#9:9#10:10#11:11#12:12#13:13#14:14#15:15#16:16#17:17#18:18#19:19#20:20#21:21#22:22#23:23#24:24#25:25', 'w-1/4', '', NULL, '', 1, 0, 0, 1, '2023-02-08 10:54:26', '2023-02-23 15:02:16'),
(58, 4, 'Budget', 'Budget', 'select', '', 999, ':Budget#Rs. 10000 - 40000:Rs. 10000 - 40000#Rs. 40000 - 100000:Rs. 40000 - 100000#Rs. 100000  Above:Rs. 100000  Above', 'w-1/4', '', NULL, '', 1, 0, 0, 1, '2023-02-08 10:54:26', '2023-02-23 15:03:51'),
(59, 4, 'No of Pax', 'No of Pax', 'select', '', 999, ':No of Pax#1:1#2:2#3:3#4:4#5:5#6:6#7:7#8:8#9:9#10:10#11:11#12:12#13:13#14:14#15:15#16:16#17:17#18:18#19:19#20:20#21:21#22:22#23:23#24:24#25:25', 'w-1/4', '', NULL, '', 1, 0, 0, 1, '2023-02-08 12:18:02', '2023-02-23 15:03:51'),
(60, 4, 'No of Rooms', 'No of Rooms', 'select', '', 999, ':No of Rooms#1:1#2:2#3:3#4:4#5:5#6:6#7:7#8:8#9:9#10:10#11:11#12:12#13:13#14:14#15:15#16:16#17:17#18:18#19:19#20:20#21:21#22:22#23:23#24:24#25:25', 'w-1/4', '', NULL, '', 1, 0, 0, 1, '2023-02-08 12:18:02', '2023-02-23 15:03:51'),
(61, 4, 'Date of Travel', 'Date of Travel', 'datepicker', '', 999, '', 'w-1/2', '', NULL, '', 1, 0, 0, 1, '2023-02-08 12:23:17', '2023-02-08 13:09:58'),
(62, 4, 'Departure Fixed', 'Departure Fixed', 'select', 'required', 999, 'Departure Fixed:Departure Fixed#Departure Flexible:Departure Flexible', 'w-1/2', '', NULL, 'Departure Fixed', 1, 0, 0, 1, '2023-02-08 12:23:17', '2023-02-09 16:15:19'),
(63, 4, 'Message', 'Message', 'textarea', '', 999, '', 'w-full', '', NULL, '', 1, 0, 0, 1, '2023-02-08 12:23:17', '2023-02-08 13:07:05'),
(64, 5, 'Name', 'Name*', 'name', 'required', 1, '', '', '', NULL, '', 1, 1, 0, 1, '2023-02-13 17:36:33', '2023-02-13 17:36:33'),
(65, 5, 'Phone', 'Phone*', 'phone', 'required', 2, '', 'phone_code', 'phone', NULL, '', 1, 1, 0, 1, '2023-02-13 17:36:33', '2023-02-15 19:06:27'),
(66, 5, 'Email', 'Email*', 'email', 'required', 3, '', '', '', NULL, '', 1, 1, 0, 1, '2023-02-13 17:36:33', '2023-02-13 17:36:33'),
(67, 5, 'Date of Arrival', 'Date of Arrival', 'datepicker', '', 999, '', '', '', NULL, '', 0, 0, 0, 1, '2023-02-13 17:36:33', '2023-02-13 17:36:33'),
(68, 5, 'Date of Departure', 'Date of Departure', 'datepicker', '', 999, '', '', '', NULL, '', 0, 0, 0, 1, '2023-02-13 17:36:33', '2023-02-13 17:36:33'),
(69, 5, 'Plan', 'Plan', 'select', '', 999, 'American Plan(Breakfast Lunch Dinner & Room):American Plan(Breakfast Lunch Dinner & Room)#MAP(Breakfast Dinner & Room):MAP(Breakfast Dinner & Room)#Continental Plan(Bed & Breakfast):Continental Plan(Bed & Breakfast)#European Plan(Room Only):European Plan(Room Only)', 'American Plan(Breakfast Lunch Dinner & Room):American Plan(Breakfast Lunch Dinner & Room)', '', NULL, '', 0, 0, 0, 1, '2023-02-13 17:36:33', '2023-02-13 17:55:23'),
(70, 5, 'No of Paxs', 'No of Paxs', 'number', '', 999, '', '', '', NULL, '', 0, 0, 0, 1, '2023-02-13 17:36:33', '2023-02-13 17:36:33'),
(71, 5, 'Comment', 'Comment', 'textarea', '', 999, '', '', '', NULL, '', 0, 0, 0, 1, '2023-02-13 17:36:33', '2023-02-13 17:36:33'),
(72, 6, 'Name', 'Name*', 'name', 'required', 1, '', '', '', NULL, '', 1, 1, 0, 1, '2023-02-20 16:39:05', '2023-02-20 16:39:05'),
(73, 6, 'Phone', 'Phone*', 'phone', 'required', 2, '', 'phone_code', 'phone', NULL, '', 1, 1, 0, 1, '2023-02-20 16:39:05', '2023-02-20 16:39:05'),
(74, 6, 'Email', 'Email*', 'email', 'required', 3, '', '', '', NULL, '', 1, 1, 0, 1, '2023-02-20 16:39:05', '2023-02-20 16:39:05'),
(75, 6, 'Date of Departure', 'Date of Departure', 'datepicker', '', 5, 'American Plan(Breakfast Lunch Dinner & Room):American Plan(Breakfast Lunch Dinner & Room)#MAP(Breakfast Dinner & Room):MAP(Breakfast Dinner & Room)#Continental Plan(Bed & Breakfast):Continental Plan(Bed & Breakfast)#European Plan(Room Only):European Plan(Room Only)', 'American Plan(Breakfast Lunch Dinner & Room):American Plan(Breakfast Lunch Dinner & Room)', '', NULL, '', 0, 0, 0, 1, '2023-02-20 16:39:05', '2023-02-21 10:58:11'),
(76, 6, 'No of Paxs', 'No of Paxs', 'number', '', 6, '', '', '', NULL, '', 0, 0, 0, 1, '2023-02-20 16:39:05', '2023-02-21 10:58:11'),
(77, 6, 'Single Supplementary', 'Single Supplementary', 'text', '', 15, '', '', '', NULL, '', 1, 0, 0, 1, '2023-02-20 16:39:05', '2023-02-21 11:02:58'),
(78, 1, 'Destination', 'Destination', 'text', 'required', 4, '', 'w-1/2', '', NULL, '', 1, 0, 0, 1, '2023-02-21 10:54:15', '2023-02-21 11:34:08'),
(79, 6, 'Destination', 'Destination', 'text', 'required', 4, '', '', '', NULL, '', 1, 0, 0, 1, '2023-02-21 10:56:57', '2023-02-21 10:56:57'),
(80, 6, 'Per Person Cost', 'Per Person Cost', 'text', '', 7, '', '', '', NULL, '', 1, 0, 0, 1, '2023-02-21 10:58:50', '2023-02-21 11:01:37'),
(81, 6, 'Extra Bed', 'Extra Bed', 'text', '', 8, '', '', '', NULL, '', 1, 0, 0, 1, '2023-02-21 11:01:37', '2023-02-21 11:01:37'),
(82, 6, 'W/o Extra Bed', 'W/o Extra Bed', 'text', '', 9, '', '', '', NULL, '', 1, 0, 0, 1, '2023-02-21 11:01:37', '2023-02-21 11:01:37'),
(83, 1, 'Gender', 'Gender', 'radio', 'required', 6, '1:Male#2:Female', 'w-1/2 mb-3 gender', '', NULL, '', 1, 0, 0, 1, '2023-02-21 11:10:45', '2023-02-23 11:26:28');
COMMIT;

INSERT INTO `team_management` (`id`, `title`, `sub_title`, `slug`, `designation`, `detail_profile`, `image`, `sort_order`, `meta_title`, `meta_description`, `meta_keywords`, `featured`, `status`, `is_deleted`, `created_at`, `updated_at`) VALUES
(1, 'Lobsang Choden', 'Travel Consultant', 'lobsang-choden', 'Senior Sales Executive', '<p>He joined Overland Escape in the year 2015 and presently working as a sales executive. He deals with enquiries from clients through mail and calls. He has handled more than 3,000 clients and works closely with more than 30 travel agents.<br></p>', '5caed665dfad5165_lobsang-choden1.jpg', 4, '', '', '', 1, 1, 0, '2021-12-03 05:00:34', '2021-12-03 05:00:34'),
(2, 'Stanzin Dolker', 'Travel Consultant', 'stanzin-dolker', 'Senior Manager Sales', '<p>She has been working in Overland Escape since 2011. Initially she is associated as tour executive, but now she is our management tour executive. As a sales manager she reverts to the series of queries from our client through mail and calls. She has handled more than 7,000 clients so far. Also deals with more than 40 travel agents.<br></p>', '5caed5aa2e2f8181_stanzin-dolker2.jpg', 2, '', '', '', 1, 1, 0, '2021-12-03 05:19:04', '2021-12-03 05:19:04'),
(3, 'Jigmet Y Katpa', '', 'jigmet-y-katpa', 'Content Writer', '<p>Jigmet Y. Katpa is a content writer by profession and has joined Overland Escape recently. She has been experimenting with her writing skills in various fields like blogging, poetry, reporting, researching, editing etc. Her profession is a result of her passion. <br></p>', '61aa18bf43ea2147_jigmet_yangchan.jpg', 8, '', '', '', 0, 0, 0, '2022-11-11 12:19:32', '2022-11-11 12:19:32'),
(4, 'Vineeta Negi', 'Business Promotion', 'vineeta-negi', 'Senior Executive', '<p></p><div>Vineeta Negi is a travel professional with 02 years of experience in MICE. Her Main focus was to promote and provide the best professional services to clients .She Joined Overland Escape as a Sr Executive and is responsible for B2B sales .<br></div><p></p>', '61a9fd3815024105_vineeta.jpg', 6, '', '', '', 1, 0, 0, '2022-11-11 12:01:10', '2022-11-11 12:01:10'),
(5, 'Konchok Rinchen ', '', 'konchok-rinchen', 'Reservation Executive', '<p>He has recently joined Overland Escape as a Reservation Executive. He will be handling the reservations and sales of Pangong Retreat Camp and Gongma Residency at Pangong Lake. He has completed his schooling from Lamdon Model Sr. Sec School, Leh and DAV School, Chandigarh. Currently he is pursuing his graduation from Punjab University.  He has experience working as an analyst at eClerx (BPO).</p>', '61adae5d710be185_konchok_rinchen.jpg', 7, '', '', '', 1, 0, 0, '2022-11-11 12:03:12', '2022-11-11 12:03:12'),
(6, 'Jigmet Angmo', 'Travel Consultant', 'jigmet-angmo', 'Sales Executive', '<p>\r\n\r\n\r\n\r\n\r\n\r\n\r\n\r\n\r\n\r\n\r\n</p><p></p>\r\n\r\n\r\n\r\n\r\n\r\n\r\n\r\n\r\n\r\n\r\n<p>A sales executive at Overland Escape, holding a degree in Hotel Management, have an experience of working at five-star properties, she is a proactive employee responsible for responding to the customers/ clients and have the ability to multi-task in a chaotic environment and maintaining high customer satisfaction levels at the same time.</p>\r\n\r\n\r\n<br><p></p>', '61a9df9c954e2178_jigmet_angmo.jpg', 5, '', '', '', 1, 1, 0, '2021-12-06 05:04:21', '2021-12-06 05:04:21'),
(7, 'Roopa Bhardwaj', 'Travel Consultant', 'roopa-bhardwaj', 'Branch Head Delhi', '<p>Roopa Bhardwaj brings with her over 19 Years of experience &nbsp;in travel Industry with expertise in outbound packages . She joined Overland Escape as a Branch Head and is responsible for Sales &amp; Operations of Delhi &amp; North India<br></p>', '6187ff044205a161_roopa.jpg', 3, '', '', '', 1, 1, 0, '2021-11-08 03:44:04', '2021-11-08 03:44:04'),
(8, 'Karma Lobsang', '', 'karma-lobsang', 'Manager Reservation ', '<p>He joined Overland Escape in 2015. As an executive reservation he keeps track of all the hotels, resorts and camps. He with his team arranges the booking of hotels for the clients. He also prepares files and reconfirms bookings. <br><br></p>', '5caefcb07ed5f151_karma-lobsang12.jpg', 18, '', '', '', 1, 1, 0, '2019-04-15 05:15:33', '2019-04-15 05:15:33'),
(9, 'Jigmet Stanzin', '', 'jigmet-stanzin', ' Reservation Executive', '<p>In 2018, he joined Overland Escape. His role includes preparing files, confirming hotels, sending confirmation to sales team and reconfirming bookings.<br><br></p>', '5caefda5d6f9b178_jigmet-stanzin12.jpg', 19, '', '', '', 1, 0, 0, '2021-11-04 07:27:17', '2021-11-04 07:27:17'),
(10, 'Tashi Lhargyal', '', 'tashi-lhargyal', 'Senior Manager Operations', '<p>For the past 13 years he has been acquainted with this agency with his full dedication. He is the manager of operation team, for he arranges, horses, pony, guide and cook. Not only that he also arrange transport for both trekking and tour.<br><br></p>', '5caefeabdf8fd152_tashi-lhargyal12.jpg', 12, '', '', '', 1, 1, 0, '2021-12-03 05:19:39', '2021-12-03 05:19:39'),
(11, 'Tundup Dorjey ', 'Travel Consultant', 'tundup-dorjey', 'Founder & Director', '<p>Mr Tundup Dorjey is the founder and director of Overland Escape. His extensive travel experiences has given him lots of insight knowledge about different cultural, social and economic backgrounds and moreover, many different ways of life around the world. These experiences have been invaluable asset for understanding the varied needs and interests of the clients. <br></p>', '5cb0632b4f634119_tundup-dorjey12.jpg', 8, '', '', '', 1, 1, 0, '2021-11-07 10:15:04', '2021-11-07 10:15:04'),
(12, 'Tsering Wangial Dighayu', '', 'tsering-wangial-dighayu', 'Executive Operation', '<p>He started working in Overland Escape in 2019. He handles the client by giving them ample support in terms of basic tour programme and introducing them with best accommodation by meeting the clients need. He with his team made their presence anytime to fulfill the clients need.<br><br></p>', '5caf00a44ba36194_tsering-wangyal-d12.jpg', 14, '', '', '', 1, 1, 0, '2019-04-14 12:48:47', '2019-04-14 12:48:47'),
(13, 'Thupstan Tsewang', '', 'thupstan-tsewang', 'Senior Executive Operation', '<p>He joined Overland Escape as an Executive Operation in 2017.&nbsp;He handles the client by giving them support in terms of basic tour programme and introducing them with best accommodation by meeting the clients need. <br><br></p>', '5cb4414321cc4174_thupstan-tsewang12.jpg', 13, '', '', '', 1, 1, 0, '2021-12-03 05:02:18', '2021-12-03 05:02:18'),
(14, 'Sonam Stanzin', '', 'sonam-stanzin', 'Tour Guide', '<p>He started working as a tour guide in the year 2018. He takes the clients for cultural tour, snow leopard expedition, trekking and winter pilgrimage tour.<br></p>', '5caf0451ad8fc131_sonam-stanzin12.jpg', 10, '', '', '', 1, 0, 0, '2021-04-09 03:23:14', '2021-04-09 03:23:14'),
(15, 'Rigzen Dolma ', '', 'rigzen-dolma', 'Tour Guide', '<p>She started working as a tour guide in the year 2018. She takes the clients for cultural tour, snow leopard expedition, trekking and winter pilgrimage tour.<br><br></p>', '5cb4487e015de132_rigzen-dolma12.jpg', 11, '', '', '', 1, 1, 0, '2019-04-15 02:31:50', '2019-04-15 02:31:50'),
(16, 'Urgain Dolker', '', 'urgain-dolker', ' Senior Manager Ticketing', '<p>As a ticketing manager for 9 years, she keeps her team always updated with the selling of tickets once she has purchased the tickets from the Airlines. She provides tickets, when the sales team needed tickets for their clients.<br></p>', '5caf0592f09ed158_urgain-dolker12.jpg', 6, '', '', '', 1, 1, 0, '2021-12-03 05:19:19', '2021-12-03 05:19:19'),
(17, 'Tsewang Youdol', '', 'tsewang-youdol', 'Executive Accounts / Ticketing ', '<p>She joined Overland Escape in 2013. Her role is to maintain files and managing the account in relation to tickets. <br><br></p>', '5caf065372eb7195_tsewang-youdol12.jpg', 17, '', '', '', 1, 0, 0, '2021-04-09 03:24:21', '2021-04-09 03:24:21'),
(18, 'Deldan Angmo ', '', 'deldan-angmo', ' Executive Ticketing ', '<p>She joined in 2018 and her role is to maintain ticketing accounts.<br></p>', '5cb823d8e68a1170_deldan-angmo12.jpg', 24, '', '', '', 1, 0, 0, '2022-11-11 12:30:26', '2022-11-11 12:30:26'),
(19, 'Kunga Namgyal ', '', 'kunga-namgyal', ' Manager Product and Contracting', '<p>After joining Overland Escape in the year 2000, he completed ten years of successful tenure at Delhi office. Now based in Leh office and takes care of the product development and contracting.<br></p>', '5cb96adbdde66143_kunga-namgyal12.jpg', 16, '', '', '', 1, 1, 0, '2019-04-19 11:59:47', '2019-04-19 11:59:47'),
(20, 'Urgen Lhamo', '', 'urgen-lhamo', 'Executive Product / Content Writer', '<p>She joined Overland Escape in 2018. Her work as executive product includes designing of new tour packages, updating them on website from time to time and writing for the website.<br></p>', '5caf0db9145a0107_urgen-lhamo.jpg', 23, '', '', '', 1, 0, 0, '2021-04-09 03:24:15', '2021-04-09 03:24:15'),
(21, 'Thupten Phuljung', '', 'thupten-phuljung', 'Manager Finance', '<p>In 2010, he started working in Overland Escape. He keeps track of all the financial transactions of the company. Whether taking care of billing, accounting or cash payments, he ensures that everything is properly carried out and recorded correctly.<br></p>', '5caf0eeb87960131_thupten-phuljung12.jpg', 20, '', '', '', 1, 0, 0, '2021-11-04 07:26:28', '2021-11-04 07:26:28'),
(22, 'Tashi Lhamo', '', 'tashi-lhamo', 'Accountant Tour Division', '<p>In the year 2009 she joined Overland Escape. She looks after the cash payment and clearances; keeps account details of the company and maintain records of credit and debit account of clients and employees<br><br></p>', '5caf0fc4bff32147_tashi-lhamo12.jpg', 21, '', '', '', 1, 1, 0, '2021-12-03 06:56:22', '2021-12-03 06:56:22'),
(23, 'Padma Chontol ', '', 'padma-chontol', 'Accountant Ticketing Division', '<p>She joined in 2018 as executive accounts. She maintains store bills and keeps track of the invoices of the payments received from the clients. Also she does the entry of hotels and taxi bills. <br></p>', '5cb43fc13f6d3106_padma-chontol12.jpg', 22, '', '', '', 1, 1, 0, '2021-12-03 05:04:01', '2021-12-03 05:04:01'),
(24, 'Tsewang Spalgon', '', 'tsewang-spalgon', 'Receptionist', '<p>He joined Overland Escape in 2013. His role includes answering, screening and forwarding incoming phone calls and providing basic and accurate information in-person and via phone/email. He also works as a ticketing executive. <br></p>', '5caf2270d0350101_tsewang-spalgon12.jpg', 25, '', '', '', 1, 1, 0, '2019-04-15 05:18:07', '2019-04-15 05:18:07'),
(25, 'Tsewang Dorjey', '', 'tsewang-dorjey', 'Office Boy', '<p>He joined Overland Escape in the year 2009. He goes to bank for cash transaction and getting tourist permits for the clients. He also helps staff in doing their responsibilities. <br></p>', '5caf276634073163_tsewang-dorjey12.jpg', 28, '', '', '', 1, 1, 0, '2019-04-15 05:20:10', '2019-04-15 05:20:10'),
(26, 'Santosh Kumar', '', 'santosh-kumar', 'Senior Executive, Admin', '<p>Santosh Kumar has a good experience of 15 years . He started his career with Cox &amp; Kings as a Sr Executive . He Joined Overland Escape as Sr Executive- Admin and is responsible for all day in and out activities of Delhi Office<br></p>', '61880064a1b7e194_santosh.jpg', 26, '', '', '', 1, 0, 0, '2022-11-11 12:18:49', '2022-11-11 12:18:49'),
(27, 'Phunchok Dolma', '', 'phunchok-dolma', 'Kitchen Incharge', '<p>She joined Overland Escape in 2008. As an in charge kitchen she cooks food and keeps the kitchen tidy.<br></p>', '5cb4492a4e44f126_phunchok-dolma12.jpg', 29, '', '', '', 1, 1, 0, '2019-04-15 05:19:42', '2019-04-15 05:19:42'),
(28, 'Thinles Angchuk', '', 'thinles-angchuk', 'Driver', '<p>He is the driver of our office and has been working in Overland Escape for many years. <br></p>', '5cb174ddcf8a8110_angchuk12.jpg', 27, '', '', '', 1, 1, 0, '2019-04-13 11:04:21', '2019-04-13 11:04:21'),
(29, 'Deachen Angmo', '', 'deachen-angmo', 'Housekeeper', '<p>She recently joined in 2019. She keeps the office clean and tidy. <br></p>', '5cb17570e0f65190_deachen-angmo12.jpg', 30, '', '', '', 1, 0, 0, '2021-11-04 07:27:35', '2021-11-04 07:27:35'),
(30, 'Dorje Gyaltson', '', 'dorje-gyaltson', 'Executive Operation', '<p>He joined in the year 2018 as Executive Operation. His role includes receiving clients form airport and accommodates them in the hotels as per bookings. <br></p>', '5cb46d5a37450179_gyaltson12.jpg', 15, '', '', '', 1, 0, 0, '2021-04-09 03:22:42', '2021-04-09 03:22:42'),
(31, 'Vilas Kadival', '', 'vilas-kadival', 'Sales - South India', '<p>Vilas Kadival, is a travel enthusiast who loves Himalayas and especially Leh &amp; Ladakh. He not only is the one point contact for South India, but also takes on additional hat of guide, explaining about various Gompas in Ladakh and Leh region to tourists, promoter of tourism etc., During his spare time, he is involved with meditation practices and helping community at large and especially as Project incharge for Ladakh Polo Festival to the village community of Chushot. <br><br><br><br><br></p>', '5cbacd4734bb2195_vilas-kadival-12.jpg', 7, '', '', '', 1, 1, 0, '2021-11-07 10:14:36', '2021-11-07 10:14:36');


INSERT INTO `countries` (`id`, `name`, `iso3`, `numeric_code`, `iso`, `phonecode`, `capital`, `currency`, `currency_name`, `region`, `subregion`, `emoji`, `status`, `created_at`, `updated_at`) VALUES
(1, 'AFGHANISTAN', 'AFG', '004', 'AF', '93', 'Kabul', 'AFN', 'Afghan afghani', 'Asia', 'Southern Asia', '', 1, '2018-07-21 01:41:03', '2022-04-09 07:52:54'),
(2, 'ALAND ISLANDS', 'ALA', '248', 'AX', '35818', 'Mariehamn', 'EUR', 'Euro', 'Europe', 'Northern Europe', '', 1, '2018-07-21 01:41:03', '2023-02-01 11:54:56'),
(3, 'ALBANIA', 'ALB', '008', 'AL', '355', 'Tirana', 'ALL', 'Albanian lek', 'Europe', 'Southern Europe', '', 1, '2018-07-21 01:41:03', '2022-04-12 07:03:51'),
(4, 'ALGERIA', 'DZA', '012', 'DZ', '213', 'Algiers', 'DZD', 'Algerian dinar', 'Africa', 'Northern Africa', '', 1, '2018-07-21 01:41:03', '2022-04-12 07:03:51'),
(5, 'American Samoa', 'ASM', '016', 'AS', '1684', 'Pago Pago', 'USD', 'US Dollar', 'Oceania', 'Polynesia', '', 1, '2018-07-21 01:41:03', '2023-02-01 11:55:02'),
(6, 'Andorra', 'AND', '020', 'AD', '376', 'Andorra la Vella', 'EUR', 'Euro', 'Europe', 'Southern Europe', '', 1, '2018-07-21 01:41:03', '2022-04-12 07:03:51'),
(7, 'Angola', 'AGO', '024', 'AO', '244', 'Luanda', 'AOA', 'Angolan kwanza', 'Africa', 'Middle Africa', '', 1, '2018-07-21 01:41:03', '2022-04-12 07:03:51'),
(8, 'Anguilla', 'AIA', '660', 'AI', '1264', 'The Valley', 'XCD', 'East Caribbean dollar', 'Americas', 'Caribbean', '', 1, '2018-07-21 01:41:03', '2023-02-01 11:55:07'),
(9, 'Antarctica', 'ATA', '010', 'AQ', '672', '', 'AAD', 'Antarctican dollar', 'Polar', '', '', 1, '2018-07-21 01:41:03', '2022-04-12 07:03:51'),
(10, 'Antigua And Barbuda', 'ATG', '028', 'AG', '1268', 'St. John\'s', 'XCD', 'Eastern Caribbean dollar', 'Americas', 'Caribbean', '', 1, '2018-07-21 01:41:03', '2023-02-01 11:55:13'),
(11, 'Argentina', 'ARG', '032', 'AR', '54', 'Buenos Aires', 'ARS', 'Argentine peso', 'Americas', 'South America', '', 1, '2018-07-21 01:41:03', '2022-04-12 07:03:51'),
(12, 'Armenia', 'ARM', '051', 'AM', '374', 'Yerevan', 'AMD', 'Armenian dram', 'Asia', 'Western Asia', '', 1, '2018-07-21 01:41:03', '2022-04-12 07:03:51'),
(13, 'Aruba', 'ABW', '533', 'AW', '297', 'Oranjestad', 'AWG', 'Aruban florin', 'Americas', 'Caribbean', '', 1, '2018-07-21 01:41:03', '2022-04-12 07:03:51'),
(14, 'Australia', 'AUS', '036', 'AU', '61', 'Canberra', 'AUD', 'Australian dollar', 'Oceania', 'Australia and New Zealand', '', 1, '2018-07-21 01:41:03', '2022-04-12 07:03:51'),
(15, 'Austria', 'AUT', '040', 'AT', '43', 'Vienna', 'EUR', 'Euro', 'Europe', 'Western Europe', '', 1, '2018-07-21 01:41:03', '2022-04-12 07:03:51'),
(16, 'Azerbaijan', 'AZE', '031', 'AZ', '994', 'Baku', 'AZN', 'Azerbaijani manat', 'Asia', 'Western Asia', '', 1, '2018-07-21 01:41:03', '2022-04-12 07:03:51'),
(17, 'The Bahamas', 'BHS', '044', 'BS', '1242', 'Nassau', 'BSD', 'Bahamian dollar', 'Americas', 'Caribbean', '', 1, '2018-07-21 01:41:03', '2023-02-01 11:55:19'),
(18, 'Bahrain', 'BHR', '048', 'BH', '973', 'Manama', 'BHD', 'Bahraini dinar', 'Asia', 'Western Asia', '', 1, '2018-07-21 01:41:03', '2022-04-12 07:03:51'),
(19, 'Bangladesh', 'BGD', '050', 'BD', '880', 'Dhaka', 'BDT', 'Bangladeshi taka', 'Asia', 'Southern Asia', '', 1, '2018-07-21 01:41:03', '2022-04-12 07:03:51'),
(20, 'Barbados', 'BRB', '052', 'BB', '1246', 'Bridgetown', 'BBD', 'Barbadian dollar', 'Americas', 'Caribbean', '', 1, '2018-07-21 01:41:03', '2023-02-01 11:55:25'),
(21, 'Belarus', 'BLR', '112', 'BY', '375', 'Minsk', 'BYN', 'Belarusian ruble', 'Europe', 'Eastern Europe', '', 1, '2018-07-21 01:41:03', '2022-04-12 07:03:51'),
(22, 'Belgium', 'BEL', '056', 'BE', '32', 'Brussels', 'EUR', 'Euro', 'Europe', 'Western Europe', '', 1, '2018-07-21 01:41:03', '2022-04-12 07:03:51'),
(23, 'Belize', 'BLZ', '084', 'BZ', '501', 'Belmopan', 'BZD', 'Belize dollar', 'Americas', 'Central America', '', 1, '2018-07-21 01:41:03', '2022-04-12 07:03:51'),
(24, 'Benin', 'BEN', '204', 'BJ', '229', 'Porto-Novo', 'XOF', 'West African CFA franc', 'Africa', 'Western Africa', '', 1, '2018-07-21 01:41:03', '2022-04-12 07:03:51'),
(25, 'Bermuda', 'BMU', '060', 'BM', '1441', 'Hamilton', 'BMD', 'Bermudian dollar', 'Americas', 'Northern America', '', 1, '2018-07-21 01:41:03', '2023-02-01 11:55:31'),
(26, 'Bhutan', 'BTN', '064', 'BT', '975', 'Thimphu', 'BTN', 'Bhutanese ngultrum', 'Asia', 'Southern Asia', '', 1, '2018-07-21 01:41:03', '2022-04-12 07:03:51'),
(27, 'Bolivia', 'BOL', '068', 'BO', '591', 'Sucre', 'BOB', 'Bolivian boliviano', 'Americas', 'South America', '', 1, '2018-07-21 01:41:03', '2022-04-12 07:03:51'),
(28, 'Bosnia and Herzegovina', 'BIH', '070', 'BA', '387', 'Sarajevo', 'BAM', 'Bosnia and Herzegovina convertible mark', 'Europe', 'Southern Europe', '', 1, '2018-07-21 01:41:03', '2022-04-12 07:03:51'),
(29, 'Botswana', 'BWA', '072', 'BW', '267', 'Gaborone', 'BWP', 'Botswana pula', 'Africa', 'Southern Africa', '', 1, '2018-07-21 01:41:03', '2022-04-12 07:03:51'),
(30, 'Bouvet Island', 'BVT', '074', 'BV', '0055', '', 'NOK', 'Norwegian Krone', '', '', '', 1, '2018-07-21 01:41:03', '2022-04-12 07:03:51'),
(31, 'Brazil', 'BRA', '076', 'BR', '55', 'Brasilia', 'BRL', 'Brazilian real', 'Americas', 'South America', '', 1, '2018-07-21 01:41:03', '2022-04-12 07:03:51'),
(32, 'British Indian Ocean Territory', 'IOT', '086', 'IO', '246', 'Diego Garcia', 'USD', 'United States dollar', 'Africa', 'Eastern Africa', '', 1, '2018-07-21 01:41:03', '2022-04-12 07:03:51'),
(33, 'Brunei', 'BRN', '096', 'BN', '673', 'Bandar Seri Begawan', 'BND', 'Brunei dollar', 'Asia', 'South-Eastern Asia', '', 1, '2018-07-21 01:41:03', '2022-04-12 07:03:51'),
(34, 'Bulgaria', 'BGR', '100', 'BG', '359', 'Sofia', 'BGN', 'Bulgarian lev', 'Europe', 'Eastern Europe', '', 1, '2018-07-21 01:41:03', '2022-04-12 07:03:51'),
(35, 'Burkina Faso', 'BFA', '854', 'BF', '226', 'Ouagadougou', 'XOF', 'West African CFA franc', 'Africa', 'Western Africa', '', 1, '2018-07-21 01:41:03', '2022-04-12 07:03:51'),
(36, 'Burundi', 'BDI', '108', 'BI', '257', 'Bujumbura', 'BIF', 'Burundian franc', 'Africa', 'Eastern Africa', '', 1, '2018-07-21 01:41:03', '2022-04-12 07:03:51'),
(37, 'Cambodia', 'KHM', '116', 'KH', '855', 'Phnom Penh', 'KHR', 'Cambodian riel', 'Asia', 'South-Eastern Asia', '', 1, '2018-07-21 01:41:03', '2022-04-12 07:03:51'),
(38, 'Cameroon', 'CMR', '120', 'CM', '237', 'Yaounde', 'XAF', 'Central African CFA franc', 'Africa', 'Middle Africa', '', 1, '2018-07-21 01:41:03', '2022-04-12 07:03:51'),
(39, 'Canada', 'CAN', '124', 'CA', '1', 'Ottawa', 'CAD', 'Canadian dollar', 'Americas', 'Northern America', '', 1, '2018-07-21 01:41:03', '2022-04-12 07:03:51'),
(40, 'Cape Verde', 'CPV', '132', 'CV', '238', 'Praia', 'CVE', 'Cape Verdean escudo', 'Africa', 'Western Africa', '', 1, '2018-07-21 01:41:03', '2022-04-12 07:03:51'),
(41, 'Cayman Islands', 'CYM', '136', 'KY', '1345', 'George Town', 'KYD', 'Cayman Islands dollar', 'Americas', 'Caribbean', '', 1, '2018-07-21 01:41:03', '2023-02-01 11:55:43'),
(42, 'Central African Republic', 'CAF', '140', 'CF', '236', 'Bangui', 'XAF', 'Central African CFA franc', 'Africa', 'Middle Africa', '', 1, '2018-07-21 01:41:03', '2022-04-12 07:03:51'),
(43, 'Chad', 'TCD', '148', 'TD', '235', 'N\'Djamena', 'XAF', 'Central African CFA franc', 'Africa', 'Middle Africa', '', 1, '2018-07-21 01:41:03', '2022-04-12 07:03:51'),
(44, 'Chile', 'CHL', '152', 'CL', '56', 'Santiago', 'CLP', 'Chilean peso', 'Americas', 'South America', '', 1, '2018-07-21 01:41:03', '2022-04-12 07:03:51'),
(45, 'China', 'CHN', '156', 'CN', '86', 'Beijing', 'CNY', 'Chinese yuan', 'Asia', 'Eastern Asia', '', 1, '2018-07-21 01:41:03', '2022-04-12 07:03:51'),
(46, 'Christmas Island', 'CXR', '162', 'CX', '61', 'Flying Fish Cove', 'AUD', 'Australian dollar', 'Oceania', 'Australia and New Zealand', '', 1, '2018-07-21 01:41:03', '2022-04-12 07:03:51'),
(47, 'Cocos (Keeling) Islands', 'CCK', '166', 'CC', '61', 'West Island', 'AUD', 'Australian dollar', 'Oceania', 'Australia and New Zealand', '', 1, '2018-07-21 01:41:03', '2022-04-12 07:03:51'),
(48, 'Colombia', 'COL', '170', 'CO', '57', 'Bogot', 'COP', 'Colombian peso', 'Americas', 'South America', '', 1, '2018-07-21 01:41:03', '2022-04-12 07:03:51'),
(49, 'Comoros', 'COM', '174', 'KM', '269', 'Moroni', 'KMF', 'Comorian franc', 'Africa', 'Eastern Africa', '', 1, '2018-07-21 01:41:03', '2022-04-12 07:03:51'),
(50, 'Congo', 'COG', '178', 'CG', '242', 'Brazzaville', 'XAF', 'Central African CFA franc', 'Africa', 'Middle Africa', '', 1, '2018-07-21 01:41:03', '2022-04-12 07:03:51'),
(51, 'Democratic Republic of the Congo', 'COD', '180', 'CD', '243', 'Kinshasa', 'CDF', 'Congolese Franc', 'Africa', 'Middle Africa', '', 1, '2018-07-21 01:41:03', '2022-04-12 07:03:51'),
(52, 'Cook Islands', 'COK', '184', 'CK', '682', 'Avarua', 'NZD', 'Cook Islands dollar', 'Oceania', 'Polynesia', '', 1, '2018-07-21 01:41:03', '2022-04-12 07:03:51'),
(53, 'Costa Rica', 'CRI', '188', 'CR', '506', 'San Jose', 'CRC', 'Costa Rican coln', 'Americas', 'Central America', '', 1, '2018-07-21 01:41:03', '2022-04-12 07:03:51'),
(54, 'Cote D\'Ivoire (Ivory Coast)', 'CIV', '384', 'CI', '225', 'Yamoussoukro', 'XOF', 'West African CFA franc', 'Africa', 'Western Africa', '', 1, '2018-07-21 01:41:03', '2022-04-12 07:03:51'),
(55, 'Croatia', 'HRV', '191', 'HR', '385', 'Zagreb', 'HRK', 'Croatian kuna', 'Europe', 'Southern Europe', '', 1, '2018-07-21 01:41:03', '2022-04-12 07:03:51'),
(56, 'Cuba', 'CUB', '192', 'CU', '53', 'Havana', 'CUP', 'Cuban peso', 'Americas', 'Caribbean', '', 1, '2018-07-21 01:41:03', '2022-04-12 07:03:51'),
(57, 'Cyprus', 'CYP', '196', 'CY', '357', 'Nicosia', 'EUR', 'Euro', 'Europe', 'Southern Europe', '', 1, '2018-07-21 01:41:03', '2022-04-12 07:03:51'),
(58, 'Czech Republic', 'CZE', '203', 'CZ', '420', 'Prague', 'CZK', 'Czech koruna', 'Europe', 'Eastern Europe', '', 1, '2018-07-21 01:41:03', '2022-04-12 07:03:51'),
(59, 'Denmark', 'DNK', '208', 'DK', '45', 'Copenhagen', 'DKK', 'Danish krone', 'Europe', 'Northern Europe', '', 1, '2018-07-21 01:41:03', '2022-04-12 07:03:51'),
(60, 'Djibouti', 'DJI', '262', 'DJ', '253', 'Djibouti', 'DJF', 'Djiboutian franc', 'Africa', 'Eastern Africa', '', 1, '2018-07-21 01:41:03', '2022-04-12 07:03:51'),
(61, 'Dominica', 'DMA', '212', 'DM', '1767', 'Roseau', 'XCD', 'Eastern Caribbean dollar', 'Americas', 'Caribbean', '', 1, '2018-07-21 01:41:03', '2023-02-01 11:55:50'),
(62, 'Dominican Republic', 'DOM', '214', 'DO', '1809', 'Santo Domingo', 'DOP', 'Dominican peso', 'Americas', 'Caribbean', '', 1, '2018-07-21 01:41:03', '2023-02-01 11:55:58'),
(63, 'East Timor', 'TLS', '626', 'TL', '670', 'Dili', 'USD', 'United States dollar', 'Asia', 'South-Eastern Asia', '', 1, '2018-07-21 01:41:03', '2022-04-12 07:03:51'),
(64, 'Ecuador', 'ECU', '218', 'EC', '593', 'Quito', 'USD', 'United States dollar', 'Americas', 'South America', '', 1, '2018-07-21 01:41:03', '2022-04-12 07:03:51'),
(65, 'Egypt', 'EGY', '818', 'EG', '20', 'Cairo', 'EGP', 'Egyptian pound', 'Africa', 'Northern Africa', '', 1, '2018-07-21 01:41:03', '2022-04-12 07:03:51'),
(66, 'El Salvador', 'SLV', '222', 'SV', '503', 'San Salvador', 'USD', 'United States dollar', 'Americas', 'Central America', '', 1, '2018-07-21 01:41:03', '2022-04-12 07:03:51'),
(67, 'Equatorial Guinea', 'GNQ', '226', 'GQ', '240', 'Malabo', 'XAF', 'Central African CFA franc', 'Africa', 'Middle Africa', '', 1, '2018-07-21 01:41:03', '2022-04-12 07:03:51'),
(68, 'Eritrea', 'ERI', '232', 'ER', '291', 'Asmara', 'ERN', 'Eritrean nakfa', 'Africa', 'Eastern Africa', '', 1, '2018-07-21 01:41:03', '2022-04-12 07:03:51'),
(69, 'Estonia', 'EST', '233', 'EE', '372', 'Tallinn', 'EUR', 'Euro', 'Europe', 'Northern Europe', '', 1, '2018-07-21 01:41:03', '2022-04-12 07:03:51'),
(70, 'Ethiopia', 'ETH', '231', 'ET', '251', 'Addis Ababa', 'ETB', 'Ethiopian birr', 'Africa', 'Eastern Africa', '', 1, '2018-07-21 01:41:03', '2022-04-12 07:03:51'),
(71, 'Falkland Islands', 'FLK', '238', 'FK', '500', 'Stanley', 'FKP', 'Falkland Islands pound', 'Americas', 'South America', '', 1, '2018-07-21 01:41:03', '2022-04-12 07:03:51'),
(72, 'Faroe Islands', 'FRO', '234', 'FO', '298', 'Torshavn', 'DKK', 'Danish krone', 'Europe', 'Northern Europe', '', 1, '2018-07-21 01:41:03', '2022-04-12 07:03:51'),
(73, 'Fiji Islands', 'FJI', '242', 'FJ', '679', 'Suva', 'FJD', 'Fijian dollar', 'Oceania', 'Melanesia', '', 1, '2018-07-21 01:41:03', '2022-04-12 07:03:51'),
(74, 'Finland', 'FIN', '246', 'FI', '358', 'Helsinki', 'EUR', 'Euro', 'Europe', 'Northern Europe', '', 1, '2018-07-21 01:41:03', '2022-04-12 07:03:51'),
(75, 'France', 'FRA', '250', 'FR', '33', 'Paris', 'EUR', 'Euro', 'Europe', 'Western Europe', '', 1, '2018-07-21 01:41:03', '2022-04-12 07:03:51'),
(76, 'French Guiana', 'GUF', '254', 'GF', '594', 'Cayenne', 'EUR', 'Euro', 'Americas', 'South America', '', 1, '2018-07-21 01:41:03', '2022-04-12 07:03:51'),
(77, 'French Polynesia', 'PYF', '258', 'PF', '689', 'Papeete', 'XPF', 'CFP franc', 'Oceania', 'Polynesia', '', 1, '2018-07-21 01:41:03', '2022-04-12 07:03:51'),
(78, 'French Southern Territories', 'ATF', '260', 'TF', '262', 'Port-aux-Francais', 'EUR', 'Euro', 'Africa', 'Southern Africa', '', 1, '2018-07-21 01:41:03', '2022-04-12 07:03:51'),
(79, 'Gabon', 'GAB', '266', 'GA', '241', 'Libreville', 'XAF', 'Central African CFA franc', 'Africa', 'Middle Africa', '', 1, '2018-07-21 01:41:03', '2022-04-12 07:03:51'),
(80, 'Gambia The', 'GMB', '270', 'GM', '220', 'Banjul', 'GMD', 'Gambian dalasi', 'Africa', 'Western Africa', '', 1, '2018-07-21 01:41:03', '2022-04-12 07:03:51'),
(81, 'Georgia', 'GEO', '268', 'GE', '995', 'Tbilisi', 'GEL', 'Georgian lari', 'Asia', 'Western Asia', '', 1, '2018-07-21 01:41:03', '2022-04-12 07:03:51'),
(82, 'Germany', 'DEU', '276', 'DE', '49', 'Berlin', 'EUR', 'Euro', 'Europe', 'Western Europe', '', 1, '2018-07-21 01:41:03', '2022-04-12 07:03:51'),
(83, 'Ghana', 'GHA', '288', 'GH', '233', 'Accra', 'GHS', 'Ghanaian cedi', 'Africa', 'Western Africa', '', 1, '2018-07-21 01:41:03', '2022-04-12 07:03:51'),
(84, 'Gibraltar', 'GIB', '292', 'GI', '350', 'Gibraltar', 'GIP', 'Gibraltar pound', 'Europe', 'Southern Europe', '', 1, '2018-07-21 01:41:03', '2022-04-12 07:03:51'),
(85, 'Greece', 'GRC', '300', 'GR', '30', 'Athens', 'EUR', 'Euro', 'Europe', 'Southern Europe', '', 1, '2018-07-21 01:41:03', '2022-04-12 07:03:51'),
(86, 'Greenland', 'GRL', '304', 'GL', '299', 'Nuuk', 'DKK', 'Danish krone', 'Americas', 'Northern America', '', 1, '2018-07-21 01:41:03', '2022-04-12 07:03:51'),
(87, 'Grenada', 'GRD', '308', 'GD', '1473', 'St. George\'s', 'XCD', 'Eastern Caribbean dollar', 'Americas', 'Caribbean', '', 1, '2018-07-21 01:41:03', '2023-02-01 11:56:06'),
(88, 'Guadeloupe', 'GLP', '312', 'GP', '590', 'Basse-Terre', 'EUR', 'Euro', 'Americas', 'Caribbean', '', 1, '2018-07-21 01:41:03', '2022-04-12 07:03:51'),
(89, 'Guam', 'GUM', '316', 'GU', '1671', 'Hagatna', 'USD', 'US Dollar', 'Oceania', 'Micronesia', '', 1, '2018-07-21 01:41:03', '2023-02-01 11:56:11'),
(90, 'Guatemala', 'GTM', '320', 'GT', '502', 'Guatemala City', 'GTQ', 'Guatemalan quetzal', 'Americas', 'Central America', '', 1, '2018-07-21 01:41:03', '2022-04-12 07:03:51'),
(91, 'Guernsey and Alderney', 'GGY', '831', 'GG', '441481', 'St Peter Port', 'GBP', 'British pound', 'Europe', 'Northern Europe', '', 1, '2018-07-21 01:41:03', '2023-02-01 11:56:18'),
(92, 'Guinea', 'GIN', '324', 'GN', '224', 'Conakry', 'GNF', 'Guinean franc', 'Africa', 'Western Africa', '', 1, '2018-07-21 01:41:03', '2022-04-12 07:03:51'),
(93, 'Guinea-Bissau', 'GNB', '624', 'GW', '245', 'Bissau', 'XOF', 'West African CFA franc', 'Africa', 'Western Africa', '', 1, '2018-07-21 01:41:03', '2022-04-12 07:03:51'),
(94, 'Guyana', 'GUY', '328', 'GY', '592', 'Georgetown', 'GYD', 'Guyanese dollar', 'Americas', 'South America', '', 1, '2018-07-21 01:41:03', '2022-04-12 07:03:51'),
(95, 'Haiti', 'HTI', '332', 'HT', '509', 'Port-au-Prince', 'HTG', 'Haitian gourde', 'Americas', 'Caribbean', '', 1, '2018-07-21 01:41:03', '2022-04-12 07:03:51'),
(96, 'Heard Island and McDonald Islands', 'HMD', '334', 'HM', '672', '', 'AUD', 'Australian dollar', '', '', '', 1, '2018-07-21 01:41:03', '2022-04-12 07:03:51'),
(97, 'Honduras', 'HND', '340', 'HN', '504', 'Tegucigalpa', 'HNL', 'Honduran lempira', 'Americas', 'Central America', '', 1, '2018-07-21 01:41:03', '2022-04-12 07:03:51'),
(98, 'Hong Kong S.A.R.', 'HKG', '344', 'HK', '852', 'Hong Kong', 'HKD', 'Hong Kong dollar', 'Asia', 'Eastern Asia', '', 1, '2018-07-21 01:41:03', '2022-04-12 07:03:51'),
(99, 'Hungary', 'HUN', '348', 'HU', '36', 'Budapest', 'HUF', 'Hungarian forint', 'Europe', 'Eastern Europe', '', 1, '2018-07-21 01:41:03', '2022-04-12 07:03:51'),
(100, 'Iceland', 'ISL', '352', 'IS', '354', 'Reykjavik', 'ISK', 'Icelandic krna', 'Europe', 'Northern Europe', '', 1, '2018-07-21 01:41:03', '2022-04-12 07:03:51'),
(101, 'India', 'IND', '356', 'IN', '91', 'New Delhi', 'INR', 'Indian rupee', 'Asia', 'Southern Asia', '', 1, '2018-07-21 01:41:03', '2022-04-12 07:03:51'),
(102, 'Indonesia', 'IDN', '360', 'ID', '62', 'Jakarta', 'IDR', 'Indonesian rupiah', 'Asia', 'South-Eastern Asia', '', 1, '2018-07-21 01:41:03', '2022-04-12 07:03:51'),
(103, 'Iran', 'IRN', '364', 'IR', '98', 'Tehran', 'IRR', 'Iranian rial', 'Asia', 'Southern Asia', '', 1, '2018-07-21 01:41:03', '2022-04-12 07:03:51'),
(104, 'Iraq', 'IRQ', '368', 'IQ', '964', 'Baghdad', 'IQD', 'Iraqi dinar', 'Asia', 'Western Asia', '', 1, '2018-07-21 01:41:03', '2022-04-12 07:03:51'),
(105, 'Ireland', 'IRL', '372', 'IE', '353', 'Dublin', 'EUR', 'Euro', 'Europe', 'Northern Europe', '', 1, '2018-07-21 01:41:03', '2022-04-12 07:03:51'),
(106, 'Israel', 'ISR', '376', 'IL', '972', 'Jerusalem', 'ILS', 'Israeli new shekel', 'Asia', 'Western Asia', '', 1, '2018-07-21 01:41:03', '2022-04-12 07:03:51'),
(107, 'Italy', 'ITA', '380', 'IT', '39', 'Rome', 'EUR', 'Euro', 'Europe', 'Southern Europe', '', 1, '2018-07-21 01:41:03', '2022-04-12 07:03:51'),
(108, 'Jamaica', 'JAM', '388', 'JM', '1876', 'Kingston', 'JMD', 'Jamaican dollar', 'Americas', 'Caribbean', '', 1, '2018-07-21 01:41:03', '2023-02-01 11:56:27'),
(109, 'Japan', 'JPN', '392', 'JP', '81', 'Tokyo', 'JPY', 'Japanese yen', 'Asia', 'Eastern Asia', '', 1, '2018-07-21 01:41:03', '2022-04-12 07:03:51'),
(110, 'Jersey', 'JEY', '832', 'JE', '441534', 'Saint Helier', 'GBP', 'British pound', 'Europe', 'Northern Europe', '', 1, '2018-07-21 01:41:03', '2023-02-01 11:56:33'),
(111, 'Jordan', 'JOR', '400', 'JO', '962', 'Amman', 'JOD', 'Jordanian dinar', 'Asia', 'Western Asia', '', 1, '2018-07-21 01:41:03', '2022-04-12 07:03:51'),
(112, 'Kazakhstan', 'KAZ', '398', 'KZ', '7', 'Astana', 'KZT', 'Kazakhstani tenge', 'Asia', 'Central Asia', '', 1, '2018-07-21 01:41:03', '2022-04-12 07:03:51'),
(113, 'Kenya', 'KEN', '404', 'KE', '254', 'Nairobi', 'KES', 'Kenyan shilling', 'Africa', 'Eastern Africa', '', 1, '2018-07-21 01:41:03', '2022-04-12 07:03:51'),
(114, 'Kiribati', 'KIR', '296', 'KI', '686', 'Tarawa', 'AUD', 'Australian dollar', 'Oceania', 'Micronesia', '', 1, '2018-07-21 01:41:03', '2022-04-12 07:03:51'),
(115, 'North Korea', 'PRK', '408', 'KP', '850', 'Pyongyang', 'KPW', 'North Korean Won', 'Asia', 'Eastern Asia', '', 1, '2018-07-21 01:41:03', '2022-04-12 07:03:51'),
(116, 'South Korea', 'KOR', '410', 'KR', '82', 'Seoul', 'KRW', 'Won', 'Asia', 'Eastern Asia', '', 1, '2018-07-21 01:41:03', '2022-04-12 07:03:51'),
(117, 'Kuwait', 'KWT', '414', 'KW', '965', 'Kuwait City', 'KWD', 'Kuwaiti dinar', 'Asia', 'Western Asia', '', 1, '2018-07-21 01:41:03', '2022-04-12 07:03:51'),
(118, 'Kyrgyzstan', 'KGZ', '417', 'KG', '996', 'Bishkek', 'KGS', 'Kyrgyzstani som', 'Asia', 'Central Asia', '', 1, '2018-07-21 01:41:03', '2022-04-12 07:03:51'),
(119, 'Laos', 'LAO', '418', 'LA', '856', 'Vientiane', 'LAK', 'Lao kip', 'Asia', 'South-Eastern Asia', '', 1, '2018-07-21 01:41:03', '2022-04-12 07:03:51'),
(120, 'Latvia', 'LVA', '428', 'LV', '371', 'Riga', 'EUR', 'Euro', 'Europe', 'Northern Europe', '', 1, '2018-07-21 01:41:03', '2022-04-12 07:03:51'),
(121, 'Lebanon', 'LBN', '422', 'LB', '961', 'Beirut', 'LBP', 'Lebanese pound', 'Asia', 'Western Asia', '', 1, '2018-07-21 01:41:03', '2022-04-12 07:03:51'),
(122, 'Lesotho', 'LSO', '426', 'LS', '266', 'Maseru', 'LSL', 'Lesotho loti', 'Africa', 'Southern Africa', '', 1, '2018-07-21 01:41:03', '2022-04-12 07:03:51'),
(123, 'Liberia', 'LBR', '430', 'LR', '231', 'Monrovia', 'LRD', 'Liberian dollar', 'Africa', 'Western Africa', '', 1, '2018-07-21 01:41:03', '2022-04-12 07:03:51'),
(124, 'Libya', 'LBY', '434', 'LY', '218', 'Tripolis', 'LYD', 'Libyan dinar', 'Africa', 'Northern Africa', '', 1, '2018-07-21 01:41:03', '2022-04-12 07:03:51'),
(125, 'Liechtenstein', 'LIE', '438', 'LI', '423', 'Vaduz', 'CHF', 'Swiss franc', 'Europe', 'Western Europe', '', 1, '2018-07-21 01:41:03', '2022-04-12 07:03:51'),
(126, 'Lithuania', 'LTU', '440', 'LT', '370', 'Vilnius', 'EUR', 'Euro', 'Europe', 'Northern Europe', '', 1, '2018-07-21 01:41:03', '2022-04-12 07:03:51'),
(127, 'Luxembourg', 'LUX', '442', 'LU', '352', 'Luxembourg', 'EUR', 'Euro', 'Europe', 'Western Europe', '', 1, '2018-07-21 01:41:03', '2022-04-12 07:03:51'),
(128, 'Macau S.A.R.', 'MAC', '446', 'MO', '853', 'Macao', 'MOP', 'Macanese pataca', 'Asia', 'Eastern Asia', '', 1, '2018-07-21 01:41:03', '2022-04-12 07:03:51'),
(129, 'Macedonia', 'MKD', '807', 'MK', '389', 'Skopje', 'MKD', 'Denar', 'Europe', 'Southern Europe', '', 1, '2018-07-21 01:41:03', '2022-04-12 07:03:51'),
(130, 'Madagascar', 'MDG', '450', 'MG', '261', 'Antananarivo', 'MGA', 'Malagasy ariary', 'Africa', 'Eastern Africa', '', 1, '2018-07-21 01:41:03', '2022-04-12 07:03:51'),
(131, 'Malawi', 'MWI', '454', 'MW', '265', 'Lilongwe', 'MWK', 'Malawian kwacha', 'Africa', 'Eastern Africa', '', 1, '2018-07-21 01:41:03', '2022-04-12 07:03:51'),
(132, 'Malaysia', 'MYS', '458', 'MY', '60', 'Kuala Lumpur', 'MYR', 'Malaysian ringgit', 'Asia', 'South-Eastern Asia', '', 1, '2018-07-21 01:41:03', '2022-04-12 07:03:51'),
(133, 'Maldives', 'MDV', '462', 'MV', '960', 'Male', 'MVR', 'Maldivian rufiyaa', 'Asia', 'Southern Asia', '', 1, '2018-07-21 01:41:03', '2022-04-12 07:03:51'),
(134, 'Mali', 'MLI', '466', 'ML', '223', 'Bamako', 'XOF', 'West African CFA franc', 'Africa', 'Western Africa', '', 1, '2018-07-21 01:41:03', '2022-04-12 07:03:51'),
(135, 'Malta', 'MLT', '470', 'MT', '356', 'Valletta', 'EUR', 'Euro', 'Europe', 'Southern Europe', '', 1, '2018-07-21 01:41:03', '2022-04-12 07:03:51'),
(136, 'Man (Isle of)', 'IMN', '833', 'IM', '441624', 'Douglas, Isle of Man', 'GBP', 'British pound', 'Europe', 'Northern Europe', '', 1, '2018-07-21 01:41:03', '2023-02-01 11:56:43'),
(137, 'Marshall Islands', 'MHL', '584', 'MH', '692', 'Majuro', 'USD', 'United States dollar', 'Oceania', 'Micronesia', '', 1, '2018-07-21 01:41:03', '2022-04-12 07:03:51'),
(138, 'Martinique', 'MTQ', '474', 'MQ', '596', 'Fort-de-France', 'EUR', 'Euro', 'Americas', 'Caribbean', '', 1, '2018-07-21 01:41:03', '2022-04-12 07:03:51'),
(139, 'Mauritania', 'MRT', '478', 'MR', '222', 'Nouakchott', 'MRO', 'Mauritanian ouguiya', 'Africa', 'Western Africa', '', 1, '2018-07-21 01:41:03', '2022-04-12 07:03:51'),
(140, 'Mauritius', 'MUS', '480', 'MU', '230', 'Port Louis', 'MUR', 'Mauritian rupee', 'Africa', 'Eastern Africa', '', 1, '2018-07-21 01:41:03', '2022-04-12 07:03:51'),
(141, 'Mayotte', 'MYT', '175', 'YT', '262', 'Mamoudzou', 'EUR', 'Euro', 'Africa', 'Eastern Africa', '', 1, '2018-07-21 01:41:03', '2022-04-12 07:03:51'),
(142, 'Mexico', 'MEX', '484', 'MX', '52', 'Ciudad de Mxico', 'MXN', 'Mexican peso', 'Americas', 'Central America', '', 1, '2018-07-21 01:41:03', '2022-04-12 07:03:51'),
(143, 'Micronesia', 'FSM', '583', 'FM', '691', 'Palikir', 'USD', 'United States dollar', 'Oceania', 'Micronesia', '', 1, '2018-07-21 01:41:03', '2022-04-12 07:03:51'),
(144, 'Moldova', 'MDA', '498', 'MD', '373', 'Chisinau', 'MDL', 'Moldovan leu', 'Europe', 'Eastern Europe', '', 1, '2018-07-21 01:41:03', '2022-04-12 07:03:51'),
(145, 'Monaco', 'MCO', '492', 'MC', '377', 'Monaco', 'EUR', 'Euro', 'Europe', 'Western Europe', '', 1, '2018-07-21 01:41:03', '2022-04-12 07:03:51'),
(146, 'Mongolia', 'MNG', '496', 'MN', '976', 'Ulan Bator', 'MNT', 'Mongolian tgrg', 'Asia', 'Eastern Asia', '', 1, '2018-07-21 01:41:03', '2022-04-12 07:03:51'),
(147, 'Montenegro', 'MNE', '499', 'ME', '382', 'Podgorica', 'EUR', 'Euro', 'Europe', 'Southern Europe', '', 1, '2018-07-21 01:41:03', '2022-04-12 07:03:51'),
(148, 'Montserrat', 'MSR', '500', 'MS', '1664', 'Plymouth', 'XCD', 'Eastern Caribbean dollar', 'Americas', 'Caribbean', '', 1, '2018-07-21 01:41:03', '2023-02-01 11:56:51'),
(149, 'Morocco', 'MAR', '504', 'MA', '212', 'Rabat', 'MAD', 'Moroccan dirham', 'Africa', 'Northern Africa', '', 1, '2018-07-21 01:41:03', '2022-04-12 07:03:51'),
(150, 'Mozambique', 'MOZ', '508', 'MZ', '258', 'Maputo', 'MZN', 'Mozambican metical', 'Africa', 'Eastern Africa', '', 1, '2018-07-21 01:41:03', '2022-04-12 07:03:51'),
(151, 'Myanmar', 'MMR', '104', 'MM', '95', 'Nay Pyi Taw', 'MMK', 'Burmese kyat', 'Asia', 'South-Eastern Asia', '', 1, '2018-07-21 01:41:03', '2022-04-12 07:03:51'),
(152, 'Namibia', 'NAM', '516', 'NA', '264', 'Windhoek', 'NAD', 'Namibian dollar', 'Africa', 'Southern Africa', '', 1, '2018-07-21 01:41:03', '2022-04-12 07:03:51'),
(153, 'Nauru', 'NRU', '520', 'NR', '674', 'Yaren', 'AUD', 'Australian dollar', 'Oceania', 'Micronesia', '', 1, '2018-07-21 01:41:03', '2022-04-12 07:03:51'),
(154, 'Nepal', 'NPL', '524', 'NP', '977', 'Kathmandu', 'NPR', 'Nepalese rupee', 'Asia', 'Southern Asia', '', 1, '2018-07-21 01:41:03', '2022-04-12 07:03:51'),
(155, 'Bonaire, Sint Eustatius and Saba', 'BES', '535', 'BQ', '599', 'Kralendijk', 'USD', 'United States dollar', 'Americas', 'Caribbean', '', 1, '2018-07-21 01:41:03', '2022-04-12 07:03:51'),
(156, 'Netherlands', 'NLD', '528', 'NL', '31', 'Amsterdam', 'EUR', 'Euro', 'Europe', 'Western Europe', '', 1, '2018-07-21 01:41:03', '2022-04-12 07:03:51'),
(157, 'New Caledonia', 'NCL', '540', 'NC', '687', 'Noumea', 'XPF', 'CFP franc', 'Oceania', 'Melanesia', '', 1, '2018-07-21 01:41:03', '2022-04-12 07:03:51'),
(158, 'New Zealand', 'NZL', '554', 'NZ', '64', 'Wellington', 'NZD', 'New Zealand dollar', 'Oceania', 'Australia and New Zealand', '', 1, '2018-07-21 01:41:03', '2022-04-12 07:03:51'),
(159, 'Nicaragua', 'NIC', '558', 'NI', '505', 'Managua', 'NIO', 'Nicaraguan crdoba', 'Americas', 'Central America', '', 1, '2018-07-21 01:41:03', '2022-04-12 07:03:51'),
(160, 'Niger', 'NER', '562', 'NE', '227', 'Niamey', 'XOF', 'West African CFA franc', 'Africa', 'Western Africa', '', 1, '2018-07-21 01:41:03', '2022-04-12 07:03:51'),
(161, 'Nigeria', 'NGA', '566', 'NG', '234', 'Abuja', 'NGN', 'Nigerian naira', 'Africa', 'Western Africa', '', 1, '2018-07-21 01:41:03', '2022-04-12 07:03:51'),
(162, 'Niue', 'NIU', '570', 'NU', '683', 'Alofi', 'NZD', 'New Zealand dollar', 'Oceania', 'Polynesia', '', 1, '2018-07-21 01:41:03', '2022-04-12 07:03:51'),
(163, 'Norfolk Island', 'NFK', '574', 'NF', '672', 'Kingston', 'AUD', 'Australian dollar', 'Oceania', 'Australia and New Zealand', '', 1, '2018-07-21 01:41:03', '2022-04-12 07:03:51'),
(164, 'Northern Mariana Islands', 'MNP', '580', 'MP', '1670', 'Saipan', 'USD', 'United States dollar', 'Oceania', 'Micronesia', '', 1, '2018-07-21 01:41:03', '2023-02-01 11:56:58'),
(165, 'Norway', 'NOR', '578', 'NO', '47', 'Oslo', 'NOK', 'Norwegian krone', 'Europe', 'Northern Europe', '', 1, '2018-07-21 01:41:03', '2022-04-12 07:03:51'),
(166, 'Oman', 'OMN', '512', 'OM', '968', 'Muscat', 'OMR', 'Omani rial', 'Asia', 'Western Asia', '', 1, '2018-07-21 01:41:03', '2022-04-12 07:03:51'),
(167, 'Pakistan', 'PAK', '586', 'PK', '92', 'Islamabad', 'PKR', 'Pakistani rupee', 'Asia', 'Southern Asia', '', 1, '2018-07-21 01:41:03', '2022-04-12 07:03:51'),
(168, 'Palau', 'PLW', '585', 'PW', '680', 'Melekeok', 'USD', 'United States dollar', 'Oceania', 'Micronesia', '', 1, '2018-07-21 01:41:03', '2022-04-12 07:03:51'),
(169, 'Palestinian Territory Occupied', 'PSE', '275', 'PS', '970', 'East Jerusalem', 'ILS', 'Israeli new shekel', 'Asia', 'Western Asia', '', 1, '2018-07-21 01:41:03', '2022-04-12 07:03:51'),
(170, 'Panama', 'PAN', '591', 'PA', '507', 'Panama City', 'PAB', 'Panamanian balboa', 'Americas', 'Central America', '', 1, '2018-07-21 01:41:03', '2022-04-12 07:03:51'),
(171, 'Papua new Guinea', 'PNG', '598', 'PG', '675', 'Port Moresby', 'PGK', 'Papua New Guinean kina', 'Oceania', 'Melanesia', '', 1, '2018-07-21 01:41:03', '2022-04-12 07:03:51'),
(172, 'Paraguay', 'PRY', '600', 'PY', '595', 'Asuncion', 'PYG', 'Paraguayan guarani', 'Americas', 'South America', '', 1, '2018-07-21 01:41:03', '2022-04-12 07:03:51'),
(173, 'Peru', 'PER', '604', 'PE', '51', 'Lima', 'PEN', 'Peruvian sol', 'Americas', 'South America', '', 1, '2018-07-21 01:41:03', '2022-04-12 07:03:51'),
(174, 'Philippines', 'PHL', '608', 'PH', '63', 'Manila', 'PHP', 'Philippine peso', 'Asia', 'South-Eastern Asia', '', 1, '2018-07-21 01:41:03', '2022-04-12 07:03:51'),
(175, 'Pitcairn Island', 'PCN', '612', 'PN', '870', 'Adamstown', 'NZD', 'New Zealand dollar', 'Oceania', 'Polynesia', '', 1, '2018-07-21 01:41:03', '2022-04-12 07:03:51'),
(176, 'Poland', 'POL', '616', 'PL', '48', 'Warsaw', 'PLN', 'Polish zoty', 'Europe', 'Eastern Europe', '', 1, '2018-07-21 01:41:03', '2022-04-12 07:03:51'),
(177, 'Portugal', 'PRT', '620', 'PT', '351', 'Lisbon', 'EUR', 'Euro', 'Europe', 'Southern Europe', '', 1, '2018-07-21 01:41:03', '2022-04-12 07:03:51'),
(178, 'Puerto Rico', 'PRI', '630', 'PR', '1787', 'San Juan', 'USD', 'United States dollar', 'Americas', 'Caribbean', '', 1, '2018-07-21 01:41:03', '2023-02-01 11:57:06'),
(179, 'Qatar', 'QAT', '634', 'QA', '974', 'Doha', 'QAR', 'Qatari riyal', 'Asia', 'Western Asia', '', 1, '2018-07-21 01:41:03', '2022-04-12 07:03:51'),
(180, 'Reunion', 'REU', '638', 'RE', '262', 'Saint-Denis', 'EUR', 'Euro', 'Africa', 'Eastern Africa', '', 1, '2018-07-21 01:41:03', '2022-04-12 07:03:51'),
(181, 'Romania', 'ROU', '642', 'RO', '40', 'Bucharest', 'RON', 'Romanian leu', 'Europe', 'Eastern Europe', '', 1, '2018-07-21 01:41:03', '2022-04-12 07:03:51'),
(182, 'Russia', 'RUS', '643', 'RU', '7', 'Moscow', 'RUB', 'Russian ruble', 'Europe', 'Eastern Europe', '', 1, '2018-07-21 01:41:03', '2022-04-12 07:03:51'),
(183, 'Rwanda', 'RWA', '646', 'RW', '250', 'Kigali', 'RWF', 'Rwandan franc', 'Africa', 'Eastern Africa', '', 1, '2018-07-21 01:41:03', '2022-04-12 07:03:51'),
(184, 'Saint Helena', 'SHN', '654', 'SH', '290', 'Jamestown', 'SHP', 'Saint Helena pound', 'Africa', 'Western Africa', '', 1, '2018-07-21 01:41:03', '2022-04-12 07:03:51'),
(185, 'Saint Kitts And Nevis', 'KNA', '659', 'KN', '1869', 'Basseterre', 'XCD', 'Eastern Caribbean dollar', 'Americas', 'Caribbean', '', 1, '2018-07-21 01:41:03', '2023-02-01 11:57:15'),
(186, 'Saint Lucia', 'LCA', '662', 'LC', '1758', 'Castries', 'XCD', 'Eastern Caribbean dollar', 'Americas', 'Caribbean', '', 1, '2018-07-21 01:41:03', '2023-02-01 11:57:21'),
(187, 'Saint Pierre and Miquelon', 'SPM', '666', 'PM', '508', 'Saint-Pierre', 'EUR', 'Euro', 'Americas', 'Northern America', '', 1, '2018-07-21 01:41:03', '2022-04-12 07:03:51'),
(188, 'Saint Vincent And The Grenadines', 'VCT', '670', 'VC', '1784', 'Kingstown', 'XCD', 'Eastern Caribbean dollar', 'Americas', 'Caribbean', '', 1, '2018-07-21 01:41:03', '2023-02-01 11:57:27'),
(189, 'Saint-Barthelemy', 'BLM', '652', 'BL', '590', 'Gustavia', 'EUR', 'Euro', 'Americas', 'Caribbean', '', 1, '2018-07-21 01:41:03', '2022-04-12 07:03:51'),
(190, 'Saint-Martin (French part)', 'MAF', '663', 'MF', '590', 'Marigot', 'EUR', 'Euro', 'Americas', 'Caribbean', '', 1, '2018-07-21 01:41:03', '2022-04-12 07:03:51'),
(191, 'Samoa', 'WSM', '882', 'WS', '685', 'Apia', 'WST', 'Samoan tl', 'Oceania', 'Polynesia', '', 1, '2018-07-21 01:41:03', '2022-04-12 07:03:51'),
(192, 'San Marino', 'SMR', '674', 'SM', '378', 'San Marino', 'EUR', 'Euro', 'Europe', 'Southern Europe', '', 1, '2018-07-21 01:41:03', '2022-04-12 07:03:51'),
(193, 'Sao Tome and Principe', 'STP', '678', 'ST', '239', 'Sao Tome', 'STD', 'Dobra', 'Africa', 'Middle Africa', '', 1, '2018-07-21 01:41:03', '2022-04-12 07:03:51'),
(194, 'Saudi Arabia', 'SAU', '682', 'SA', '966', 'Riyadh', 'SAR', 'Saudi riyal', 'Asia', 'Western Asia', '', 1, '2018-07-21 01:41:03', '2022-04-12 07:03:51'),
(195, 'Senegal', 'SEN', '686', 'SN', '221', 'Dakar', 'XOF', 'West African CFA franc', 'Africa', 'Western Africa', '', 1, '2018-07-21 01:41:03', '2022-04-12 07:03:51'),
(196, 'Serbia', 'SRB', '688', 'RS', '381', 'Belgrade', 'RSD', 'Serbian dinar', 'Europe', 'Southern Europe', '', 1, '2018-07-21 01:41:03', '2022-04-12 07:03:51'),
(197, 'Seychelles', 'SYC', '690', 'SC', '248', 'Victoria', 'SCR', 'Seychellois rupee', 'Africa', 'Eastern Africa', '', 1, '2018-07-21 01:41:03', '2022-04-12 07:03:51'),
(198, 'Sierra Leone', 'SLE', '694', 'SL', '232', 'Freetown', 'SLL', 'Sierra Leonean leone', 'Africa', 'Western Africa', '', 1, '2018-07-21 01:41:03', '2022-04-12 07:03:51'),
(199, 'Singapore', 'SGP', '702', 'SG', '65', 'Singapur', 'SGD', 'Singapore dollar', 'Asia', 'South-Eastern Asia', '', 1, '2018-07-21 01:41:03', '2022-04-12 07:03:51'),
(200, 'Slovakia', 'SVK', '703', 'SK', '421', 'Bratislava', 'EUR', 'Euro', 'Europe', 'Eastern Europe', '', 1, '2018-07-21 01:41:03', '2022-04-12 07:03:51'),
(201, 'Slovenia', 'SVN', '705', 'SI', '386', 'Ljubljana', 'EUR', 'Euro', 'Europe', 'Southern Europe', '', 1, '2018-07-21 01:41:03', '2022-04-12 07:03:51'),
(202, 'Solomon Islands', 'SLB', '090', 'SB', '677', 'Honiara', 'SBD', 'Solomon Islands dollar', 'Oceania', 'Melanesia', '', 1, '2018-07-21 01:41:03', '2022-04-12 07:03:51'),
(203, 'Somalia', 'SOM', '706', 'SO', '252', 'Mogadishu', 'SOS', 'Somali shilling', 'Africa', 'Eastern Africa', '', 1, '2018-07-21 01:41:03', '2022-04-12 07:03:51'),
(204, 'South Africa', 'ZAF', '710', 'ZA', '27', 'Pretoria', 'ZAR', 'South African rand', 'Africa', 'Southern Africa', '', 1, '2018-07-21 01:41:03', '2022-04-12 07:03:51'),
(205, 'South Georgia', 'SGS', '239', 'GS', '500', 'Grytviken', 'GBP', 'British pound', 'Americas', 'South America', '', 1, '2018-07-21 01:41:03', '2022-04-12 07:03:51'),
(206, 'South Sudan', 'SSD', '728', 'SS', '211', 'Juba', 'SSP', 'South Sudanese pound', 'Africa', 'Middle Africa', '', 1, '2018-07-21 01:41:03', '2022-04-12 07:03:51'),
(207, 'Spain', 'ESP', '724', 'ES', '34', 'Madrid', 'EUR', 'Euro', 'Europe', 'Southern Europe', '', 1, '2018-07-21 01:41:03', '2022-04-12 07:03:51'),
(208, 'Sri Lanka', 'LKA', '144', 'LK', '94', 'Colombo', 'LKR', 'Sri Lankan rupee', 'Asia', 'Southern Asia', '', 1, '2018-07-21 01:41:03', '2022-04-12 07:03:51'),
(209, 'Sudan', 'SDN', '729', 'SD', '249', 'Khartoum', 'SDG', 'Sudanese pound', 'Africa', 'Northern Africa', '', 1, '2018-07-21 01:41:03', '2022-04-12 07:03:51'),
(210, 'Suriname', 'SUR', '740', 'SR', '597', 'Paramaribo', 'SRD', 'Surinamese dollar', 'Americas', 'South America', '', 1, '2018-07-21 01:41:03', '2022-04-12 07:03:51'),
(211, 'Svalbard And Jan Mayen Islands', 'SJM', '744', 'SJ', '47', 'Longyearbyen', 'NOK', 'Norwegian Krone', 'Europe', 'Northern Europe', '', 1, '2018-07-21 01:41:03', '2022-04-12 07:03:51'),
(212, 'Swaziland', 'SWZ', '748', 'SZ', '268', 'Mbabane', 'SZL', 'Lilangeni', 'Africa', 'Southern Africa', '', 1, '2018-07-21 01:41:03', '2022-04-12 07:03:51'),
(213, 'Sweden', 'SWE', '752', 'SE', '46', 'Stockholm', 'SEK', 'Swedish krona', 'Europe', 'Northern Europe', '', 1, '2018-07-21 01:41:03', '2022-04-12 07:03:51'),
(214, 'Switzerland', 'CHE', '756', 'CH', '41', 'Bern', 'CHF', 'Swiss franc', 'Europe', 'Western Europe', '', 1, '2018-07-21 01:41:03', '2022-04-12 07:03:51'),
(215, 'Syria', 'SYR', '760', 'SY', '963', 'Damascus', 'SYP', 'Syrian pound', 'Asia', 'Western Asia', '', 1, '2018-07-21 01:41:03', '2022-04-12 07:03:51'),
(216, 'Taiwan', 'TWN', '158', 'TW', '886', 'Taipei', 'TWD', 'New Taiwan dollar', 'Asia', 'Eastern Asia', '', 1, '2018-07-21 01:41:03', '2022-04-12 07:03:51'),
(217, 'Tajikistan', 'TJK', '762', 'TJ', '992', 'Dushanbe', 'TJS', 'Tajikistani somoni', 'Asia', 'Central Asia', '', 1, '2018-07-21 01:41:03', '2022-04-12 07:03:51'),
(218, 'Tanzania', 'TZA', '834', 'TZ', '255', 'Dodoma', 'TZS', 'Tanzanian shilling', 'Africa', 'Eastern Africa', '', 1, '2018-07-21 01:41:03', '2022-04-12 07:03:51'),
(219, 'Thailand', 'THA', '764', 'TH', '66', 'Bangkok', 'THB', 'Thai baht', 'Asia', 'South-Eastern Asia', '', 1, '2018-07-21 01:41:03', '2022-04-12 07:03:51'),
(220, 'Togo', 'TGO', '768', 'TG', '228', 'Lome', 'XOF', 'West African CFA franc', 'Africa', 'Western Africa', '', 1, '2018-07-21 01:41:03', '2022-04-12 07:03:51'),
(221, 'Tokelau', 'TKL', '772', 'TK', '690', '', 'NZD', 'New Zealand dollar', 'Oceania', 'Polynesia', '', 1, '2018-07-21 01:41:03', '2022-04-12 07:03:51'),
(222, 'Tonga', 'TON', '776', 'TO', '676', 'Nuku\'alofa', 'TOP', 'Tongan paanga', 'Oceania', 'Polynesia', '', 1, '2018-07-21 01:41:03', '2022-04-12 07:03:51'),
(223, 'Trinidad And Tobago', 'TTO', '780', 'TT', '+1-868', 'Port of Spain', 'TTD', 'Trinidad and Tobago dollar', 'Americas', 'Caribbean', '', 1, '2018-07-21 01:41:03', '2022-04-12 07:03:51'),
(224, 'Tunisia', 'TUN', '788', 'TN', '216', 'Tunis', 'TND', 'Tunisian dinar', 'Africa', 'Northern Africa', '', 1, '2018-07-21 01:41:03', '2022-04-12 07:03:51'),
(225, 'Turkey', 'TUR', '792', 'TR', '90', 'Ankara', 'TRY', 'Turkish lira', 'Asia', 'Western Asia', '', 1, '2018-07-21 01:41:03', '2022-04-12 07:03:51'),
(226, 'Turkmenistan', 'TKM', '795', 'TM', '993', 'Ashgabat', 'TMT', 'Turkmenistan manat', 'Asia', 'Central Asia', '', 1, '2018-07-21 01:41:03', '2022-04-12 07:03:51'),
(227, 'Turks And Caicos Islands', 'TCA', '796', 'TC', '+1-649', 'Cockburn Town', 'USD', 'United States dollar', 'Americas', 'Caribbean', '', 1, '2018-07-21 01:41:03', '2022-04-12 07:03:51'),
(228, 'Tuvalu', 'TUV', '798', 'TV', '688', 'Funafuti', 'AUD', 'Australian dollar', 'Oceania', 'Polynesia', '', 1, '2018-07-21 01:41:03', '2022-04-12 07:03:51'),
(229, 'Uganda', 'UGA', '800', 'UG', '256', 'Kampala', 'UGX', 'Ugandan shilling', 'Africa', 'Eastern Africa', '', 1, '2018-07-21 01:41:03', '2022-04-12 07:03:51'),
(230, 'Ukraine', 'UKR', '804', 'UA', '380', 'Kiev', 'UAH', 'Ukrainian hryvnia', 'Europe', 'Eastern Europe', '', 1, '2018-07-21 01:41:03', '2022-04-12 07:03:51'),
(231, 'United Arab Emirates', 'ARE', '784', 'AE', '971', 'Abu Dhabi', 'AED', 'United Arab Emirates dirham', 'Asia', 'Western Asia', '', 1, '2018-07-21 01:41:03', '2022-04-12 07:03:51'),
(232, 'United Kingdom', 'GBR', '826', 'GB', '44', 'London', 'GBP', 'British pound', 'Europe', 'Northern Europe', '', 1, '2018-07-21 01:41:03', '2022-04-12 07:03:51'),
(233, 'United States', 'USA', '840', 'US', '1', 'Washington', 'USD', 'United States dollar', 'Americas', 'Northern America', '', 1, '2018-07-21 01:41:03', '2022-04-12 07:03:51'),
(234, 'United States Minor Outlying Islands', 'UMI', '581', 'UM', '1', '', 'USD', 'United States dollar', 'Americas', 'Northern America', '', 1, '2018-07-21 01:41:03', '2022-04-12 07:03:51'),
(235, 'Uruguay', 'URY', '858', 'UY', '598', 'Montevideo', 'UYU', 'Uruguayan peso', 'Americas', 'South America', '', 1, '2018-07-21 01:41:03', '2022-04-12 07:03:51'),
(236, 'Uzbekistan', 'UZB', '860', 'UZ', '998', 'Tashkent', 'UZS', 'Uzbekistani som', 'Asia', 'Central Asia', '', 1, '2018-07-21 01:41:03', '2022-04-12 07:03:51'),
(237, 'Vanuatu', 'VUT', '548', 'VU', '678', 'Port Vila', 'VUV', 'Vanuatu vatu', 'Oceania', 'Melanesia', '', 1, '2018-07-21 01:41:03', '2022-04-12 07:03:51'),
(238, 'Vatican City State (Holy See)', 'VAT', '336', 'VA', '379', 'Vatican City', 'EUR', 'Euro', 'Europe', 'Southern Europe', '', 1, '2018-07-21 01:41:03', '2022-04-12 07:03:51'),
(239, 'Venezuela', 'VEN', '862', 'VE', '58', 'Caracas', 'VEF', 'Bolvar', 'Americas', 'South America', '', 1, '2018-07-21 01:41:03', '2022-04-12 07:03:51'),
(240, 'Vietnam', 'VNM', '704', 'VN', '84', 'Hanoi', 'VND', 'Vietnamese ng', 'Asia', 'South-Eastern Asia', '', 1, '2018-07-21 01:41:03', '2022-04-12 07:03:51'),
(241, 'Virgin Islands (British)', 'VGB', '092', 'VG', '+1-284', 'Road Town', 'USD', 'United States dollar', 'Americas', 'Caribbean', '', 1, '2018-07-21 01:41:03', '2022-04-12 07:03:51'),
(242, 'Virgin Islands (US)', 'VIR', '850', 'VI', '+1-340', 'Charlotte Amalie', 'USD', 'United States dollar', 'Americas', 'Caribbean', '', 1, '2018-07-21 01:41:03', '2022-04-12 07:03:51'),
(243, 'Wallis And Futuna Islands', 'WLF', '876', 'WF', '681', 'Mata Utu', 'XPF', 'CFP franc', 'Oceania', 'Polynesia', '', 1, '2018-07-21 01:41:03', '2022-04-12 07:03:51'),
(244, 'Western Sahara', 'ESH', '732', 'EH', '212', 'El-Aaiun', 'MAD', 'Moroccan Dirham', 'Africa', 'Northern Africa', '', 1, '2018-07-21 01:41:03', '2022-04-12 07:03:51'),
(245, 'Yemen', 'YEM', '887', 'YE', '967', 'Sanaa', 'YER', 'Yemeni rial', 'Asia', 'Western Asia', '', 1, '2018-07-21 01:41:03', '2022-04-12 07:03:51'),
(246, 'Zambia', 'ZMB', '894', 'ZM', '260', 'Lusaka', 'ZMW', 'Zambian kwacha', 'Africa', 'Eastern Africa', '', 1, '2018-07-21 01:41:03', '2022-04-12 07:03:51'),
(247, 'Zimbabwe', 'ZWE', '716', 'ZW', '263', 'Harare', 'ZWL', 'Zimbabwe Dollar', 'Africa', 'Eastern Africa', '', 1, '2018-07-21 01:41:03', '2022-04-12 07:03:51'),
(248, 'Kosovo', 'XKX', '926', 'XK', '383', 'Pristina', 'EUR', 'Euro', 'Europe', 'Eastern Europe', '', 1, '2020-08-15 21:03:50', '2022-04-12 07:03:51'),
(249, 'Curaao', 'CUW', '531', 'CW', '599', 'Willemstad', 'ANG', 'Netherlands Antillean guilder', 'Americas', 'Caribbean', '', 1, '2020-10-25 20:24:20', '2022-04-12 07:03:51'),
(250, 'Sint Maarten (Dutch part)', 'SXM', '534', 'SX', '1721', 'Philipsburg', 'ANG', 'Netherlands Antillean guilder', 'Americas', 'Caribbean', '', 1, '2020-12-05 18:33:39', '2022-04-12 07:03:51');


INSERT INTO `payment_gateways` (`id`, `name`, `value`, `payment_method_id`, `user_id`, `status`, `show`, `perameter_1`, `perameter_2`, `perameter_3`, `perameter_4`, `perameter_5`, `perameter_6`, `perameter_7`, `image`, `created_at`, `updated_at`) VALUES
(1, 'Cash On Delivery', 'cod', 1, 1, 1, 0, '', '', '', '', '', '', '', NULL, '2023-01-11 02:33:00', '2023-02-20 09:25:16'),
(2, 'Bank Payment', 'bank_payment', 7, 1, 1, 1, '<table style=\"font-family: Arial, \'serif\';\" width=\"100%\">\r\n	<tbody>\r\n		<tr>\r\n			<td colspan=\"2\" style=\"background: #009688;color: #fff;border-color: #009688;\">\r\n			<h4 style=\"font-size: 16px; margin-bottom: 0px;\">1. Jammu and Kashmir, Leh:</h4>\r\n			</td>\r\n		</tr>\r\n		<tr>\r\n			<td colspan=\"2\" style=\"padding: 0;border-right: 0;border-left: 0;\">\r\n			<table border=\"0\" cellpadding=\"0\" cellspacing=\"0\" style=\"font-size: 13px; line-height:20px;\" width=\"100%\">\r\n				<tbody>\r\n					<tr>\r\n						<td width=\"50%\">\r\n						<p style=\"margin: 0;\"><strong>Name :</strong> Overland Escape</p>\r\n\r\n						<p style=\"margin: 0 0 5px;\"><strong>Account No :</strong><br />\r\n						0069020100000222<br />\r\n						Jammu and Kashmir Bank<br />\r\n						Main Branch, Leh Ladakh J&amp;K</p>\r\n						</td>\r\n						<td width=\"50%\">\r\n						<p style=\"margin: 0;\"><strong>NEFT/RTGS Code</strong><strong> :</strong> JAKA 0 PRIEST</p>\r\n						</td>\r\n					</tr>\r\n				</tbody>\r\n			</table>\r\n			</td>\r\n		</tr>\r\n		<tr>\r\n			<td colspan=\"2\" style=\"height: 10px;\">&nbsp;</td>\r\n		</tr>\r\n		<tr>\r\n			<td colspan=\"2\" style=\"background: #009688;color: #fff;border-color: #009688;\">\r\n			<h4 style=\"font-size: 16px; margin-bottom: 0px;\"> 2. Punjab National Bank, Leh:</h4>\r\n			</td>\r\n		</tr>\r\n		<tr>\r\n			<td colspan=\"2\" style=\"padding: 0;border-right: 0;border-left: 0;\">\r\n			<table border=\"0\" cellpadding=\"0\" cellspacing=\"0\" style=\"font-size: 13px; line-height:20px;\" width=\"100%\">\r\n				<tbody>\r\n					<tr>\r\n						<td width=\"50%\">\r\n						<p style=\"margin: 0;\"><strong>Name :</strong> M/s Overland Escape</p>\r\n\r\n						<p style=\"margin: 0;\"><strong>Account No :</strong><br />\r\n						4566002100000710<br />\r\n						Punjab National Bank,<br />\r\n						Main Market, Leh, Ladakh</p>\r\n						</td>\r\n						<td valign=\"top\" width=\"50%\">\r\n						<p style=\"margin: 0;\"><strong>Swift Code :</strong> PUNB IN BBJTS</p>\r\n\r\n						<p style=\"margin: 0;\"><strong>NEFT/RTGS Code</strong><strong> :</strong> JAKA 0 PRIEST</p>\r\n\r\n						<p style=\"margin: 0;\"><strong>IFSC Code :</strong> PUNB0456600</p>\r\n						</td>\r\n					</tr>\r\n				</tbody>\r\n			</table>\r\n			</td>\r\n		</tr>\r\n		<tr>\r\n			<td colspan=\"2\" style=\"height: 10px;\">&nbsp;</td>\r\n		</tr>\r\n		<tr>\r\n			<td colspan=\"2\" style=\"background: #009688;color: #fff;border-color: #009688;\">\r\n			<h4 style=\"font-size: 16px; margin-bottom:0px;\">3. HDFC Bank Ltd</h4>\r\n			</td>\r\n		</tr>\r\n		<tr>\r\n			<td colspan=\"2\" style=\"padding: 0;border-right: 0;border-left: 0;\">\r\n			<table border=\"0\" cellpadding=\"0\" cellspacing=\"0\" style=\"font-size: 13px; line-height:20px;\" width=\"100%\">\r\n				<tbody>\r\n					<tr>\r\n						<td width=\"50%\">\r\n						<p style=\"margin: 0;\"><strong>Name :</strong> M/s Overland Escape</p>\r\n\r\n						<p style=\"margin:0;\"><strong>Current Account No :</strong><br />\r\n						23698620000205<br />\r\n						HDFC BANK LTD<br />\r\n						Basement &amp; Ground Floor, Skyabu Complex,<br />\r\n						Main Bazar, Leh Ladakh, Jammu and Kashmir,<br />\r\n						India 194101</p>\r\n						</td>\r\n						<td valign=\"top\" width=\"50%\">\r\n						<p style=\"margin: 0;\"><strong>IFSC Code :</strong> HDFC0002369</p>\r\n\r\n						<p style=\"margin: 0;\"><strong>Swift Code :</strong> HDFCINBB</p>\r\n						</td>\r\n					</tr>\r\n				</tbody>\r\n			</table>\r\n			</td>\r\n		</tr>\r\n		<tr>\r\n			<td colspan=\"2\" style=\"height: 10px;\">&nbsp;</td>\r\n		</tr>\r\n		<tr>\r\n			<td colspan=\"2\" style=\"background: #009688;color: #fff;border-color: #009688;\">\r\n			<h4 style=\"font-size: 16px; margin-bottom:0px;\">4. Axis Bank</h4>\r\n			</td>\r\n		</tr>\r\n		<tr>\r\n			<td colspan=\"2\" style=\"padding: 0;border-right: 0;border-left: 0;\">\r\n			<table border=\"0\" cellpadding=\"0\" cellspacing=\"0\" style=\"font-size: 13px; line-height:20px;\" width=\"100%\">\r\n				<tbody>\r\n					<tr>\r\n						<td width=\"50%\">\r\n						<p style=\"margin: 0;\"><strong>Name :</strong> M/s Overland Escape</p>\r\n\r\n						<p style=\"margin: 0;\"><strong>Current Account No :</strong><br />\r\n						912020029969588<br />\r\n						Bank - Axis Bank, Ground and First Floor,<br />\r\n						Taskan Complex, Opp. Libraray,<br />\r\n						Near Bijore Hotel, Leh, Ladakh 194101</p>\r\n						</td>\r\n						<td valign=\"top\" width=\"50%\">\r\n						<p style=\"margin: 0;\"><strong>IFS Code :</strong> UTIB00001611</p>\r\n\r\n						<p style=\"margin: 0;\"><strong>Swift Code :</strong> AXISINBB002</p>\r\n						</td>\r\n					</tr>\r\n				</tbody>\r\n			</table>\r\n\r\n			<p>For overseas transaction use swift code instead of IBAN (International Bank Account Number)</p>\r\n			</td>\r\n		</tr>\r\n	</tbody>\r\n</table>', '', '', '', '', '', '', '200123014506-bank_payment.png', '2023-01-11 02:33:00', '2023-02-23 07:15:15'),
(3, 'RazorPay', 'razorpay', 6, 1, 1, NULL, 'rzp_test_ViWlyGcajdAvMo', 'TPuAjh1rLapqoPAyLbN0RqAL', '', '', '', '', '', NULL, '2023-01-11 02:33:00', '2023-01-20 02:13:06'),
(4, 'paypal', 'paypal', 1, 1, 1, NULL, 'sandbox', 'PAYPAL10000', 'PAYPAL33000', '', '', '', '', NULL, NULL, '2023-01-20 06:51:50'),
(5, 'payumoney', 'payumoney', 4, 1, 1, NULL, 'UGwBcu', 'rHqSlahJA6edVeFeBS8reon1b9QUhYHd', '', '', '', '', '', NULL, NULL, '2023-01-20 02:12:58'),
(6, 'stripe', 'stripe', 6, 1, 1, NULL, 'pk_test_jErm5hmKEGjzzga3hsQyrCAc00bV89rP6x', 'sk_test_ETdDPCnFzX74iPKYZ7FUEnn400ozOkeatK1', '', '', '', '', '', NULL, NULL, '2023-01-20 02:15:15'),
(7, 'Tech Process', 'tpsl', 0, 0, 1, 1, 'test', 'T873705', '4626840924QKHRVW', '4033685904ADSTJH', 'FIRST', '', '', NULL, NULL, '2023-02-20 09:23:40');
COMMIT;

INSERT INTO `destination_type` (`id`, `name`, `slug`, `sort_order`, `status`, `created_at`, `updated_at`) VALUES
(1, 'Activity', 'activity', 4, 1, '2023-02-17 00:00:00', '2023-02-17 00:00:00'),
(2, 'Highlight', 'highlight', 2, 1, '2023-02-17 00:00:00', '2023-02-17 00:00:00'),
(3, 'Info', 'info', 1, 1, '2023-02-17 00:00:00', '2023-02-17 00:00:00'),
(4, 'Festival', 'festival', 3, 1, '2023-02-17 00:00:00', '2023-02-17 00:00:00'),
(5, 'Festival Date', 'festival_date', 5, 1, '2023-02-17 00:00:00', '2023-02-17 00:00:00');

INSERT INTO `accommodation_features` (`id`, `title`, `feature_type`, `status`, `is_deleted`, `sort_order`, `created_at`, `updated_at`) VALUES
(1, 'LUXURY', 0, 1, 0, 0, '2017-01-21 18:05:59', '2017-02-17 11:46:08'),
(2, 'PREMIUM', 0, 1, 0, 0, '2017-02-09 11:34:24', '2017-02-15 10:30:17'),
(3, 'DELUXE', 0, 1, 0, 0, '2017-02-09 11:34:35', '2017-02-15 10:30:47'),
(5, 'SUPER DELUXE', 0, 1, 0, 0, '2017-02-17 11:46:39', '2017-02-17 11:46:08'),
(6, 'Standard', 0, 1, 0, 1, '2017-04-05 16:20:47', '2017-02-17 11:46:08'),
(7, 'Elite', 0, 1, 0, 0, '2018-01-16 14:34:54', '2018-01-16 14:35:08'),
(8, 'Premium+', 0, 1, 0, 0, '2018-02-28 15:06:31', '2017-02-17 11:46:08'),
(9, 'Luxury +', 0, 1, 0, 0, '2018-02-28 15:09:52', '2017-02-17 11:46:08'),
(10, 'Classy', 0, 1, 0, 0, '2018-02-28 15:28:37', '2017-02-17 11:46:08'),
(11, 'Superior', 0, 1, 0, 0, '2018-02-28 15:58:51', '2017-02-17 11:46:08'),
(12, 'Trekking Camp', 1, 1, 0, 1, '2021-10-31 14:49:32', '2017-02-17 11:46:08');


---- 22-03-23 (Suraj) //multiple hotel and day

UPDATE package_accommodations set itenary_data = concat('["',itenary_id,'"]') WHERE `itenary_id` != 0 and `itenary_data` IS NULL;

UPDATE package_accommodations set `accommodation_data` = concat('["',`accommodation_id`,'"]') WHERE `accommodation_id` != 0 and `accommodation_data` IS NULL;
