-- Delete foreign keys for:
-- package_themes
-- package_accommodations
-- package_price_info
-- package_flights
-- itenaries
-- accommodations
-- accommodation_locations
-- accommodation_info
-- admins


-- modules -----------------------------------
INSERT INTO `modules` (`parent_id`, `name`, `display_name`, `description`, `sort_order`, `permission_names`, `created_at`, `updated_at`) VALUES
(0, 'banners', 'Manage Banners', 'Manage Banners', 1, 'view,add,edit,delete', '2023-01-11 14:54:37', '2023-01-11 14:54:37'),
(0, 'testimonials', 'Manage Testimonials', 'Manage Testimonials', 9, 'view,add,edit,delete', '2023-01-11 14:47:06', '2023-01-11 14:47:06'),
(0, 'newsletter', 'Manage Newsletter', 'Manage Newsletter', 17, 'view,delete', '2022-12-06 10:58:27', '2022-12-06 10:58:27'),
(0, 'cms', 'Manage CMS Pages', 'Manage CMS Pages', 18, 'view,add,edit,delete', '2023-01-11 14:45:55', '2023-01-11 14:45:55'),
(0, 'enquiries', 'Manage Enquiries', 'Manage Enquiries', 19, 'view,add,edit,delete,assign,remove_assign,view_unassigned_lead,view_all_leads', '2023-03-24 06:47:33', '2023-03-24 06:47:33'),
(0, 'blogs', 'Manage Blogs', 'Manage Blogs', 4, 'view,add,edit,delete', '2022-12-06 10:55:53', '2022-12-06 10:55:53'),
(0, 'menus', 'Manage Header Menu', 'Manage Header Menu', 2, 'view,add,edit,delete', '2023-01-06 16:54:23', '2023-01-06 16:54:23'),
(0, 'packages', 'Manage Packages', 'Manage Packages', 11, 'view,add,edit,delete', '2022-12-06 10:57:25', '2022-12-06 10:57:25'),
(0, 'news', 'Manage News', 'Manage News', 5, 'view,add,edit,delete', '2022-12-06 10:56:18', '2022-12-06 10:56:18'),
(0, 'accommodations', 'Manage Accommodation', 'Manage Accommodation', 13, 'view,add,edit,delete', '2022-12-06 10:57:52', '2022-12-06 10:57:52'),
(0, 'faqs', 'Manage FAQs', 'Manage FAQs', 3, 'view,add,edit,delete', '2023-01-11 14:43:53', '2023-01-11 14:43:53'),
(0, 'activities', 'Manage Activity Logs', 'Manage Activity Logs', 6, 'view', '2023-01-11 14:52:47', '2023-01-11 14:52:47'),
(0, 'staff', 'Manage Users', 'Manage Users', 8, 'view,add,edit,delete', '2023-01-06 17:06:28', '2023-01-06 17:06:28'),
(0, 'users', 'Manage Customers', 'Manage Customers', 7, 'view,edit,delete', '2023-01-04 13:42:47', '2023-01-04 13:42:47'),
(0, 'destinations', 'Manage Destinations', 'Manage Destinations', 10, 'view,add,edit,delete', '2022-12-06 10:57:18', '2022-12-06 10:57:18'),
(0, 'teammanagements', 'Team Management', 'Team Management', 15, 'view,add,edit,delete', '2023-01-11 14:49:59', '2023-01-11 14:49:59'),
(0, 'widget', 'Manage Widget', NULL, 16, 'view,add,edit,delete', '2022-12-06 10:58:19', '2022-12-06 10:58:19'),
(0, 'banner_images', 'Manage Banner Images', 'Manage Banner Images', NULL, 'view,add,edit,delete', '2023-01-06 13:54:43', '2023-01-06 13:54:43'),
(0, 'all_masters', 'Manage Master Data', 'Manage Master Data', NULL, 'view,add,edit,delete', '2023-01-06 11:54:53', '2023-01-06 11:54:53'),
(0, 'forms', 'Manage Forms', 'Manage Forms', NULL, 'view,add,edit,delete', '2023-01-11 14:51:30', '2023-01-11 14:51:30'),
(0, 'downloads', 'Manage Footer Menu / Other', 'Manage Footer Menu / Other', NULL, 'view,add,edit,delete', '2023-01-06 16:56:39', '2023-01-06 16:56:39'),
(0, 'roles', 'Manage Roles', 'Manage Roles', NULL, 'view,add,edit,delete', '2023-01-06 17:04:50', '2023-01-06 17:04:50');
COMMIT;
-- roles -----------------------------------
INSERT INTO `roles` (`name`, `display_name`, `description`, `permissions`, `created_by`, `updated_by`, `created_at`, `updated_at`) VALUES
('Admin', 'Admin', 'Admin', NULL, NULL, NULL, NULL, NULL);
-- admins -----------------------------------
INSERT INTO `admins` (`role_id`, `name`, `username`, `email`, `password`, `remember_token`, `phone`, `address`, `otp`, `otp_expiry_time`, `status`, `created_at`, `updated_at`) VALUES
(1, 'Admin', 'admin', 'admin@indiaint.com', '$2y$10$PdPLy9ePM/BDGALfQ8QHE.RkyVTnwwIk.iVCxVRhljg0C.beHF1sy', 'j0L6QZpFqB1zQWsAl0i3RWTlA9bIAV2mIAnmVAI1NNAjLPoY4h0qFSRJNyIs', NULL, NULL, '56435', '2023-02-13 16:22:46', 1, '2019-01-07 11:44:06', '2023-02-13 16:12:46');

-- website_settings -----------------------------------
INSERT INTO `website_settings` (`id`, `type`, `is_dedicated`, `label`, `name`, `value`, `old_value`, `field_type`, `css_class`, `created_by`, `updated_by`, `sort_order`, `status`, `created_at`, `updated_at`) VALUES
(1, 'website', 1, 'CATEGORY_IMG_HEIGHT', 'CATEGORY_IMG_HEIGHT', '1000', '768', 'text', 'cat_img', 0, 0, 0, 1, '2019-01-07 16:50:41', '2023-03-31 11:55:52'),
(2, 'website', 1, 'CATEGORY_IMG_WIDTH', 'CATEGORY_IMG_WIDTH', '1000', '768', 'text', NULL, 0, 0, 0, 1, '2019-01-07 16:50:41', '2023-03-31 11:55:52'),
(3, 'website', 1, 'CATEGORY_THUMB_WIDTH', 'CATEGORY_THUMB_WIDTH', '1000', '336', 'text', NULL, 0, 0, 0, 1, '2019-01-07 16:50:41', '2023-03-31 11:55:52'),
(4, 'website', 1, 'CATEGORY_THUMB_HEIGHT', 'CATEGORY_THUMB_HEIGHT', '1000', '336', 'text', NULL, 0, 0, 0, 1, '2019-01-07 16:50:41', '2023-03-31 11:55:52'),
(5, 'website', 1, 'BANNER_IMG_HEIGHT', 'BANNER_IMG_HEIGHT', '2000', '0', 'text', NULL, 0, 0, 0, 1, '2019-01-07 16:50:41', '2023-03-31 11:55:52'),
(6, 'website', 1, 'BANNER_IMG_WIDTH', 'BANNER_IMG_WIDTH', '2000', NULL, 'text', NULL, 0, 0, 0, 1, '2019-01-07 16:50:41', '2023-03-31 11:55:52'),
(7, 'website', 1, 'BANNER_THUMB_WIDTH', 'BANNER_THUMB_WIDTH', '336', '336', 'text', NULL, 0, 0, 0, 1, '2019-01-07 16:50:41', '2023-03-31 11:55:52'),
(8, 'website', 1, 'BANNER_THUMB_HEIGHT', 'BANNER_THUMB_HEIGHT', '336', '336', 'text', NULL, 0, 0, 0, 1, '2019-01-07 16:50:41', '2023-03-31 11:55:52'),
(9, 'website', 0, 'Admin Email', 'ADMIN_EMAIL', 'janmejay@indiainternets.com', 'samizaidi@ehostinguk.com', 'text', NULL, 0, 0, 0, 1, '2019-02-15 12:54:00', '2023-02-24 17:26:26'),
(10, 'website', 0, 'Blog Image Height', 'BLOG_IMG_HEIGHT', '1000', '768', 'text', NULL, 0, 0, 0, 1, '2019-06-11 16:50:41', '2022-10-17 15:27:46'),
(11, 'website', 0, 'Blog Image Width', 'BLOG_IMG_WIDTH', '1000', '992', 'text', NULL, 0, 0, 0, 1, '2019-06-11 16:50:41', '2022-10-17 15:27:55'),
(12, 'website', 0, 'Blog Thumb Width', 'BLOG_THUMB_WIDTH', '1000', '768', 'text', NULL, 0, 0, 0, 1, '2019-06-11 16:50:41', '2022-10-17 15:28:07'),
(13, 'website', 0, 'Blog Thumb Height', 'BLOG_THUMB_HEIGHT', '1000', '336', 'text', NULL, 0, 0, 0, 1, '2019-06-11 16:50:41', '2022-10-17 15:28:15'),
(14, 'website', 0, 'Footer Text', 'FOOTER_TEXT', NULL, '<p>Slumber Jill is a lounge wear brand launched in August 2013 by Francis Wacziarg Fashion Private Limited, a part of the Francis Wacziarg Group.</p>', 'text', NULL, 0, 0, 0, 1, '2019-06-20 17:20:41', '2022-05-16 12:01:03'),
(15, 'website', 0, 'Footer Contact Details', 'FOOTER_CONTACT_DETAILS', NULL, '<p><i class=\"mapicon\"></i>FRANCIS WACZIARG FASHION PRIVATE LIMITED <br>\r\n          No.7, KRG Thottam, Serangadu, <br>Chandrapuram Main Road, KNP Colony Post, <br>Tirupur - 641 608, Tamil Nadu, India  </p>\r\n        <p><i class=\"phoneicon\"></i> <a href=\"tel:94437 26891\"><i class=\"fa fa-phone\"></i> +91 421 4310900 / 94437 26891</a></p> \r\n        <p><i class=\"mailicon\"></i> <a href=\"mailto:slumberjill@fwacziarg.com\"><i class=\"fa fa-envelope-o\"></i> slumberjill@fwacziarg.com</a></p>', 'text', NULL, 0, 0, 0, 1, '2019-06-20 17:20:41', '2022-05-16 12:02:12'),
(16, 'website', 0, 'Footer Bottom', 'FOOTER_BOTTOM', NULL, '<div class=\"container\">\r\n      <div class=\"paysec\">\r\n         <i class=\"payimg\"></i>\r\n      </div> \r\n      <div class=\"sslsec\">\r\n         <i class=\"sslicon\"></i>\r\n      </div> \r\n      <div class=\"ficons\">\r\n         <ul>\r\n          <li><i class=\"originalicon\"></i> <span>100% ORIGINAL <small>products</small></span></li>\r\n           <li><i class=\"returenicon\"></i> <span>Return within 15 days <small>of receiving your order</small></span></li>\r\n           <li><i class=\"deliveryicon\"></i> <span>Get free delivery <small>for every order above Rs.1000/-</small></span></li>\r\n        </ul>\r\n      </div>\r\n    </div>', 'text', NULL, 0, 0, 0, 1, '2019-06-20 17:20:41', '2022-05-16 12:02:20'),
(17, 'website', 0, 'Common Image Height', 'COMMON_IMG_HEIGHT', '640', '400', 'text', NULL, 0, 0, 0, 1, '2019-07-31 16:52:41', '2019-07-31 16:52:41'),
(18, 'website', 0, 'Common Image Width', 'COMMON_IMG_WIDTH', '1600', '1600', 'text', NULL, 0, 0, 0, 1, '2019-07-31 16:50:41', '2019-07-31 16:50:41'),
(19, 'website', 0, 'Common Thumb Height', 'COMMON_THUMB_HEIGHT', '338', '336', 'text', NULL, 0, 0, 0, 1, '2019-07-31 16:50:41', '2022-05-30 15:21:24'),
(20, 'website', 0, 'Common Thumb Width', 'COMMON_THUMB_WIDTH', '336', '336', 'text', NULL, 0, 0, 0, 1, '2019-07-31 16:50:41', '2019-07-31 16:50:41'),
(21, 'website', 0, 'Frontend Logo', 'FRONTEND_LOGO', '290323043219-overlandescape-logo.png', '230323102930-080223040609-overland_logo.jpg', 'file', NULL, 0, 0, 0, NULL, '2019-08-05 12:57:24', '2023-03-29 11:02:19'),
(22, 'website', 0, 'Site Phone', 'SITE_PHONE', '<div class=\"footer_add\">\r\n                          <p class=\"text-lg\">Ticket Booking or Enquiry:</p>\r\n                          <a href=\"tel:+91 8491947052\">+91 8491947052</a> / \r\n                          <a href=\"tel:+91 8491947053\"> 8491947053</a>\r\n                        </div>', '+91 956 043 3318', 'text', NULL, 0, 0, 0, NULL, '2019-08-05 13:05:15', '2023-02-08 17:26:50'),
(23, 'website', 0, 'Site Email', 'SITE_EMAIL', '<a href=\"mailto:info@overlandescape.com\">info@overlandescape.com</a>', 'info@grandindiatour.com', 'text', NULL, 0, 0, 0, NULL, '2019-08-05 13:05:46', '2023-02-08 17:25:48'),
(24, 'website', 0, 'Site Address', 'SITE_ADDRESS', '<p class=\"text-base\">Skara Main Road, Skara Yokma, <br>Leh, 194101, Ladakh, India</p>', 'Alliance Tower, 112, B Block Rd, Sector 64, Noida, Uttar Pradesh 201301', 'text', NULL, 0, 0, 0, NULL, '2019-08-05 13:12:49', '2023-02-08 17:25:25'),
(25, 'social_links', 1, 'FACEBOOK', 'FACEBOOK', 'https://www.facebook.com/Overland.Escape.India', 'https://www.facebook.com/grandindiatour', 'text', NULL, 0, 0, 0, NULL, '2019-08-05 13:43:19', '2023-03-31 11:30:13'),
(26, 'social_links', 1, 'TWITTER', 'TWITTER', 'https://www.twitter.com/overlandescape', 'javascript:void(0);', 'text', NULL, 0, 0, 0, NULL, '2019-08-05 13:44:01', '2023-03-31 11:13:59'),
(27, 'social_links', 1, 'LINKEDIN', 'LINKEDIN', 'https://www.linkedin.com', 'javascript:void(0);', 'text', NULL, 0, 0, 0, NULL, '2019-08-05 13:44:46', '2023-03-31 11:09:28'),
(28, 'social_links', 1, 'INSTAGRAM', 'INSTAGRAM', 'https://www.instagram.com', 'javascript:void(0);', 'text', NULL, 0, 0, 0, NULL, '2019-08-05 13:45:15', '2023-03-31 11:09:28'),
(29, 'website', 0, 'Testimonial Image Height', 'TESTIMONIAL_IMG_HEIGHT', '768', '768', 'text', NULL, 0, 0, 0, 1, '2019-06-08 13:07:41', '2019-06-08 13:07:41'),
(30, 'website', 0, 'Testimonial Image Width', 'TESTIMONIAL_IMG_WIDTH', '768', '768', 'text', NULL, 0, 0, 0, 1, '2019-06-08 13:07:41', '2019-06-08 13:07:41'),
(31, 'website', 0, 'Testimonial Thumb Width', 'TESTIMONIAL_THUMB_WIDTH', '336', '336', 'text', NULL, 0, 0, 0, 1, '2019-06-08 13:07:41', '2019-06-08 13:07:41'),
(32, 'website', 0, 'Testimonial Thumb Height', 'TESTIMONIAL_THUMB_HEIGHT', '336', '336', 'text', NULL, 0, 0, 0, 1, '2019-06-08 13:07:41', '2019-06-08 13:07:41'),
(33, 'website', 0, 'CMS Image Height', 'CMS_IMG_HEIGHT', '768', '768', 'text', NULL, 0, 0, 0, 1, '2019-06-08 13:07:41', '2019-08-06 17:59:16'),
(34, 'website', 0, 'CMS Image Width', 'CMS_IMG_WIDTH', '1920', '768', 'text', NULL, 0, 0, 0, 1, '2019-06-08 13:07:41', '2022-06-22 13:32:47'),
(35, 'website', 0, 'CMS Thumb Width', 'CMS_THUMB_WIDTH', '336', '1100', 'text', NULL, 0, 0, 0, 1, '2019-06-08 13:07:41', '2022-06-22 13:56:43'),
(36, 'website', 0, 'CMS Thumb Height', 'CMS_THUMB_HEIGHT', '336', '500', 'text', NULL, 0, 0, 0, 1, '2019-06-08 13:07:41', '2022-06-22 13:56:55'),
(37, 'seo', 0, 'Meta Title', 'META_TITLE', 'Grand India Tour', 'Yangphel', 'text', NULL, 0, 0, 0, NULL, '2019-08-22 12:57:21', '2022-11-23 16:58:24'),
(38, 'seo', 0, 'Meta Description', 'META_DESCRIPTION', 'Grand India Tour Description', 'Yangphel Description', 'text', NULL, 0, 0, 0, NULL, '2019-08-22 12:58:22', '2022-11-23 16:58:31'),
(39, 'website', 0, 'RECAPTCHA_SITE_KEY', 'RECAPTCHA_SITE_KEY', '6LcEqz8lAAAAAIjpIN94hKFeOd1JeMlYDRwP--8G', '6Le3Ei0gAAAAABjcNjdKa9oPaNZL9em6PdfQX7I9', 'text', NULL, 0, 0, 0, NULL, '2021-08-25 15:20:57', '2023-03-29 10:54:13'),
(40, 'website', 0, 'RECAPTCHA_SECRET_KEY', 'RECAPTCHA_SECRET_KEY', '6LcEqz8lAAAAAMgmNrdgkLAWE5QNjMbPj6jwjFti', '6Le3Ei0gAAAAAMJK0rbJry3p1Ai2hWBMocbf_lQB', 'text', NULL, 0, 0, 0, NULL, '2021-08-25 17:11:00', '2023-03-29 10:54:13'),
(41, 'website', 0, 'Package Image Height', 'PACKAGE_IMG_HEIGHT', '600', '400', 'text', NULL, 0, 0, 0, 1, '2019-07-31 16:52:41', '2019-07-31 16:52:41'),
(42, 'website', 0, 'Package Image Width', 'PACKAGE_IMG_WIDTH', '1900', '1600', 'text', NULL, 0, 0, 0, 1, '2019-07-31 16:50:41', '2019-07-31 16:50:41'),
(43, 'website', 0, 'Package Thumb Height', 'PACKAGE_THUMB_HEIGHT', '400', '300', 'text', NULL, 0, 0, 0, 1, '2019-07-31 16:50:41', '2022-07-27 10:59:25'),
(44, 'website', 0, 'PACKAGE Thumb Width', 'PACKAGE_THUMB_WIDTH', '400', '300', 'text', NULL, 0, 0, 0, 1, '2019-07-31 16:50:41', '2022-07-27 10:59:35'),
(45, 'website', 0, 'Whatsapp No. 1', 'WHATSAPP1', '9599442952', '(+975)17111331', 'text', NULL, 0, 0, 0, NULL, '2022-05-16 12:06:02', '2022-11-23 11:55:03'),
(46, 'website', 0, 'Whatsapp No. 2', 'WHATSAPP2', NULL, '(+975)17111563', 'text', NULL, 0, 0, 0, NULL, '2022-05-16 12:06:49', '2022-11-23 12:00:27'),
(47, 'website', 0, 'Destination Image Height', 'DESTINATION_IMG_HEIGHT', '360', '', 'text', NULL, 0, 0, 0, NULL, '2022-07-28 11:15:29', '2022-07-28 11:15:29'),
(48, 'website', 0, 'Destination Image Width', 'DESTINATION_IMG_WIDTH', '1440', '', 'text', NULL, 0, 0, 0, NULL, '2022-07-28 11:15:57', '2022-07-28 11:15:57'),
(49, 'website', 0, 'Destination Thumb Height', 'DESTINATION_IMG_THUMB_HEIGHT', '400', NULL, 'text', NULL, 0, 0, 0, NULL, '2022-07-28 11:16:55', '2022-07-28 11:17:38'),
(50, 'website', 0, 'Destination Thumb Width', 'DESTINATION_IMG_THUMB_WIDTH', '400', '', 'text', NULL, 0, 0, 0, NULL, '2022-07-28 11:17:17', '2022-07-28 11:17:17'),
(51, 'website', 0, 'Bank Transfer', 'BANK_TRANSFER', 'Bank Name:-HDFC BANK,\r\nAccount Holder Name:-Pradeep kumar Sahu,\r\nAccount No:-50100499281031,\r\nIFSC CODE:-HDFC0009476', '', 'text', NULL, 0, 0, 0, NULL, '2022-09-16 16:05:20', '2022-09-16 16:05:20'),
(52, 'website', 0, 'FRONT_PAGE_LIMIT', 'FRONT_PAGE_LIMIT', '9', '10', 'text', NULL, 0, 0, 0, NULL, '2022-10-19 13:07:20', '2022-10-19 13:32:31'),
(53, 'website', 0, 'HTML_VALIDATION', 'HTML_VALIDATION', '1', '1', 'text', NULL, 0, 0, 0, NULL, '2022-12-14 12:29:45', '2022-12-14 15:03:40'),
(54, 'website', 0, 'Package Inclusions', 'PACKAGE_INCLUSIONS', '<ul>\r\n <li class=\"faq_main active\">\r\n  <div class=\"faq_title heading6 \">Inclusions</div>\r\n\r\n <div class=\"faq_data\" style=\"\">\r\n <ul>\r\n    <li>Accommodation for 02 nights at Havelock Island with base category room as per hotel used.</li>\r\n    <li>Accommodation for 03 nights at Neil Island with base category room as per hotel used.</li>\r\n    <li>Accommodation for 01 nights at Port Blair with base category room as per hotel used.</li>\r\n   <li>Daily breakfast.</li>\r\n   <li>Elephant beach boat ticket inclusive.</li>\r\n    <li>All transfers by private AC car at Port Blair / Havelock Island/ Neil Island.</li>\r\n    <li>Entry &amp; Ferry tickets included to all mentioned places of sightseeing.</li>\r\n   <li>Inter &ndash; Island transfers by AC Luxury tourist ferry (Kindly note if the private ferry is not operating then the guests will be transferred by Govt. ferry)</li>\r\n   <li>Airport pickup / drop and Jetty pickup / drop wherever applicable.</li>\r\n   <li>Inclusive of all hotel taxes</li>\r\n </ul>\r\n </div>\r\n  </li>\r\n</ul>', '', 'text', NULL, 0, 0, 0, NULL, '2023-01-16 18:20:05', '2023-01-16 18:20:05'),
(55, 'website', 0, 'Package Exclusions', 'PACKAGE_EXCLUSIONS', '<ul>\r\n <li class=\"faq_main active\">\r\n  <div class=\"faq_title heading6 \">Exclusions</div>\r\n\r\n <div class=\"faq_data\" style=\"\">\r\n <ul>\r\n    <li>Major meals not included (Lunch and Dinner).</li>\r\n   <li>Vehicle at disposal.</li>\r\n   <li>Any Extra excursions apart from the suggested itinerary.</li>\r\n   <li>Water sports activities apart from given in inclusions.</li>\r\n    <li>Airfare / Ship fare.</li>\r\n   <li>Any kind of personal expenses.</li>\r\n   <li>Room services, laundry, telephone charges.</li>\r\n   <li>From 15 Dec 2020 to 15 Jan 2021 some hotels take peak season surcharge, which will on extra as per the hotel on per night/per room basis.</li>\r\n    <li>Christmas eve, New year eve Gala Dinner, Valentine Day (14 Feb ) supplement cost will be extra on per person basis as per the hotel.</li>\r\n   <li>Any upgradation of Hotels/Room will be on extra cost.</li>\r\n    <li>Expenses occurred due to bad weather, natural calamity / flight or ferry cancellation, strike or any political unrest &ndash; has to be paid by the guest as per actual.</li>\r\n   <li>5% Gst will be extra on total cost.</li>\r\n  </ul>\r\n </div>\r\n  </li>\r\n</ul>', '', 'text', NULL, 0, 0, 0, NULL, '2023-01-16 18:20:37', '2023-01-16 18:20:37'),
(56, 'website', 0, 'Package Payment Policy', 'PACKAGE_PAYMENT_POLICY', '<ul>\r\n <li class=\"faq_main active\">\r\n  <div class=\"faq_title heading6 \">Payment Policy</div>\r\n\r\n <div class=\"faq_data\" style=\"\">\r\n <ul>\r\n    <li>All bookings will be entertained by the company only after receiving a written confirmation mail by the client.</li>\r\n    <li>On receiving the confirmation mail, the company will start the pre booking process.</li>\r\n    <li>Company will block the Hotel rooms as mentioned in the package, purely on tentative basis for a cut off time period after which it will be released.</li>\r\n   <li>Bookings Confirmed only after Advance Payment, within the cut off time period.</li>\r\n   <li>Bookings will be held provisionally up to a pre-specified Cut - off date</li>\r\n   <li>Bookings Confirmed only after 50% Advance Payment, within the cut off time period.</li>\r\n   <li>Any hikes in Govt. taxes, the same would be charged accordingly over the above room rates/meals.</li>\r\n   <li>100% Payment has to be made to confirm the bookings before 30 days of Check-in.</li>\r\n    <li>Once we receive full payment against the Package booking then only, we will issue the Final Package Confirmation Voucher, which will be mandatory at the time of commencement of the tour by the Company Tour Manager on arrival of the client at Port Blair.</li>\r\n  </ul>\r\n </div>\r\n  </li>\r\n</ul>', '', 'text', NULL, 0, 0, 0, NULL, '2023-01-16 18:21:17', '2023-01-16 18:21:17'),
(57, 'website', 0, 'Package Cancellation Policy', 'PACKAGE_CANCELLATION_POLICY', '<ul>\r\n <li class=\"faq_main active\">\r\n  <div class=\"faq_title heading6 \">Cancellation Policy</div>\r\n\r\n  <div class=\"faq_data\" style=\"\">\r\n <ul>\r\n    <li>Cancellation Received on or before 30 days, a 10% processing fee of the total package cost will be charged.</li>\r\n    <li>Cancellation between 20 days to 29 days -50% of refund of total package cost.</li>\r\n    <li>Cancellation less than 20 days of arrival or no show &ndash; No refund whatsoever the reason or Act of God.</li>\r\n    <li>No refund for booking made from 15 December to 15 January.</li>\r\n   <li>Cancellation charges for any type of transport ticket are applicable as per the rules of the concerned authority.</li>\r\n  </ul>\r\n </div>\r\n  </li>\r\n</ul>', '', 'text', NULL, 0, 0, 0, NULL, '2023-01-16 18:22:05', '2023-01-16 18:22:05'),
(58, 'website', 0, 'Package Terms Conditions', 'PACKAGE_TERMS_CONDITIONS', '<ul>\r\n <li class=\"faq_main active\">\r\n  <div class=\"faq_title heading6 \">Terma and Conditions</div>\r\n\r\n <div class=\"faq_data\" style=\"\">\r\n <ul>\r\n    <li>The above price is valid till 31st March 2021.</li>\r\n   <li>Package quoted is not based on the availability of hotels. Only when we receive written confirmation mail for the package, hotels will be booked as per the availability at that point of time. Any changes in the rate depending on the availability have to be borne by the guest.</li>\r\n   <li>All the bookings are Confirmed with the hotel and issue of the ferry ticket for Port Blair/ Havelock Island and Neil Island after receiving a confirmation mail from the client with a Booking amount to be paid in our Bank account.</li>\r\n    <li>We have mentioned the indicative names of the Hotels for each tour. We reserve the right to change the same due to unavoidable circumstances. In that case we may provide alternative, similar accommodation for which we are not liable to pay any refund. We will not be responsible or liable in case of loss of property or life at the Hotel. Similarly, any damages caused to the hotel rooms during your stay, shall be payable by the Clients and the Company will not be liable for the same.</li>\r\n   <li>Vehicle will not at client disposal. Vehicle will be at client service as per the confirmed day wise and point to point itinerary. After completion of tour as per itinerary vehicle will be released. Additional charges for extra usage or sightseeing has to be paid.</li>\r\n   <li>Andaman &amp; Nicobar group of Islands are under restricted area, Personal identification is mandatory to carry on tour for Air Travel, Hotels for security reason like: election card, Driving License, Passport, Aadhar Card.</li>\r\n    <li>All Hotels have their fixed check in and checkout time. Early check in and late check &ndash; out subject to availability on extra cost as applicable by the particular hotels.</li>\r\n    <li>The menus are pre &ndash; set menus provided for breakfast/lunch/dinner on the tour as mentioned under each Tour itinerary and inclusions as printed in your voucher. The meals will be served either at restaurants of hotel of stay or the same could be arranged at local restaurants. The enroute meals or meals during excursions could be packed meals or served by enroute/local restaurants / dhabas. We cannot process a special meal nor do we guarantee the special diet to the customer. We however reserve the right to change the meal arrangement if circumstances make it necessary to do so. If a tour participant does not avail his/her meal in stipulated time; he/she has to avail the meal on his/her own arrangement and expenses. No claim can be made for the meal which he/she has missed and not utilized.</li>\r\n    <li>All Foreign nationals and Indian staying abroad holding passport of different country (PIO/OCI) needs to register themselves on arrival at Port Blair airport (immigration) which should have valid India visa or obtain RAP - Restricted Area Permit which is valid for 30days of stay in Andaman Islands.</li>\r\n    <li>Entry to all City tour point like Cellular jail and other Museum closes by 1600hrs and light n sound show is Open every day 1800hrs (Subjected to weather condition and some VVIP movement).</li>\r\n   <li>Ross &amp; North Bay remains closed on every Wednesdays.</li>\r\n   <li>Cellular Jail, Port Blair City Tour, Museums, Limestone Cave at Baratang Island, Jollybouy/Red Skin are closed on every Monday and National Holidays.</li>\r\n    <li>Ross and Smith Island boat trip at Diglipur are closed on every Sunday. and National Holidays.</li>\r\n   <li>Guests are advised not to keep valuables in the coach/vehicle while sightseeing. The Company shall not be responsible for loss of valuables from the coach / vehicle. If the coach / vehicle is accidentally or otherwise damaged by the Guest, she/he will be required to pay compensation for the same.</li>\r\n    <li>For the comfort and convenience of our passengers, we will sometimes reverse the direction, or slightly amend the itinerary. We will try to advise you of these amendments, prior to the start of the tour or on tour. In the event that a tour participant misses on any part of the sightseeing tour or any such tour due to delay on his part, he will not be entitled to claim refund of the same.</li>\r\n   <li>All the ferry service inland and inter-island may change schedule without prior notice due to weather conditions, technical snag, operational requirement or commercial. we do not owe any responsibility for the same, our liability is restricted to the face value of the tickets only.</li>\r\n   <li>In case of any unexpected bad weather Condition, Natural Calamity or due to any unavoidable circumstance if the ferry to Port Blair, Havelock, Neil or other island gets cancelled, some other alternative accommodation will be provided in Port Blair / Havelock, Neil Island or any other island. These additional night / Nights of accommodation in Port Blair Havelock/ Port Blair / Neil Island or any other island will be on direct payment basis by guest. The Client shall not hold &ldquo;The Company&rdquo; responsible for the same and no claim whatsoever can be made by the Client against The Company for refund or compensation.</li>\r\n    <li>Confirmation of Hotels and other services is subject to availability. If the above hotels are not available similar category hotels will be used.</li>\r\n    <li>Itinerary is subject to change.</li>\r\n    <li>The Company shall, in no circumstances whatsoever be liable to the client or any person traveling with him for any death, personal injury, sickness, accident, loss, delay, discomfort, increased expenses, consequential loss and/or damage or any kind of theft howsoever caused The temporary or permanent loss of or damage to baggage or personal effects howsoever caused including wilful negligence on the part of any person. Loss of baggage by the airlines / coach / Ferry. Overbooking of seats by the Ferry.</li>\r\n   <li>The Company shall, in no circumstances whatsoever be liable to the client or any person traveling with him for Failure on the part of Ferry to accommodate passengers despite having confirmed tickets or change of route. If in the event that the Client is booked on a particular ferry and the said Ferry is over booked/cancelled for whatever reason and the Client is not allowed/able to board the ferry, the Client shall not hold &ldquo;The Company&rdquo; responsible for the same and no claim whatsoever can be made by the Client against The Company for refund or compensation.</li>\r\n   <li>&ldquo;The Company&rdquo; shall not be responsible and / or liable for any damages caused to the Client due to reasons beyond the control of &ldquo;The Company&rdquo; (Force Majeure / Vis Majeure).</li>\r\n    <li>Mid &ndash;tour cancellation- yes you can cancel but the amount would be non-refundable.</li>\r\n   <li>If the tour or any part thereof cannot be conducted due to natural calamity, the Company shall not be responsible to give any refund to you.</li>\r\n   <li>It is clearly understood that there shall be no refund whatsoever if the Client does not or cannot utilize any of the services like hotels, sightseeing, rides, cruises, meals, entrance fees, optional tours etc. due to any reason whatsoever.</li>\r\n </ul>\r\n </div>\r\n  </li>\r\n</ul>', '', 'text', NULL, 0, 0, 0, NULL, '2023-01-16 18:22:37', '2023-01-16 18:22:37'),
(59, 'website', 0, 'LEAD_SOURCE_GROUP_ID', 'LEAD_SOURCE_GROUP_ID', '1', '', 'text', NULL, 0, 0, 0, NULL, '2023-01-19 14:37:24', '2023-01-19 14:37:24'),
(60, 'website', 0, 'LEAD_STATUS_GROUP_ID', 'LEAD_STATUS_GROUP_ID', '2', '', 'text', NULL, 0, 0, 0, NULL, '2023-01-19 14:37:51', '2023-01-19 14:37:51'),
(61, 'website', 0, 'RATING_GROUP_ID', 'RATING_GROUP_ID', '3', '', 'text', NULL, 0, 0, 0, NULL, '2023-01-19 14:38:06', '2023-01-19 14:38:06'),
(62, 'website', 1, 'FROM_EMAIL', 'FROM_EMAIL', 'aman@ehostinguk.com', '', 'text', NULL, 0, 0, 0, NULL, '2023-01-31 16:16:51', '2023-03-31 11:35:39'),
(63, 'website', 0, 'BACKEND_USER_SESSION_TIMEOUT', 'BACKEND_USER_SESSION_TIMEOUT', '240', '24', 'text', NULL, 0, 0, 0, NULL, '2023-01-31 18:23:35', '2023-03-13 18:59:43'),
(64, 'website', 0, 'FRONTEND_USER_SESSION_TIMEOUT', 'FRONTEND_USER_SESSION_TIMEOUT', '24', '', 'text', NULL, 0, 0, 0, NULL, '2023-01-31 18:23:46', '2023-02-23 15:46:31'),
(65, 'website', 0, 'OTP_EXPIRE_TIME', 'OTP_EXPIRE_TIME', '10', '', 'text', NULL, 0, 0, 0, NULL, '2023-02-07 13:09:52', '2023-02-07 13:09:52'),
(66, 'website', 0, 'BACKEND_LOGIN_DEVICE_RECOGNITION_IN_HOURS', 'BACKEND_LOGIN_DEVICE_RECOGNITION_IN_HOURS', '48', '4', 'text', NULL, 0, 0, 0, NULL, '2023-02-07 13:10:07', '2023-03-10 16:12:53'),
(67, 'website', 0, 'BACKEND_LOGIN_OTP_REQUIRED', 'BACKEND_LOGIN_OTP_REQUIRED', 'Yes', '', 'text', NULL, 0, 0, 0, NULL, '2023-02-07 16:14:01', '2023-02-07 16:14:01'),
(68, 'website', 0, 'BACKEND_GMAIL_LOGIN_OTP_REQUIRED', 'BACKEND_GMAIL_LOGIN_OTP_REQUIRED', 'Yes', '', 'text', NULL, 0, 0, 0, NULL, '2023-02-07 16:14:18', '2023-02-07 16:14:18'),
(69, 'website', 0, 'DEFAULT OTP', 'DEFAULT_OTP', '88888', '12345', 'text', NULL, 0, 0, 0, 1, '2023-01-05 12:56:38', '2023-02-08 15:53:49'),
(70, 'website', 0, 'SITE_PHONE1', 'SITE_PHONE1', '<div class=\"footer_add\">\r\n                          <p class=\"text-lg\">Hotel Booking or Enquiry:</p>\r\n                          <a href=\"tel:+91 9858394405\">+91 9858394405</a> / \r\n                          <a href=\"tel:+91 8491947044\"> 8491947044</a>\r\n                        </div>', '', 'text', NULL, 0, 0, 0, NULL, '2023-02-08 17:27:21', '2023-02-08 17:27:21'),
(71, 'website', 0, 'SITE_PHONE2', 'SITE_PHONE2', '<div class=\"footer_add\">\r\n                          <p class=\"text-lg\">Tour & Trek Booking or Enquiry: </p>\r\n                          <a href=\"tel:+ 91 8491947039\">8491947039</a> / \r\n                          <a href=\"tel:+ 8491947040\"> 8491947040</a>\r\n                        </div>', '', 'text', NULL, 0, 0, 0, NULL, '2023-02-08 17:27:56', '2023-02-08 17:27:56'),
(72, 'website', 0, 'CONTACT_RESERVATION_OFFICE', 'CONTACT_RESERVATION_OFFICE', '<div class=\"lg:w-2/5\">\r\n                    <h5 class=\"text-base font-semibold pb-1\">RESERVATION OFFICE:</h5>\r\n                    <h4 class=\"text-base font-semibold pb-1 theme_clr_text\">OVERLAND ESCAPE</h4>\r\n                    <p class=\"text-sm mb-3\">Skara Main Road, Skara Yokma <br>Leh, 194101, Ladakh, India</p>\r\n                    <p class=\"text-sm mb-3\"><strong>Ticket Booking or Enquiry:</strong> +91 8491947052 / 8491947053</p>\r\n                    <p class=\"text-sm mb-3\"><strong>Hotel Booking or Enquiry:</strong> +91 9858394405 / 8491947044</p>\r\n                    <p class=\"text-sm mb-3\"><strong>Tour &amp; Trek Booking or Enquiry:</strong> +91 8491947039 / 8491947040</p>\r\n                    <p class=\"text-sm\"><strong>Email:</strong>  <a href=\"mailto:info@overlandescape.com\">info@overlandescape.com</a> / <a href=\"mailto:overland.escape@gmail.com\">overland.escape@gmail.com</a></p>\r\n                    <!-- <p>Skara Main Road, Skara Yokma <br>Leh, 194101, Ladakh, India</p>\r\n                    <p><strong>Ph:</strong> +91 1982 252105 / +91 1982 252108</p>\r\n                    <p><strong>Mob:</strong>  +91 9858394400 </p>\r\n                    <p><strong>Email:</strong>  info@overlandescape.com / overland.escape@gmail.com</p> -->\r\n              </div>', '<div class=\"w-2/5\">\r\n                    <h5 class=\"text-base font-semibold pb-1\">RESERVATION OFFICE:</h5>\r\n                    <h4 class=\"text-base font-semibold pb-1 theme_clr_text\">OVERLAND ESCAPE</h4>\r\n                    <p class=\"text-sm mb-3\">Skara Main Road, Skara Yokma <br>Leh, 194101, Ladakh, India</p>\r\n                    <p class=\"text-sm mb-3\"><strong>Ticket Booking or Enquiry:</strong> +91 8491947052 / 8491947053</p>\r\n                    <p class=\"text-sm mb-3\"><strong>Hotel Booking or Enquiry:</strong> +91 9858394405 / 8491947044</p>\r\n                    <p class=\"text-sm mb-3\"><strong>Tour &amp; Trek Booking or Enquiry:</strong> +91 8491947039 / 8491947040</p>\r\n                    <p class=\"text-sm\"><strong>Email:</strong>  <a href=\"mailto:info@overlandescape.com\">info@overlandescape.com</a> / <a href=\"mailto:overland.escape@gmail.com\">overland.escape@gmail.com</a></p>\r\n                    <!-- <p>Skara Main Road, Skara Yokma <br>Leh, 194101, Ladakh, India</p>\r\n                    <p><strong>Ph:</strong> +91 1982 252105 / +91 1982 252108</p>\r\n                    <p><strong>Mob:</strong>  +91 9858394400 </p>\r\n                    <p><strong>Email:</strong>  info@overlandescape.com / overland.escape@gmail.com</p> -->\r\n              </div>', 'text', NULL, 0, 0, 0, NULL, '2023-02-09 15:57:52', '2023-02-23 18:25:28'),
(73, 'website', 0, 'CONTACT_MAIN_OFFICE', 'CONTACT_MAIN_OFFICE', '<div class=\"lg:w-2/5\">\r\n                    <h5 class=\"text-base font-semibold pb-1\">MAIN OFFICE:</h5>\r\n                    <h4 class=\"text-base font-semibold pb-1 theme_clr_text\">OVERLAND ESCAPE</h4>\r\n                    <p class=\"text-sm mb-3\">Raku Complex, Fort Road <br>Leh, 194101, Ladakh, India</p>\r\n                    <p class=\"text-sm mb-3\"><strong>Ticket Booking or Enquiry:</strong> +91 8491947052 / 8491947053</p>\r\n                    <p class=\"text-sm mb-3\"><strong>Hotel Booking or Enquiry:</strong> +91 9858394405 / 8491947044</p>\r\n                    <p class=\"text-sm mb-3\"><strong>Tour &amp; Trek Booking or Enquiry:</strong> +91 8491947039 / 8491947040</p>\r\n                    <p class=\"text-sm\"><strong>Email:</strong>  <a href=\"mailto:info@overlandescape.com\">info@overlandescape.com</a> / <a href=\"mailto:overland.escape@gmail.com\">overland.escape@gmail.com</a></p>\r\n                    <!-- <p>Skara Main Road, Skara Yokma <br>Leh, 194101, Ladakh, India</p>\r\n                    <p><strong>Ph:</strong> +91 1982 252105 / +91 1982 252108</p>\r\n                    <p><strong>Mob:</strong>  +91 9858394400 </p>\r\n                    <p><strong>Email:</strong>  info@overlandescape.com / overland.escape@gmail.com</p> -->\r\n              </div>', '<div class=\"w-2/5\">\r\n                    <h5 class=\"text-base font-semibold pb-1\">MAIN OFFICE:</h5>\r\n                    <h4 class=\"text-base font-semibold pb-1 theme_clr_text\">OVERLAND ESCAPE</h4>\r\n                    <p class=\"text-sm mb-3\">Raku Complex, Fort Road <br>Leh, 194101, Ladakh, India</p>\r\n                    <p class=\"text-sm mb-3\"><strong>Ticket Booking or Enquiry:</strong> +91 8491947052 / 8491947053</p>\r\n                    <p class=\"text-sm mb-3\"><strong>Hotel Booking or Enquiry:</strong> +91 9858394405 / 8491947044</p>\r\n                    <p class=\"text-sm mb-3\"><strong>Tour &amp; Trek Booking or Enquiry:</strong> +91 8491947039 / 8491947040</p>\r\n                    <p class=\"text-sm\"><strong>Email:</strong>  <a href=\"mailto:info@overlandescape.com\">info@overlandescape.com</a> / <a href=\"mailto:overland.escape@gmail.com\">overland.escape@gmail.com</a></p>\r\n                    <!-- <p>Skara Main Road, Skara Yokma <br>Leh, 194101, Ladakh, India</p>\r\n                    <p><strong>Ph:</strong> +91 1982 252105 / +91 1982 252108</p>\r\n                    <p><strong>Mob:</strong>  +91 9858394400 </p>\r\n                    <p><strong>Email:</strong>  info@overlandescape.com / overland.escape@gmail.com</p> -->\r\n              </div>', 'text', NULL, 0, 0, 0, NULL, '2023-02-09 15:58:57', '2023-02-23 18:25:39'),
(74, 'website', 0, 'CONTACT_DELHI_OFFICE', 'CONTACT_DELHI_OFFICE', '<div class=\"lg:w-2/5\">\r\n                    <h5 class=\"text-base font-semibold pb-1\">Delhi Office:</h5>\r\n                    <h4 class=\"text-base font-semibold pb-1 theme_clr_text\">OVERLAND ESCAPE</h4>\r\n                    <p class=\"text-sm mb-3\">251,252, Vardaman Crown Mall, <br>Sector 19 Dwarka , New Delhi -110075</p>\r\n                    <p class=\"text-sm mb-3\"><strong>Ph:</strong> +91 11 28041602 / 11 28043666</p>\r\n                    <p class=\"text-sm mb-3\"><strong>Mobile:</strong> +91 7888695142</p>\r\n                    <p class=\"text-sm\"><strong>Email:</strong>  <a href=\"mailto:roopa.bhardwaj@overlandescape.com\">roopa.bhardwaj@overlandescape.com</a> </p>\r\n                    <!-- <p>Skara Main Road, Skara Yokma <br>Leh, 194101, Ladakh, India</p>\r\n                    <p><strong>Ph:</strong> +91 1982 252105 / +91 1982 252108</p>\r\n                    <p><strong>Mob:</strong>  +91 9858394400 </p>\r\n                    <p><strong>Email:</strong>  info@overlandescape.com / overland.escape@gmail.com</p> -->\r\n              </div>', '<div class=\"w-2/5\">\r\n                    <h5 class=\"text-base font-semibold pb-1\">Delhi Office:</h5>\r\n                    <h4 class=\"text-base font-semibold pb-1 theme_clr_text\">OVERLAND ESCAPE</h4>\r\n                    <p class=\"text-sm mb-3\">251,252, Vardaman Crown Mall, <br>Sector 19 Dwarka , New Delhi -110075</p>\r\n                    <p class=\"text-sm mb-3\"><strong>Ph:</strong> +91 11 28041602 / 11 28043666</p>\r\n                    <p class=\"text-sm mb-3\"><strong>Mobile:</strong> +91 7888695142</p>\r\n                    <p class=\"text-sm\"><strong>Email:</strong>  <a href=\"mailto:roopa.bhardwaj@overlandescape.com\">roopa.bhardwaj@overlandescape.com</a> </p>\r\n                    <!-- <p>Skara Main Road, Skara Yokma <br>Leh, 194101, Ladakh, India</p>\r\n                    <p><strong>Ph:</strong> +91 1982 252105 / +91 1982 252108</p>\r\n                    <p><strong>Mob:</strong>  +91 9858394400 </p>\r\n                    <p><strong>Email:</strong>  info@overlandescape.com / overland.escape@gmail.com</p> -->\r\n              </div>', 'text', NULL, 0, 0, 0, NULL, '2023-02-09 15:59:43', '2023-02-23 18:25:49'),
(75, 'website', 1, 'GOOGLE_TRANSLATOR_MANAGEMENT', 'GOOGLE_TRANSLATOR_MANAGEMENT', '1', '', 'text', NULL, 0, 0, 0, NULL, '2023-02-10 17:18:41', '2023-03-31 11:35:39'),
(76, 'website', 0, 'ROBOT_TXT', 'ROBOT_TXT', 'User-agent: *\r\nDisallow:', NULL, 'text', NULL, 0, 0, 0, NULL, '2023-02-23 16:02:39', '2023-03-07 12:36:16'),
(77, 'website', 1, 'SYSTEM_TITLE', 'SYSTEM_TITLE', 'Over Land', NULL, 'text', NULL, 0, 0, 0, NULL, '2023-02-23 18:24:06', '2023-03-31 11:35:39'),
(78, 'website', 0, 'SALES_PHONE', 'SALES_PHONE', '+918491947039', '', 'text', NULL, 0, 0, 0, NULL, '2023-01-31 16:16:51', '2023-01-31 16:16:51'),
(79, 'website', 1, 'SALES_EMAIL', 'SALES_EMAIL', 'info@overlandescape.com', '', 'text', NULL, 0, 0, 0, NULL, '2023-01-31 16:16:51', '2023-03-31 11:35:39'),
(80, 'website', 0, 'HTML_HEAD_TOP', 'HTML_HEAD_TOP', '<!-- Google tag (gtag.js) --> <script async src=\"https://www.googletagmanager.com/gtag/js?id=UA-61019163-1\"></script> <script>   window.dataLayer = window.dataLayer || [];   function gtag(){dataLayer.push(arguments);}   gtag(\'js\', new Date());    gtag(\'config\', \'UA-61019163-1\'); </script>', NULL, 'text', NULL, 0, 0, 0, NULL, '2023-03-02 13:29:12', '2023-03-02 13:32:47'),
(81, 'website', 0, 'CURRENT_NAME', 'CURRENT_NAME', 'csn', NULL, 'text', NULL, 0, 0, 0, NULL, '2023-03-15 11:34:36', '2023-03-15 11:34:36'),
(82, 'website', 0, 'CURRENT_SIGN_PREVIEW', 'CURRENT_SIGN_PREVIEW', 'best', NULL, 'text', NULL, 0, 0, 0, NULL, '2023-03-15 11:34:36', '2023-03-15 11:34:36'),
(83, 'website', 0, 'CURRENT_SIGN_FONTAWESOME', 'CURRENT_SIGN_FONTAWESOME', 'fontawesome', NULL, 'text', NULL, 0, 0, 0, NULL, '2023-03-15 11:34:36', '2023-03-15 11:34:36'),
(84, 'website', 0, 'CURRENT_VALUE', 'CURRENT_VALUE', '22000', NULL, 'text', NULL, 0, 0, 0, NULL, '2023-03-15 11:34:36', '2023-03-15 11:50:15'),
(85, 'website', 1, 'COOKIES_MESSAGE', 'COOKIES_MESSAGE', 'Message', NULL, 'text', NULL, 0, 0, 0, NULL, '2023-03-15 16:04:55', '2023-03-31 11:56:10'),
(86, 'website', 1, 'COOKIES_BUTTON_TEXT', 'COOKIES_BUTTON_TEXT', 'cookies button', NULL, 'text', NULL, 0, 0, 0, NULL, '2023-03-15 16:04:55', '2023-03-31 11:56:10'),
(87, 'website', 1, 'COOKIES_TEXT_COLOR', 'COOKIES_TEXT_COLOR', 'Blue', NULL, 'text', NULL, 0, 0, 0, NULL, '2023-03-15 16:04:55', '2023-03-31 11:56:10'),
(88, 'website', 1, 'COOKIES_BACKGROUND_COLOR', 'COOKIES_BACKGROUND_COLOR', 'pink', NULL, 'text', NULL, 0, 0, 0, NULL, '2023-03-15 16:04:55', '2023-03-31 11:56:10'),
(89, 'website', 1, 'COOKIES_BUTTON_COLOR', 'COOKIES_BUTTON_COLOR', 'red', NULL, 'text', NULL, 0, 0, 0, NULL, '2023-03-15 16:04:55', '2023-03-31 11:56:10'),
(90, 'website', 1, 'COOKIES_CONSENT_TEXT', 'COOKIES_CONSENT_TEXT', 'abcd', NULL, 'text', NULL, 0, 0, 0, NULL, '2023-03-15 16:04:55', '2023-03-31 11:56:10'),
(91, 'website', 1, 'COOKIES_CONSENT_STATUS', 'COOKIES_CONSENT_STATUS', '1', NULL, 'text', NULL, 0, 0, 0, NULL, '2023-03-15 16:04:55', '2023-03-31 11:56:10'),
(92, 'website', 1, 'CURRENCY_NAME', 'CURRENCY_NAME', 'currency name', NULL, 'text', NULL, 0, 0, 0, NULL, '2023-03-15 16:05:45', '2023-03-31 11:56:17'),
(93, 'website', 1, 'CURRENCY_SIGN_PREVIEW', 'CURRENCY_SIGN_PREVIEW', 'abcd', NULL, 'text', NULL, 0, 0, 0, NULL, '2023-03-15 16:05:45', '2023-03-31 11:56:17'),
(94, 'website', 1, 'CURRENCY_SIGN_FONTAWESOME', 'CURRENCY_SIGN_FONTAWESOME', NULL, NULL, 'text', NULL, 0, 0, 0, NULL, '2023-03-15 16:05:45', '2023-03-31 11:56:17'),
(95, 'website', 1, 'CURRENCY_VALUE', 'CURRENCY_VALUE', NULL, NULL, 'text', NULL, 0, 0, 0, NULL, '2023-03-15 16:05:45', '2023-03-31 11:56:17'),
(96, 'website', 1, 'SALE_PHONE', 'SALE_PHONE', '100101101', NULL, 'text', NULL, 0, 0, 0, NULL, '2023-03-22 12:28:19', '2023-03-31 11:35:39'),
(97, 'website', 1, 'TRIPJACK_API_KEY', 'TRIPJACK_API_KEY', '6121127f5eb87a-f5c6-4e94-87bd-aeed5e90ff39', '', 'text', NULL, 0, 0, 0, NULL, '2023-03-23 06:17:41', '2023-03-31 11:56:50'),
(98, 'website', 1, 'TRIPJACK_API_URL', 'TRIPJACK_API_URL', 'https://apitest.tripjack.com', '', 'text', NULL, 0, 0, 0, NULL, '2023-03-23 06:17:57', '2023-03-31 11:56:50'),
(99, 'website', 1, 'COMPANY_NAME', 'COMPANY_NAME', 'overlandescape.com', NULL, 'text', NULL, 0, 0, 0, NULL, '2023-03-29 10:48:05', '2023-03-31 11:55:21'),
(100, 'website', 1, 'COMPANY_ADDRESS', 'COMPANY_ADDRESS', NULL, NULL, 'text', NULL, 0, 0, 0, NULL, '2023-03-29 10:48:05', '2023-03-31 11:55:21'),
(101, 'website', 1, 'BOOKING_QUERIES_NO', 'BOOKING_QUERIES_NO', '7488515453', NULL, 'text', NULL, 0, 0, 0, NULL, '2023-03-29 10:48:05', '2023-03-31 11:55:21'),
(102, 'social_links', 1, 'YOUTUBE', 'YOUTUBE', NULL, NULL, 'text', NULL, 0, 0, 0, NULL, '2023-03-31 11:09:28', '2023-03-31 11:09:28');
COMMIT;

-- email_templates -----------------------------------
INSERT INTO `email_templates` (`id`, `title`, `slug`, `subject`, `content`, `status`, `created_at`, `updated_at`) VALUES
(1, 'Admin Password Reset OTP 222', 'admin-password-reset-otp', 'Admin Password Reset OTP', '<meta charset=\"utf-8\">\r\n<link href=\"https://fonts.googleapis.com/css?family=Roboto:100i,200,200i,300,300i,400,400i,500,500i,600,600i,700,700i,800,800i,900,900i\" rel=\"stylesheet\" />\r\n<link href=\"https://fonts.googleapis.com/css?family=Maven+Pro&amp;display=swap\" rel=\"stylesheet\" />\r\n<link href=\"https://cdnjs.cloudflare.com/ajax/libs/font-awesome/4.7.0/css/font-awesome.min.css\" rel=\"stylesheet\" type=\"text/css\" />\r\n<table border=\"0\" cellpadding=\"0\" cellspacing=\"0\" width=\"100%\">\r\n	<tbody>\r\n		<tr>\r\n			<td>\r\n			<table align=\"center\" bgcolor=\"#ffffff\" border=\"0\" cellpadding=\"0\" cellspacing=\"0\" style=\"border: 1px solid #ddd;\" width=\"800\">\r\n				<tbody>\r\n					<tr>\r\n						<td>&nbsp;\r\n						<table border=\"0\" cellpadding=\"0\" cellspacing=\"0\" width=\"100%\">\r\n							<tbody>\r\n								<tr style=\"background-color: #fff6ec;\">\r\n									<td align=\"left\" colspan=\"2\" style=\"padding: 20px 40px; border-bottom: 1px solid #00000017;\">\r\n									<div style=\"float: left;\"><a href=\"{{url(\'/\')}}\"><img alt=\"logo\" src=\"https://mytourplans.tekzini.com/storage/settings/150323112238-63e37bf078b0e182_final-logo1.png\" style=\"height: 54px;\" /></a></div>\r\n\r\n									<div style=\"font-size: 18px; text-align: right; float: right; margin-top: 5px; color: #952a25; font-weight: 500;\">Date - ({date})</div>\r\n									</td>\r\n								</tr>\r\n								<tr>\r\n									<td colspan=\"2\" style=\"padding: 30px 0px 0 40px;\"><span style=\"font-size: 24px; color: #3f4041; font-family: \'Roboto\', sans-serif, Arial;\">Hello there!</span>\r\n									<p style=\"font-size: 16px; font-family: \'Roboto\', sans-serif, Arial; color: #51535c; line-height: 32px; margin-bottom: 0; margin-top: 10px;\">Admin Password Reset OTP {otp}</p>\r\n									</td>\r\n								</tr>\r\n							</tbody>\r\n						</table>\r\n						</td>\r\n					</tr>\r\n				</tbody>\r\n			</table>\r\n			</td>\r\n		</tr>\r\n	</tbody>\r\n</table>', 1, '2023-02-07 13:12:46', '2023-04-04 16:15:18'),
(2, 'Admin Login OTP', 'admin-login-otp', 'Admin Login OTP', '<meta charset=\"utf-8\">\r\n<link href=\"https://fonts.googleapis.com/css?family=Roboto:100i,200,200i,300,300i,400,400i,500,500i,600,600i,700,700i,800,800i,900,900i\" rel=\"stylesheet\" />\r\n<link href=\"https://fonts.googleapis.com/css?family=Maven+Pro&amp;display=swap\" rel=\"stylesheet\" />\r\n<link href=\"https://cdnjs.cloudflare.com/ajax/libs/font-awesome/4.7.0/css/font-awesome.min.css\" rel=\"stylesheet\" type=\"text/css\" />\r\n<table border=\"0\" cellpadding=\"0\" cellspacing=\"0\" width=\"100%\">\r\n	<tbody>\r\n		<tr>\r\n			<td>\r\n			<table align=\"center\" bgcolor=\"#ffffff\" border=\"0\" cellpadding=\"0\" cellspacing=\"0\" style=\"border: 1px solid #ddd;\" width=\"800\">\r\n				<tbody>\r\n					<tr>\r\n						<td>&nbsp;\r\n						<table border=\"0\" cellpadding=\"0\" cellspacing=\"0\" width=\"100%\">\r\n							<tbody>\r\n								<tr style=\"background-color: #fff6ec;\">\r\n									<td align=\"left\" colspan=\"2\" style=\"padding: 20px 40px; border-bottom: 1px solid #00000017;\">\r\n									<div style=\"float: left;\"><a href=\"{{url(\'/\')}}\"><img alt=\"logo\" src=\"https://mytourplans.tekzini.com/storage/settings/150323112238-63e37bf078b0e182_final-logo1.png\" style=\"height: 54px;\" /></a></div>\r\n\r\n									<div style=\"font-size: 18px; text-align: right; float: right; margin-top: 5px; color: #952a25; font-weight: 500;\">Date - ({date})</div>\r\n									</td>\r\n								</tr>\r\n								<tr>\r\n									<td colspan=\"2\" style=\"padding: 30px 0px 0 40px;\"><span style=\"font-size: 24px; color: #3f4041; font-family: \'Roboto\', sans-serif, Arial;\">Hello there!</span>\r\n									<p style=\"font-size: 16px; font-family: \'Roboto\', sans-serif, Arial; color: #51535c; line-height: 32px; margin-bottom: 0; margin-top: 10px;\">Admin Login OTP {otp}</p>\r\n									</td>\r\n								</tr>\r\n							</tbody>\r\n						</table>\r\n						</td>\r\n					</tr>\r\n				</tbody>\r\n			</table>\r\n			</td>\r\n		</tr>\r\n	</tbody>\r\n</table>', 1, '2023-02-07 15:28:23', '2023-04-04 16:19:17'),
(3, 'User Signup Otp', 'user-signup-otp', 'User Login OTP', '<meta charset=\"utf-8\">\r\n<link href=\"https://fonts.googleapis.com/css?family=Roboto:100i,200,200i,300,300i,400,400i,500,500i,600,600i,700,700i,800,800i,900,900i\" rel=\"stylesheet\" />\r\n<link href=\"https://fonts.googleapis.com/css?family=Maven+Pro&amp;display=swap\" rel=\"stylesheet\" />\r\n<link href=\"https://cdnjs.cloudflare.com/ajax/libs/font-awesome/4.7.0/css/font-awesome.min.css\" rel=\"stylesheet\" type=\"text/css\" />\r\n<table border=\"0\" cellpadding=\"0\" cellspacing=\"0\" width=\"100%\">\r\n	<tbody>\r\n		<tr>\r\n			<td>\r\n			<table align=\"center\" bgcolor=\"#ffffff\" border=\"0\" cellpadding=\"0\" cellspacing=\"0\" style=\"border: 1px solid #ddd;\" width=\"800\">\r\n				<tbody>\r\n					<tr>\r\n						<td>&nbsp;\r\n						<table border=\"0\" cellpadding=\"0\" cellspacing=\"0\" width=\"100%\">\r\n							<tbody>\r\n								<tr style=\"background-color: #fff6ec;\">\r\n									<td align=\"left\" colspan=\"2\" style=\"padding: 20px 40px; border-bottom: 1px solid #00000017;\">\r\n									<div style=\"float: left;\"><a href=\"{{url(\'/\')}}\"><img alt=\"logo\" src=\"https://mytourplans.tekzini.com/storage/settings/150323112238-63e37bf078b0e182_final-logo1.png\" style=\"height: 54px;\" /></a></div>\r\n\r\n									<div style=\"font-size: 18px; text-align: right; float: right; margin-top: 5px; color: #952a25; font-weight: 500;\">Date - ({date})</div>\r\n									</td>\r\n								</tr>\r\n								<tr>\r\n									<td colspan=\"2\" style=\"padding: 30px 0px 0 40px;\"><span style=\"font-size: 24px; color: #3f4041; font-family: \'Roboto\', sans-serif, Arial;\">Hello there!</span>\r\n									<p style=\"font-size: 16px; font-family: \'Roboto\', sans-serif, Arial; color: #51535c; line-height: 32px; margin-bottom: 0; margin-top: 10px;\">User {type} : {otp}</p>\r\n									</td>\r\n								</tr>\r\n							</tbody>\r\n						</table>\r\n						</td>\r\n					</tr>\r\n				</tbody>\r\n			</table>\r\n			</td>\r\n		</tr>\r\n	</tbody>\r\n</table>', 1, '2023-02-07 15:28:23', '2023-04-04 16:13:11'),
(4, 'Testimonial Email', 'testimonial-email', 'Testimonial Mytourplans', '<meta charset=\"utf-8\">\r\n<title></title>\r\n<link href=\"https://fonts.googleapis.com/css?family=Roboto:100i,200,200i,300,300i,400,400i,500,500i,600,600i,700,700i,800,800i,900,900i\" rel=\"stylesheet\" />\r\n<link href=\"https://fonts.googleapis.com/css?family=Maven+Pro&amp;display=swap\" rel=\"stylesheet\" />\r\n<link href=\"https://cdnjs.cloudflare.com/ajax/libs/font-awesome/4.7.0/css/font-awesome.min.css\" rel=\"stylesheet\" type=\"text/css\" />\r\n<table border=\"0\" cellpadding=\"0\" cellspacing=\"0\" width=\"100%\">\r\n	<tbody>\r\n		<tr>\r\n			<td>\r\n			<table align=\"center\" bgcolor=\"#ffffff\" border=\"0\" cellpadding=\"0\" cellspacing=\"0\" style=\"border: 1px solid #ddd;\" width=\"800\">\r\n				<tbody>\r\n					<tr>\r\n						<td>\r\n						<table border=\"0\" cellpadding=\"0\" cellspacing=\"0\" width=\"100%\">\r\n							<tbody>\r\n								<tr style=\"background-color: #fff6ec;\">\r\n									<td align=\"left\" colspan=\"2\" style=\"padding: 20px 40px; border-bottom: 1px solid #00000017;\">\r\n									<div style=\"float: left;\"><a href=\"{{url(\'/\')}}\"><img alt=\"logo\" src=\"https://mytourplans.tekzini.com/storage/settings/150323112238-63e37bf078b0e182_final-logo1.png\" style=\"height: 54px;\" /></a></div>\r\n\r\n									<div style=\"font-size: 18px; text-align: right; float: right; margin-top: 5px; color: #952a25; font-weight: 500;\">Date - ({date})</div>\r\n									</td>\r\n								</tr>\r\n								<tr>\r\n									<td colspan=\"2\" style=\"padding: 30px 0px 0 40px;\"><span style=\"font-size: 24px; color: #3f4041; font-family: \'Roboto\', sans-serif, Arial;\">Hello there!</span>\r\n									<p style=\"font-size: 16px; font-family: \'Roboto\', sans-serif, Arial; color: #51535c; line-height: 32px; margin-bottom: 0; margin-top: 10px;\">Your have an new testimonials , details given below:</p>\r\n									</td>\r\n								</tr>\r\n								<tr>\r\n									<td style=\"padding: 10px 0px 10px 40px;\">\r\n									<p style=\"color: #3a3a3c; font-size: 17px; font-weight: 400; font-family: Roboto; margin: 4px 0px;\"><strong>TItle : </strong> {title}</p>\r\n									</td>\r\n									<td style=\"padding: 10px 0px 10px 40px;\">\r\n									<p style=\"color: #3a3a3c; font-size: 17px; font-weight: 400; font-family: Roboto; margin: 4px 0px;\"><strong>Name : </strong> {name}</p>\r\n									</td>\r\n								</tr>\r\n								<tr>\r\n									<td style=\"padding: 10px 0px 10px 40px;\">\r\n									<p style=\"color: #3a3a3c; font-size: 17px; font-weight: 400; font-family: Roboto; margin: 4px 0px;\"><strong>Email : </strong> {email}</p>\r\n									</td>\r\n									<td style=\"padding: 10px 0px 10px 40px;\">\r\n									<p style=\"color: #3a3a3c; font-size: 17px; font-weight: 400; font-family: Roboto; margin: 4px 0px;\"><strong>Company Name : </strong> {company_name}</p>\r\n									</td>\r\n								</tr>\r\n								<tr>\r\n									<td style=\"padding: 10px 0px 10px 40px;\">\r\n									<p style=\"color: #3a3a3c; font-size: 17px; font-weight: 400; font-family: Roboto; margin: 4px 0px;\"><strong>Position in company: </strong> {position_in_company}</p>\r\n									</td>\r\n									<td style=\"padding: 10px 0px 10px 40px;\">\r\n									<p style=\"color: #3a3a3c; font-size: 17px; font-weight: 400; font-family: Roboto; margin: 4px 0px;\"><strong>Website: </strong> {website}</p>\r\n									</td>\r\n								</tr>\r\n								<tr>\r\n									<td style=\"padding: 10px 0px 10px 40px;\">\r\n									<p style=\"color: #3a3a3c; font-size: 17px; font-weight: 400; font-family: Roboto; margin: 4px 0px;\"><strong>Content : </strong> {description}</p>\r\n									</td>\r\n								</tr>\r\n							</tbody>\r\n						</table>\r\n						</td>\r\n					</tr>\r\n				</tbody>\r\n			</table>\r\n			</td>\r\n		</tr>\r\n	</tbody>\r\n</table>', 1, '2023-02-20 17:41:27', '2023-04-04 16:30:33'),
(5, 'Test Email', 'test-email', 'Testing Email', '<meta charset=\"utf-8\">\r\n<link href=\"https://fonts.googleapis.com/css?family=Roboto:100i,200,200i,300,300i,400,400i,500,500i,600,600i,700,700i,800,800i,900,900i\" rel=\"stylesheet\" />\r\n<link href=\"https://fonts.googleapis.com/css?family=Maven+Pro&amp;display=swap\" rel=\"stylesheet\" />\r\n<link href=\"https://cdnjs.cloudflare.com/ajax/libs/font-awesome/4.7.0/css/font-awesome.min.css\" rel=\"stylesheet\" type=\"text/css\" />\r\n<table border=\"0\" cellpadding=\"0\" cellspacing=\"0\" width=\"100%\">\r\n	<tbody>\r\n		<tr>\r\n			<td>\r\n			<table align=\"center\" bgcolor=\"#ffffff\" border=\"0\" cellpadding=\"0\" cellspacing=\"0\" style=\"border: 1px solid #ddd;\" width=\"800\">\r\n				<tbody>\r\n					<tr>\r\n						<td>&nbsp;\r\n						<table border=\"0\" cellpadding=\"0\" cellspacing=\"0\" width=\"100%\">\r\n							<tbody>\r\n								<tr style=\"background-color: #fff6ec;\">\r\n									<td align=\"left\" colspan=\"2\" style=\"padding: 20px 40px; border-bottom: 1px solid #00000017;\">\r\n									<div style=\"float: left;\"><a href=\"{{url(\'/\')}}\"><img alt=\"logo\" src=\"{logo}\" style=\"height: 54px;\" /></a></div>\r\n\r\n									<div style=\"font-size: 18px; text-align: right; float: right; margin-top: 5px; color: #952a25; font-weight: 500;\">Date - ({date})</div>\r\n									</td>\r\n								</tr>\r\n								<tr>\r\n									<td colspan=\"2\" style=\"padding: 30px 0px 0 40px;\">\r\n									<p style=\"font-size: 16px; font-family: \'Roboto\', sans-serif, Arial; color: #51535c; line-height: 32px; margin-bottom: 0; margin-top: 10px;\">{text}</p>\r\n									</td>\r\n								</tr>\r\n							</tbody>\r\n						</table>\r\n						</td>\r\n					</tr>\r\n				</tbody>\r\n			</table>\r\n			</td>\r\n		</tr>\r\n	</tbody>\r\n</table>', 1, '2023-02-14 15:58:04', '2023-04-04 16:22:28'),
(6, 'Bank Transfer Details Email', 'bank-transfer-details-email', 'Payment Of {package_title}', '<meta charset=\"utf-8\">\r\n<title></title>\r\n<link href=\"https://fonts.googleapis.com/css?family=Roboto:100i,200,200i,300,300i,400,400i,500,500i,600,600i,700,700i,800,800i,900,900i\" rel=\"stylesheet\" />\r\n<link href=\"https://fonts.googleapis.com/css?family=Maven+Pro&amp;display=swap\" rel=\"stylesheet\" />\r\n<link href=\"https://cdnjs.cloudflare.com/ajax/libs/font-awesome/4.7.0/css/font-awesome.min.css\" rel=\"stylesheet\" type=\"text/css\" />\r\n<table border=\"0\" cellpadding=\"0\" cellspacing=\"0\" width=\"100%\">\r\n	<tbody>\r\n		<tr>\r\n			<td>\r\n			<table align=\"center\" bgcolor=\"#ffffff\" border=\"0\" cellpadding=\"0\" cellspacing=\"0\" style=\"border: 1px solid #ddd;\" width=\"800\">\r\n				<tbody>\r\n					<tr>\r\n						<td>\r\n						<table border=\"0\" cellpadding=\"0\" cellspacing=\"0\" width=\"100%\">\r\n							<tbody>\r\n								<tr style=\"background-color: #fff6ec;\">\r\n									<td align=\"left\" colspan=\"2\" style=\"padding: 20px 40px; border-bottom: 1px solid #00000017;\">\r\n									<div style=\"float: left;\"><a href=\"{{url(\'/\')}}\"><img alt=\"logo\" src=\"https://mytourplans.tekzini.com/storage/settings/150323112238-63e37bf078b0e182_final-logo1.png\" style=\"height: 54px;\" /></a></div>\r\n\r\n									<div style=\"font-size: 18px; text-align: right; float: right; margin-top: 5px; color: #952a25; font-weight: 500;\">Bank Transfer Details<br />\r\n									Date - at ({date})</div>\r\n									</td>\r\n								</tr>\r\n								<tr>\r\n									<td colspan=\"2\" style=\"padding: 30px 0px 0 40px;\"><span style=\"font-size: 24px; color: #3f4041; font-family: \'Roboto\', sans-serif, Arial;\">Hello there!</span>\r\n									<p style=\"font-size: 16px; font-family: \'Roboto\', sans-serif, Arial; color: #51535c; line-height: 32px; margin-bottom: 0; margin-top: 10px;\">You have a new bank transfer details, Please find the details below:</p>\r\n									</td>\r\n								</tr>\r\n								<tr>\r\n									<td style=\"padding: 10px 0px 10px 40px;\">\r\n									<p style=\"color: #3a3a3c; font-size: 17px; font-weight: 400; font-family: Roboto; margin: 4px 0px;\"><strong>Sub Total Amount : </strong> {sub_total_amount}</p>\r\n									</td>\r\n									<td style=\"padding: 10px 0px 10px 40px;\">\r\n									<p style=\"color: #3a3a3c; font-size: 17px; font-weight: 400; font-family: Roboto; margin: 4px 0px;\"><strong>Total Amount : </strong> {total_amount}</p>\r\n									</td>\r\n								</tr>\r\n								<tr>\r\n									<td style=\"padding: 10px 0px 10px 40px;\">\r\n									<p style=\"color: #3a3a3c; font-size: 17px; font-weight: 400; font-family: Roboto; margin: 4px 0px;\"><strong>Payment Method : </strong> {method}</p>\r\n									</td>\r\n									<td style=\"padding: 10px 0px 10px 40px;\">\r\n									<p style=\"color: #3a3a3c; font-size: 17px; font-weight: 400; font-family: Roboto; margin: 4px 0px;\"><strong>Payment No : </strong> {order_no}</p>\r\n									</td>\r\n								</tr>\r\n								<tr>\r\n									<td style=\"padding: 10px 0px 10px 40px;\">\r\n									<p style=\"color: #3a3a3c; font-size: 17px; font-weight: 400; font-family: Roboto; margin: 4px 0px;\"><strong>Package Name : </strong> {itemname}</p>\r\n									</td>\r\n									<td style=\"padding: 10px 0px 10px 40px;\">\r\n									<p style=\"color: #3a3a3c; font-size: 17px; font-weight: 400; font-family: Roboto; margin: 4px 0px;\"><strong>Payment Status : </strong>{status}</p>\r\n									</td>\r\n								</tr>\r\n								<tr>\r\n									<td style=\"padding: 10px 0px 10px 40px;\">\r\n									<p style=\"color: #3a3a3c; font-size: 17px; font-weight: 400; font-family: Roboto; margin: 4px 0px;\"><strong>Comment: </strong>{comment}</p>\r\n									</td>\r\n									<td style=\"padding: 10px 0px 10px 40px;\">\r\n									<p style=\"color: #3a3a3c; font-size: 17px; font-weight: 400; font-family: Roboto; margin: 4px 0px;\"><strong>Payment Account Payer Email: </strong> {payer_email}</p>\r\n									</td>\r\n								</tr>\r\n								<tr>\r\n									<td style=\"padding: 10px 0px 10px 40px;\">\r\n									<p style=\"color: #3a3a3c; font-size: 17px; font-weight: 400; font-family: Roboto; margin: 4px 0px;\"><strong>Bank Transfer Account Details: </strong> {bank_details}</p>\r\n									</td>\r\n									<td style=\"padding: 10px 0px 10px 40px;\">\r\n									<p style=\"color: #3a3a3c; font-size: 17px; font-weight: 400; font-family: Roboto; margin: 4px 0px;\"><strong>Bank Transfer ID: </strong> Test</p>\r\n									</td>\r\n								</tr>\r\n							</tbody>\r\n						</table>\r\n						</td>\r\n					</tr>\r\n				</tbody>\r\n			</table>\r\n			</td>\r\n		</tr>\r\n	</tbody>\r\n</table>', 1, '2023-03-02 12:41:35', '2023-04-04 16:46:08'),
(7, 'Book Now Enquiry', 'book-now-enquiry', 'Book Now Us Enquiry', '<meta charset=\"utf-8\">\r\n<link href=\"https://fonts.googleapis.com/css?family=Roboto:100i,200,200i,300,300i,400,400i,500,500i,600,600i,700,700i,800,800i,900,900i\" rel=\"stylesheet\" />\r\n<link href=\"https://fonts.googleapis.com/css?family=Maven+Pro&amp;display=swap\" rel=\"stylesheet\" />\r\n<link href=\"https://cdnjs.cloudflare.com/ajax/libs/font-awesome/4.7.0/css/font-awesome.min.css\" rel=\"stylesheet\" type=\"text/css\" />\r\n<table border=\"0\" cellpadding=\"0\" cellspacing=\"0\" width=\"100%\">\r\n	<tbody>\r\n		<tr>\r\n			<td>\r\n			<table align=\"center\" bgcolor=\"#ffffff\" border=\"0\" cellpadding=\"0\" cellspacing=\"0\" style=\"border: 1px solid #ddd;\" width=\"800\">\r\n				<tbody>\r\n					<tr>\r\n						<td>\r\n						<table border=\"0\" cellpadding=\"0\" cellspacing=\"0\" width=\"100%\">\r\n							<tbody>\r\n								<tr style=\"background-color: #fff6ec;\">\r\n									<td align=\"left\" colspan=\"2\" style=\"padding: 20px 40px; border-bottom: 1px solid #00000017;\">\r\n									<div style=\"float: left;\"><a href=\"{{url(\'/\')}}\"><img alt=\"logo\" src=\"https://mytourplans.tekzini.com/storage/settings/150323112238-63e37bf078b0e182_final-logo1.png\" style=\"height: 54px;\" /></a></div>\r\n\r\n									<div style=\"font-size: 18px; text-align: right; float: right; margin-top: 5px; color: #952a25; font-weight: 500;\">Booking Enquiry<br />\r\n									Date - at ({date})</div>\r\n									</td>\r\n								</tr>\r\n								<tr>\r\n									<td colspan=\"2\" style=\"padding: 30px 0px 0 40px;\"><span style=\"font-size: 24px; color: #3f4041; font-family: \'Roboto\', sans-serif, Arial;\">Hello there!</span>\r\n									<p style=\"font-size: 16px; font-family: \'Roboto\', sans-serif, Arial; color: #51535c; line-height: 32px; margin-bottom: 0; margin-top: 10px;\">You have a new booking, Please find the details below:</p>\r\n									</td>\r\n								</tr>\r\n								<tr>\r\n									<td style=\"padding: 10px 0px 10px 40px;\">\r\n									<p style=\"color: #3a3a3c; font-size: 17px; font-weight: 400; font-family: Roboto; margin: 4px 0px;\"><strong>Name : </strong> {order_name}</p>\r\n									</td>\r\n									<td style=\"padding: 10px 0px 10px 40px;\">\r\n									<p style=\"color: #3a3a3c; font-size: 17px; font-weight: 400; font-family: Roboto; margin: 4px 0px;\"><strong>Email : </strong> {order_email}</p>\r\n									</td>\r\n								</tr>\r\n								<tr>\r\n									<td style=\"padding: 10px 0px 10px 40px;\">\r\n									<p style=\"color: #3a3a3c; font-size: 17px; font-weight: 400; font-family: Roboto; margin: 4px 0px;\"><strong>Phone : </strong> {order_phone}</p>\r\n									</td>\r\n									<td style=\"padding: 10px 0px 10px 40px;\">\r\n									<p style=\"color: #3a3a3c; font-size: 17px; font-weight: 400; font-family: Roboto; margin: 4px 0px;\"><strong>City : </strong> {order_city}</p>\r\n									</td>\r\n								</tr>\r\n								<tr>\r\n									<td style=\"padding: 10px 0px 10px 40px;\">\r\n									<p style=\"color: #3a3a3c; font-size: 17px; font-weight: 400; font-family: Roboto; margin: 4px 0px;\"><strong>Address1 : </strong> {order_address1}</p>\r\n									</td>\r\n									<td style=\"padding: 10px 0px 10px 40px;\">\r\n									<p style=\"color: #3a3a3c; font-size: 17px; font-weight: 400; font-family: Roboto; margin: 4px 0px;\"><strong>Address2 : </strong> {order_address2}</p>\r\n									</td>\r\n								</tr>\r\n								<tr>\r\n									<td style=\"padding: 10px 0px 10px 40px;\">\r\n									<p style=\"color: #3a3a3c; font-size: 17px; font-weight: 400; font-family: Roboto; margin: 4px 0px;\"><strong>State : </strong> {order_state}</p>\r\n									</td>\r\n								</tr>\r\n								<tr>\r\n									<td style=\"padding: 10px 0px 10px 40px;\">\r\n									<p style=\"color: #3a3a3c; font-size: 17px; font-weight: 400; font-family: Roboto; margin: 4px 0px;\"><strong>Country : </strong>{order_country_name}</p>\r\n									</td>\r\n									<td style=\"padding: 10px 0px 10px 40px;\">\r\n									<p style=\"color: #3a3a3c; font-size: 17px; font-weight: 400; font-family: Roboto; margin: 4px 0px;\"><strong>Zip Code : </strong> {order_zip_code}</p>\r\n									</td>\r\n								</tr>\r\n								<tr>\r\n									<td style=\"padding: 10px 0px 10px 40px;\">\r\n									<p style=\"color: #3a3a3c; font-size: 17px; font-weight: 400; font-family: Roboto; margin: 4px 0px;\"><strong>Trip Date : </strong> {order_trip_date}</p>\r\n									</td>\r\n									<td style=\"padding: 10px 0px 10px 40px;\">\r\n									<p style=\"color: #3a3a3c; font-size: 17px; font-weight: 400; font-family: Roboto; margin: 4px 0px;\"><strong>Package Type: </strong>{order_packageprice_title}</p>\r\n									</td>\r\n								</tr>\r\n								<tr>\r\n									<td style=\"padding: 10px 0px 10px 40px;\">\r\n									<p style=\"color: #3a3a3c; font-size: 17px; font-weight: 400; font-family: Roboto; margin: 4px 0px;\"><strong>Price: </strong> {ordersub_total_amount}</p>\r\n									</td>\r\n									<td style=\"padding: 10px 0px 10px 40px;\">\r\n									<p style=\"color: #3a3a3c; font-size: 17px; font-weight: 400; font-family: Roboto; margin: 4px 0px;\"><strong>Final Price: </strong> {order_total_amount}</p>\r\n									</td>\r\n								</tr>\r\n							</tbody>\r\n						</table>\r\n						</td>\r\n					</tr>\r\n				</tbody>\r\n			</table>\r\n			</td>\r\n		</tr>\r\n	</tbody>\r\n</table>', 1, '2023-03-02 14:41:58', '2023-04-04 16:49:48'),
(8, 'User Password Change', 'user-password-change', 'Password changed', '<meta charset=\"utf-8\">\r\n<link href=\"https://fonts.googleapis.com/css?family=Roboto:100i,200,200i,300,300i,400,400i,500,500i,600,600i,700,700i,800,800i,900,900i\" rel=\"stylesheet\" />\r\n<link href=\"https://fonts.googleapis.com/css?family=Maven+Pro&amp;display=swap\" rel=\"stylesheet\" />\r\n<link href=\"https://cdnjs.cloudflare.com/ajax/libs/font-awesome/4.7.0/css/font-awesome.min.css\" rel=\"stylesheet\" type=\"text/css\" />\r\n<table border=\"0\" cellpadding=\"0\" cellspacing=\"0\" width=\"100%\">\r\n	<tbody>\r\n		<tr>\r\n			<td>\r\n			<table align=\"center\" bgcolor=\"#ffffff\" border=\"0\" cellpadding=\"0\" cellspacing=\"0\" style=\"border: 1px solid #ddd;\" width=\"800\">\r\n				<tbody>\r\n					<tr>\r\n						<td>&nbsp;\r\n						<table border=\"0\" cellpadding=\"0\" cellspacing=\"0\" width=\"100%\">\r\n							<tbody>\r\n								<tr style=\"background-color: #fff6ec;\">\r\n									<td align=\"left\" colspan=\"2\" style=\"padding: 20px 40px; border-bottom: 1px solid #00000017;\">\r\n									<div style=\"float: left;\"><a href=\"{{url(\'/\')}}\"><img alt=\"logo\" src=\"https://mytourplans.tekzini.com/storage/settings/150323112238-63e37bf078b0e182_final-logo1.png\" style=\"height: 54px;\" /></a></div>\r\n\r\n									<div style=\"font-size: 18px; text-align: right; float: right; margin-top: 5px; color: #952a25; font-weight: 500;\">Date - ({date})</div>\r\n									</td>\r\n								</tr>\r\n								<tr>\r\n									<td colspan=\"2\" style=\"padding: 30px 0px 0 40px;\"><span style=\"font-size: 24px; color: #3f4041; font-family: \'Roboto\', sans-serif, Arial;\">Hello {name}!</span>\r\n									<p style=\"font-size: 16px; font-family: \'Roboto\', sans-serif, Arial; color: #51535c; line-height: 32px; margin-bottom: 0; margin-top: 10px;\">Your password has been changed successfully.</p>\r\n									</td>\r\n								</tr>\r\n							</tbody>\r\n						</table>\r\n						</td>\r\n					</tr>\r\n				</tbody>\r\n			</table>\r\n			</td>\r\n		</tr>\r\n	</tbody>\r\n</table>', 1, '2023-03-02 15:17:56', '2023-04-04 16:55:47'),
(9, 'Transaction Successfull Email', 'transaction-successfull-email', 'Payment Of {package_name}', '<meta charset=\"utf-8\">\r\n<link href=\"https://fonts.googleapis.com/css?family=Roboto:100i,200,200i,300,300i,400,400i,500,500i,600,600i,700,700i,800,800i,900,900i\" rel=\"stylesheet\" />\r\n<link href=\"https://fonts.googleapis.com/css?family=Maven+Pro&amp;display=swap\" rel=\"stylesheet\" />\r\n<link href=\"https://cdnjs.cloudflare.com/ajax/libs/font-awesome/4.7.0/css/font-awesome.min.css\" rel=\"stylesheet\" type=\"text/css\" />\r\n<table border=\"0\" cellpadding=\"0\" cellspacing=\"0\" width=\"100%\">\r\n	<tbody>\r\n		<tr>\r\n			<td>\r\n			<table align=\"center\" bgcolor=\"#ffffff\" border=\"0\" cellpadding=\"0\" cellspacing=\"0\" style=\"border: 1px solid #ddd;\" width=\"800\">\r\n				<tbody>\r\n					<tr>\r\n						<td>\r\n						<table border=\"0\" cellpadding=\"0\" cellspacing=\"0\" width=\"100%\">\r\n							<tbody>\r\n								<tr style=\"background-color: #fff6ec;\">\r\n									<td align=\"left\" colspan=\"2\" style=\"padding: 20px 40px; border-bottom: 1px solid #00000017;\">\r\n									<div style=\"float: left;\"><a href=\"{{url(\'/\')}}\"><img alt=\"logo\" src=\"https://mytourplans.tekzini.com/storage/settings/150323112238-63e37bf078b0e182_final-logo1.png\" style=\"height: 54px;\" /></a></div>\r\n\r\n									<div style=\"font-size: 18px; text-align: right; float: right; margin-top: 5px; color: #952a25; font-weight: 500;\">Payment Details<br />\r\n									Date - at ({date})</div>\r\n									</td>\r\n								</tr>\r\n								<tr>\r\n									<td colspan=\"2\" style=\"padding: 30px 0px 0 40px;\"><span style=\"font-size: 24px; color: #3f4041; font-family: \'Roboto\', sans-serif, Arial;\">Hello there!</span>\r\n									<p style=\"font-size: 16px; font-family: \'Roboto\', sans-serif, Arial; color: #51535c; line-height: 32px; margin-bottom: 0; margin-top: 10px;\">You have a new payment details, Please find the details below:</p>\r\n									</td>\r\n								</tr>\r\n								<tr>\r\n									<td style=\"padding: 10px 0px 10px 40px;\">\r\n									<p style=\"color: #3a3a3c; font-size: 17px; font-weight: 400; font-family: Roboto; margin: 4px 0px;\"><strong>Transaction Id : </strong> {transaction_id}</p>\r\n									</td>\r\n									<td style=\"padding: 10px 0px 10px 40px;\">\r\n									<p style=\"color: #3a3a3c; font-size: 17px; font-weight: 400; font-family: Roboto; margin: 4px 0px;\"><strong>Sub Total Amount : </strong> {sub_total_amount}</p>\r\n									</td>\r\n								</tr>\r\n								<tr>\r\n									<td style=\"padding: 10px 0px 10px 40px;\">\r\n									<p style=\"color: #3a3a3c; font-size: 17px; font-weight: 400; font-family: Roboto; margin: 4px 0px;\"><strong>Date : </strong> {payment_date}</p>\r\n									</td>\r\n									<td style=\"padding: 10px 0px 10px 40px;\">\r\n									<p style=\"color: #3a3a3c; font-size: 17px; font-weight: 400; font-family: Roboto; margin: 4px 0px;\"><strong>Total Amount : </strong> {total_amount}</p>\r\n									</td>\r\n								</tr>\r\n								<tr>\r\n									<td style=\"padding: 10px 0px 10px 40px;\">\r\n									<p style=\"color: #3a3a3c; font-size: 17px; font-weight: 400; font-family: Roboto; margin: 4px 0px;\"><strong>Payment Method : </strong> {method}</p>\r\n									</td>\r\n									<td style=\"padding: 10px 0px 10px 40px;\">\r\n									<p style=\"color: #3a3a3c; font-size: 17px; font-weight: 400; font-family: Roboto; margin: 4px 0px;\"><strong>Payment No : </strong> {order_no}</p>\r\n									</td>\r\n								</tr>\r\n								<tr>\r\n									<td style=\"padding: 10px 0px 10px 40px;\">\r\n									<p style=\"color: #3a3a3c; font-size: 17px; font-weight: 400; font-family: Roboto; margin: 4px 0px;\"><strong>Package Name : </strong> {package_name}</p>\r\n									</td>\r\n									<td style=\"padding: 10px 0px 10px 40px;\">\r\n									<p style=\"color: #3a3a3c; font-size: 17px; font-weight: 400; font-family: Roboto; margin: 4px 0px;\"><strong>Payment Status : </strong>{payment_status}</p>\r\n									</td>\r\n								</tr>\r\n								<tr>\r\n									<td style=\"padding: 10px 0px 10px 40px;\">\r\n									<p style=\"color: #3a3a3c; font-size: 17px; font-weight: 400; font-family: Roboto; margin: 4px 0px;\"><strong>Payer Name: </strong> {payer_name}</p>\r\n									</td>\r\n									<td style=\"padding: 10px 0px 10px 40px;\">\r\n									<p style=\"color: #3a3a3c; font-size: 17px; font-weight: 400; font-family: Roboto; margin: 4px 0px;\"><strong>Comment: </strong>{comment}</p>\r\n									</td>\r\n								</tr>\r\n								<tr>\r\n									<td style=\"padding: 10px 0px 10px 40px;\">\r\n									<p style=\"color: #3a3a3c; font-size: 17px; font-weight: 400; font-family: Roboto; margin: 4px 0px;\"><strong>Payment Account Payer Name: </strong> {payment_acc_payer_name}</p>\r\n									</td>\r\n									<td style=\"padding: 10px 0px 10px 40px;\">\r\n									<p style=\"color: #3a3a3c; font-size: 17px; font-weight: 400; font-family: Roboto; margin: 4px 0px;\"><strong>Payment Account Payer Email: </strong> {payer_email}</p>\r\n									</td>\r\n								</tr>\r\n								<tr>\r\n									<td style=\"padding: 10px 0px 10px 40px;\">\r\n									<p style=\"color: #3a3a3c; font-size: 17px; font-weight: 400; font-family: Roboto; margin: 4px 0px;\"><strong>Email: </strong> {email}</p>\r\n									</td>\r\n									<td style=\"padding: 10px 0px 10px 40px;\">\r\n									<p style=\"color: #3a3a3c; font-size: 17px; font-weight: 400; font-family: Roboto; margin: 4px 0px;\"><strong>Paypal ID: </strong> {paypal_id}</p>\r\n									</td>\r\n								</tr>\r\n							</tbody>\r\n						</table>\r\n						</td>\r\n					</tr>\r\n				</tbody>\r\n			</table>\r\n			</td>\r\n		</tr>\r\n	</tbody>\r\n</table>', 1, '2023-03-02 15:50:42', '2023-04-04 17:05:00'),
(10, 'Customer Review Email', 'customer-review-email', 'Customer Review Us Feedback', '<meta charset=\"utf-8\">\r\n<link href=\"https://fonts.googleapis.com/css?family=Roboto:100i,200,200i,300,300i,400,400i,500,500i,600,600i,700,700i,800,800i,900,900i\" rel=\"stylesheet\" />\r\n<link href=\"https://fonts.googleapis.com/css?family=Maven+Pro&amp;display=swap\" rel=\"stylesheet\" />\r\n<link href=\"https://cdnjs.cloudflare.com/ajax/libs/font-awesome/4.7.0/css/font-awesome.min.css\" rel=\"stylesheet\" type=\"text/css\" />\r\n<table border=\"0\" cellpadding=\"0\" cellspacing=\"0\" width=\"100%\">\r\n	<tbody>\r\n		<tr>\r\n			<td>\r\n			<table align=\"center\" bgcolor=\"#ffffff\" border=\"0\" cellpadding=\"0\" cellspacing=\"0\" style=\"border: 1px solid #ddd;\" width=\"800\">\r\n				<tbody>\r\n					<tr>\r\n						<td>\r\n						<table border=\"0\" cellpadding=\"0\" cellspacing=\"0\" width=\"100%\">\r\n							<tbody>\r\n								<tr style=\"background-color: #fff6ec;\">\r\n									<td align=\"left\" colspan=\"2\" style=\"padding: 20px 40px; border-bottom: 1px solid #00000017;\">\r\n									<div style=\"float: left;\"><a href=\"{{url(\'/\')}}\"><img alt=\"logo\" src=\"https://mytourplans.tekzini.com/storage/settings/150323112238-63e37bf078b0e182_final-logo1.png\" style=\"height: 54px;\" /></a></div>\r\n\r\n									<div style=\"font-size: 18px; text-align: right; float: right; margin-top: 5px; color: #952a25; font-weight: 500;\">Customer Review Us<br />\r\n									Date - at ({date})</div>\r\n									</td>\r\n								</tr>\r\n								<tr>\r\n									<td colspan=\"2\" style=\"padding: 30px 0px 0 40px;\"><span style=\"font-size: 24px; color: #3f4041; font-family: \'Roboto\', sans-serif, Arial;\">Hello there!</span>\r\n									<p style=\"font-size: 16px; font-family: \'Roboto\', sans-serif, Arial; color: #51535c; line-height: 32px; margin-bottom: 0; margin-top: 10px;\">You have a new customer review enquiry, details given below:</p>\r\n									</td>\r\n								</tr>\r\n								<tr>\r\n									<td style=\"padding: 10px 0px 10px 40px;\">\r\n									<p style=\"color: #3a3a3c; font-size: 17px; font-weight: 400; font-family: Roboto; margin: 4px 0px;\"><strong>Customer Name: </strong> your_name</p>\r\n									</td>\r\n								</tr>\r\n								<tr>\r\n									<td style=\"padding: 10px 0px 10px 40px;\">\r\n									<p style=\"color: #3a3a3c; font-size: 17px; font-weight: 400; font-family: Roboto; margin: 4px 0px;\"><strong>Customer Address: </strong> address</p>\r\n									</td>\r\n									<td style=\"padding: 10px 0px 10px 40px;\">\r\n									<p style=\"color: #3a3a3c; font-size: 17px; font-weight: 400; font-family: Roboto; margin: 4px 0px;\"><strong>Customer E-Mail: </strong> email</p>\r\n									</td>\r\n								</tr>\r\n								<tr>\r\n									<td style=\"padding: 10px 0px 10px 40px;\">\r\n									<p style=\"color: #3a3a3c; font-size: 17px; font-weight: 400; font-family: Roboto; margin: 4px 0px;\"><strong>Courteous: </strong> courteous</p>\r\n									</td>\r\n									<td style=\"padding: 10px 0px 10px 40px;\">\r\n									<p style=\"color: #3a3a3c; font-size: 17px; font-weight: 400; font-family: Roboto; margin: 4px 0px;\"><strong>Helpful: </strong> helpful</p>\r\n									</td>\r\n								</tr>\r\n								<tr>\r\n									<td style=\"padding: 10px 0px 10px 40px;\">\r\n									<p style=\"color: #3a3a3c; font-size: 17px; font-weight: 400; font-family: Roboto; margin: 4px 0px;\"><strong>Informative: </strong> informative</p>\r\n									</td>\r\n									<td style=\"padding: 10px 0px 10px 40px;\">\r\n									<p style=\"color: #3a3a3c; font-size: 17px; font-weight: 400; font-family: Roboto; margin: 4px 0px;\"><strong>Guide Comments: </strong> guide_comments</p>\r\n									</td>\r\n								</tr>\r\n								<tr>\r\n									<td style=\"padding: 10px 0px 10px 40px;\">\r\n									<p style=\"color: #3a3a3c; font-size: 17px; font-weight: 400; font-family: Roboto; margin: 4px 0px;\"><strong>Sightseeing Tour: </strong> sightseeing_tour</p>\r\n									</td>\r\n									<td style=\"padding: 10px 0px 10px 40px;\">\r\n									<p style=\"color: #3a3a3c; font-size: 17px; font-weight: 400; font-family: Roboto; margin: 4px 0px;\"><strong>Sight Tour Comments: </strong> sight_tour_comments</p>\r\n									</td>\r\n								</tr>\r\n								<tr>\r\n									<td style=\"padding: 10px 0px 10px 40px;\">\r\n									<p style=\"color: #3a3a3c; font-size: 17px; font-weight: 400; font-family: Roboto; margin: 4px 0px;\"><strong>Driver: </strong> driver</p>\r\n									</td>\r\n									<td style=\"padding: 10px 0px 10px 40px;\">\r\n									<p style=\"color: #3a3a3c; font-size: 17px; font-weight: 400; font-family: Roboto; margin: 4px 0px;\"><strong>Vehicle: </strong> vehicle</p>\r\n									</td>\r\n								</tr>\r\n								<tr>\r\n									<td style=\"padding: 10px 0px 10px 40px;\">\r\n									<p style=\"color: #3a3a3c; font-size: 17px; font-weight: 400; font-family: Roboto; margin: 4px 0px;\"><strong>Transportation Comment: </strong> transportation_comment</p>\r\n									</td>\r\n									<td style=\"padding: 10px 0px 10px 40px;\">\r\n									<p style=\"color: #3a3a3c; font-size: 17px; font-weight: 400; font-family: Roboto; margin: 4px 0px;\"><strong>Comfort: </strong> comfort</p>\r\n									</td>\r\n								</tr>\r\n								<tr>\r\n									<td style=\"padding: 10px 0px 10px 40px;\">\r\n									<p style=\"color: #3a3a3c; font-size: 17px; font-weight: 400; font-family: Roboto; margin: 4px 0px;\"><strong>Services: </strong> services</p>\r\n									</td>\r\n									<td style=\"padding: 10px 0px 10px 40px;\">\r\n									<p style=\"color: #3a3a3c; font-size: 17px; font-weight: 400; font-family: Roboto; margin: 4px 0px;\"><strong>Food: </strong> food</p>\r\n									</td>\r\n								</tr>\r\n								<tr>\r\n									<td style=\"padding: 10px 0px 10px 40px;\">\r\n									<p style=\"color: #3a3a3c; font-size: 17px; font-weight: 400; font-family: Roboto; margin: 4px 0px;\"><strong>Accommodation Comments: </strong> accommodation_comments</p>\r\n									</td>\r\n									<td style=\"padding: 10px 0px 10px 40px;\">\r\n									<p style=\"color: #3a3a3c; font-size: 17px; font-weight: 400; font-family: Roboto; margin: 4px 0px;\"><strong>Foods: </strong> foods</p>\r\n									</td>\r\n								</tr>\r\n								<tr>\r\n									<td style=\"padding: 10px 0px 10px 40px;\">\r\n									<p style=\"color: #3a3a3c; font-size: 17px; font-weight: 400; font-family: Roboto; margin: 4px 0px;\"><strong>Camp Staff: </strong> camp_staff</p>\r\n									</td>\r\n									<td style=\"padding: 10px 0px 10px 40px;\">\r\n									<p style=\"color: #3a3a3c; font-size: 17px; font-weight: 400; font-family: Roboto; margin: 4px 0px;\"><strong>Pony Yak: </strong> pony_yak</p>\r\n									</td>\r\n								</tr>\r\n								<tr>\r\n									<td style=\"padding: 10px 0px 10px 40px;\">\r\n									<p style=\"color: #3a3a3c; font-size: 17px; font-weight: 400; font-family: Roboto; margin: 4px 0px;\"><strong>Trekking Comments: </strong> trekking_comments</p>\r\n									</td>\r\n									<td style=\"padding: 10px 0px 10px 40px;\">\r\n									<p style=\"color: #3a3a3c; font-size: 17px; font-weight: 400; font-family: Roboto; margin: 4px 0px;\"><strong>On Tour: </strong> on_tour</p>\r\n									</td>\r\n								</tr>\r\n								<tr>\r\n									<td style=\"padding: 10px 0px 10px 40px;\">\r\n									<p style=\"color: #3a3a3c; font-size: 17px; font-weight: 400; font-family: Roboto; margin: 4px 0px;\"><strong>On Trek: </strong> on_trek</p>\r\n									</td>\r\n									<td style=\"padding: 10px 0px 10px 40px;\">\r\n									<p style=\"color: #3a3a3c; font-size: 17px; font-weight: 400; font-family: Roboto; margin: 4px 0px;\"><strong>Garbage Disposal Comments: </strong> garbage_disposal_coomments</p>\r\n									</td>\r\n								</tr>\r\n								<tr>\r\n									<td style=\"padding: 10px 0px 10px 40px;\">\r\n									<p style=\"color: #3a3a3c; font-size: 17px; font-weight: 400; font-family: Roboto; margin: 4px 0px;\"><strong>Staff On The Trip: </strong> staff_on_the_trip</p>\r\n									</td>\r\n									<td style=\"padding: 10px 0px 10px 40px;\">\r\n									<p style=\"color: #3a3a3c; font-size: 17px; font-weight: 400; font-family: Roboto; margin: 4px 0px;\"><strong>Trip Expectations: </strong> trip_expectations</p>\r\n									</td>\r\n								</tr>\r\n								<tr>\r\n									<td style=\"padding: 10px 0px 10px 40px;\">\r\n									<p style=\"color: #3a3a3c; font-size: 17px; font-weight: 400; font-family: Roboto; margin: 4px 0px;\"><strong>Staff On The Trip name: </strong> name</p>\r\n									</td>\r\n									<td style=\"padding: 10px 0px 10px 40px;\">\r\n									<p style=\"color: #3a3a3c; font-size: 17px; font-weight: 400; font-family: Roboto; margin: 4px 0px;\"><strong>If So Why: </strong> if_so_why</p>\r\n									</td>\r\n								</tr>\r\n								<tr>\r\n									<td style=\"padding: 10px 0px 10px 40px;\">\r\n									<p style=\"color: #3a3a3c; font-size: 17px; font-weight: 400; font-family: Roboto; margin: 4px 0px;\"><strong>Highlight Of Trip: </strong> highlight_of_trip</p>\r\n									</td>\r\n									<td style=\"padding: 10px 0px 10px 40px;\">\r\n									<p style=\"color: #3a3a3c; font-size: 17px; font-weight: 400; font-family: Roboto; margin: 4px 0px;\"><strong>Low Point: </strong> low_point</p>\r\n									</td>\r\n								</tr>\r\n								<tr>\r\n									<td style=\"padding: 10px 0px 10px 40px;\">\r\n									<p style=\"color: #3a3a3c; font-size: 17px; font-weight: 400; font-family: Roboto; margin: 4px 0px;\"><strong>Overall Comments: </strong> overall_comments</p>\r\n									</td>\r\n									<td style=\"padding: 10px 0px 10px 40px;\">\r\n									<p style=\"color: #3a3a3c; font-size: 17px; font-weight: 400; font-family: Roboto; margin: 4px 0px;\"><strong>Trip Name Duration: </strong> trip_name_duration</p>\r\n									</td>\r\n								</tr>\r\n								<tr>\r\n									<td style=\"padding: 10px 0px 10px 40px;\">\r\n									<p style=\"color: #3a3a3c; font-size: 17px; font-weight: 400; font-family: Roboto; margin: 4px 0px;\"><strong>Local Guide Name: </strong> local_guide_name</p>\r\n									</td>\r\n									<td style=\"padding: 10px 0px 10px 40px;\">\r\n									<p style=\"color: #3a3a3c; font-size: 17px; font-weight: 400; font-family: Roboto; margin: 4px 0px;\"><strong>Driver Name: </strong> driver_name</p>\r\n									</td>\r\n								</tr>\r\n							</tbody>\r\n						</table>\r\n						</td>\r\n					</tr>\r\n				</tbody>\r\n			</table>\r\n			</td>\r\n		</tr>\r\n	</tbody>\r\n</table>', 1, '2023-03-03 11:03:42', '2023-04-04 17:10:23'),
(11, 'Enquiry Assigned Email CC', 'enquiry-assigned-email-cc', 'An enquiry has been assigned to you', '<meta charset=\"utf-8\">\r\n<link href=\"https://fonts.googleapis.com/css?family=Roboto:100i,200,200i,300,300i,400,400i,500,500i,600,600i,700,700i,800,800i,900,900i\" rel=\"stylesheet\" />\r\n<link href=\"https://fonts.googleapis.com/css?family=Maven+Pro&amp;display=swap\" rel=\"stylesheet\" />\r\n<link href=\"https://cdnjs.cloudflare.com/ajax/libs/font-awesome/4.7.0/css/font-awesome.min.css\" rel=\"stylesheet\" type=\"text/css\" />\r\n<table border=\"0\" cellpadding=\"0\" cellspacing=\"0\" width=\"100%\">\r\n	<tbody>\r\n		<tr>\r\n			<td>\r\n			<table align=\"center\" bgcolor=\"#ffffff\" border=\"0\" cellpadding=\"0\" cellspacing=\"0\" style=\"border: 1px solid #ddd;\" width=\"800\">\r\n				<tbody>\r\n					<tr>\r\n						<td>\r\n						<table border=\"0\" cellpadding=\"0\" cellspacing=\"0\" width=\"100%\">\r\n							<tbody>\r\n								<tr style=\"background-color: #fff6ec;\">\r\n									<td align=\"left\" colspan=\"2\" style=\"padding: 20px 40px; border-bottom: 1px solid #00000017;\">\r\n									<div style=\"float: left;\"><a href=\"{{url(\'/\')}}\"><img alt=\"logo\" src=\"https://mytourplans.tekzini.com/storage/settings/150323112238-63e37bf078b0e182_final-logo1.png\" style=\"height: 54px;\" /></a></div>\r\n\r\n									<div style=\"font-size: 18px; text-align: right; float: right; margin-top: 5px; color: #952a25; font-weight: 500;\">Date - ({e_date})</div>\r\n									</td>\r\n								</tr>\r\n								<tr>\r\n									<td colspan=\"2\" style=\"padding: 30px 0px 0 40px;\"><span style=\"font-size: 24px; color: #3f4041; font-family: \'Roboto\', sans-serif, Arial;\">Hello there!</span>\r\n									<p style=\"font-size: 16px; font-family: \'Roboto\', sans-serif, Arial; color: #51535c; line-height: 32px; margin-bottom: 0; margin-top: 10px;\">An enquiry has been assigned to you, details given below:</p>\r\n									</td>\r\n								</tr>\r\n								<tr>\r\n									<td style=\"padding: 10px 0px 10px 40px;\">\r\n									<p style=\"color: #3a3a3c; font-size: 17px; font-weight: 400; font-family: Roboto; margin: 4px 0px;\"><strong>Customer Name: </strong> {name}</p>\r\n									</td>\r\n									<td style=\"padding: 10px 0px 10px 40px;\">\r\n									<p style=\"color: #3a3a3c; font-size: 17px; font-weight: 400; font-family: Roboto; margin: 4px 0px;\"><strong>Customer Email: </strong> {email}</p>\r\n									</td>\r\n								</tr>\r\n								<tr>\r\n									<td style=\"padding: 10px 0px 10px 40px;\">\r\n									<p style=\"color: #3a3a3c; font-size: 17px; font-weight: 400; font-family: Roboto; margin: 4px 0px;\"><strong>Customer Phone: </strong> {phone}</p>\r\n									</td>\r\n									<td style=\"padding: 10px 0px 10px 40px;\">\r\n									<p style=\"color: #3a3a3c; font-size: 17px; font-weight: 400; font-family: Roboto; margin: 4px 0px;\"><strong>Enquiry Date: </strong> {date}</p>\r\n									</td>\r\n								</tr>\r\n								<tr>\r\n								</tr>\r\n							</tbody>\r\n						</table>\r\n						</td>\r\n					</tr>\r\n				</tbody>\r\n			</table>\r\n			</td>\r\n		</tr>\r\n	</tbody>\r\n</table>', 1, '2023-03-24 11:13:03', '2023-04-04 17:28:08');
COMMIT;

-- package_settings -----------------------------------
INSERT INTO `package_settings` (`id`, `slug`, `name`, `hide`, `status`, `created_at`, `updated_at`) VALUES
(1, 'hide_book_now', 'Hide Online Booking Option', 0, 1, '2023-02-01 18:07:08', '2023-02-02 10:28:38'),
(2, 'hide_price', 'Hide Package Price', 0, 1, '2023-02-01 18:10:16', '2023-02-01 18:10:16'),
(3, 'hide_duration', 'Hide Package Duration', 0, 1, '2023-02-01 18:10:25', '2023-02-01 18:10:25'),
(4, 'hide_accomodation', 'Hide Package Accommodation', 0, 1, '2023-02-01 18:10:32', '2023-02-01 18:10:32'),
(5, 'display_accommodation_type', 'Hide Package Accommodation Category', 0, 1, '2023-02-01 18:10:41', '2023-02-01 18:10:41'),
(6, 'hide_banner', 'Hide Banner', 0, 1, '2023-02-01 18:10:50', '2023-02-01 18:10:50'),
(7, 'hide_search_form', 'Hide Search Form', 0, 1, '2023-02-01 18:10:56', '2023-02-01 18:10:56'),
(8, 'hide_destination_from_itinerary', 'Hide Destination / City from itinerary', 0, 1, '2023-02-01 18:16:31', '2023-02-01 19:08:44');
COMMIT;

INSERT INTO `smtp_settings` (`id`, `mail_gateway`, `sender_name`, `sender_mail`, `from_name`, `from_mail`, `mail_host`, `mail_port`, `mail_username`, `mail_password`, `mail_encryption`, `email_charset`, `created_at`, `updated_at`) VALUES
(1, 'smtp', 'Overland Escape', 'info@overlandescape.com', 'Overland Escape', 'info@overlandescape.com', 'smtp.gmail.com', 465, 'info@overlandescape.com', 'eyJpdiI6InVYSGZiVlBmbmJkbkQ4ZnZHNG1mVHc9PSIsInZhbHVlIjoiTjFIVjhCSWR6L0NwWEFPemhwQXY5MXdPdmducXFveW5hSnBVWDBOREtyZz0iLCJtYWMiOiI1MjQ5NmEwMzk3MWI3MzQ1ZjdkMmVjOTdjYzAzYWRlOTdiNjNiZDNmMzk5NmQ2ZGEzYjZmMDhlM2Q4M2NiZjhiIiwidGFnIjoiIn0=', 'ssl', 'utf-8', '2023-02-14 13:26:50', '2023-02-14 13:26:50');
COMMIT;


INSERT INTO `menus` (`id`, `title`, `slug`, `position`, `status`, `created_at`, `updated_at`) VALUES
(1, 'Main Header Menu', 'main-header-menu', 'top', 1, '2022-05-30 10:45:44', '2022-05-30 10:45:44'),
(2, 'Main Footer Menu', 'main-footer-menu', 'bottom', 1, '2022-12-26 09:39:19', '2023-02-09 18:39:32');
COMMIT;

INSERT INTO `menu_items` (`id`, `menu_id`, `parent_id`, `page_id`, `title`, `url`, `slug`, `target`, `link_type`, `sort_order`, `status`, `created_at`, `updated_at`) VALUES
(1, 2, 0, '14', 'Domestic Destinations', 'about-us', 'domestic-destinations1', '_self', 'cms', 7, 1, '2023-03-13 15:50:05', '2023-03-31 13:18:55'),
(14, 1, 0, '14', 'About Us', 'about-us', 'about-us1', '_self', 'cms', 1, 1, '2023-03-13 16:11:12', '2023-03-30 14:50:23'),
(15, 1, 0, NULL, 'Domestic Destinations', NULL, 'domestic-destinations', '_self', 'internal', 8, 1, '2023-03-13 16:11:29', '2023-03-30 18:33:04'),
(16, 1, 15, '20', 'West Bengal', 'destination/west-bengal', 'west-bengal', '_self', 'destination', 9, 1, '2023-03-13 16:12:02', '2023-03-30 18:33:04'),
(18, 1, 15, '12', 'Himachal Pradesh', 'destination/himachal-pradesh', 'himachal-pradesh1', '_self', 'destination', 10, 1, '2023-03-13 16:15:29', '2023-03-30 18:33:04'),
(19, 1, 15, '7', 'Leh', 'destination/leh-ladakh', 'leh1', '_self', 'destination', 12, 1, '2023-03-13 16:16:00', '2023-03-30 18:33:04'),
(20, 1, 15, '13', 'Uttarakhand', 'destination/uttarakhand', 'uttarakhand1', '_self', 'destination', 13, 1, '2023-03-13 16:16:38', '2023-03-30 18:33:04'),
(21, 1, 15, '15', 'North east', 'destination/north-east', 'north-east', '_self', 'destination', 16, 1, '2023-03-13 16:17:10', '2023-03-30 18:33:04'),
(24, 1, 15, '9', 'Kerala', 'destination/kerala', 'kerala1', '_self', 'destination', 14, 1, '2023-03-13 16:18:19', '2023-03-30 18:33:04'),
(25, 1, 0, NULL, 'Holidays Packages', NULL, 'holidays-packages1', '_self', 'external', 17, 1, '2023-03-13 16:18:56', '2023-03-30 18:33:04'),
(26, 1, 0, '20', 'Contact Us', 'contact-us', 'contact-us1', '_self', 'cms', 25, 1, '2023-03-13 16:19:28', '2023-03-30 18:33:04'),
(27, 1, 0, 'blog_listing', 'Blogs', 'blog', 'blogs', '_self', 'modules', 24, 1, '2023-03-13 16:20:06', '2023-03-30 18:33:04'),
(28, 2, 0, '9', 'International Destinations', 'terms-conditions', 'international-destinations1', '_self', 'cms', 1, 1, '2023-03-13 16:22:38', '2023-03-31 13:14:33'),
(29, 2, 28, '23', 'Dubai', 'destination/dubai', 'dubai1', '_self', 'destination', 2, 1, '2023-03-13 16:23:44', '2023-03-31 13:14:47'),
(30, 2, 28, '25', 'Vietnam', 'destination/vietnam', 'vietnam1', '_self', 'destination', 3, 1, '2023-03-13 16:24:23', '2023-03-31 13:18:18'),
(31, 2, 1, '20', 'West Bengal', 'destination/west-bengal', 'west-bengal1', '_self', 'destination', 8, 1, '2023-03-13 16:25:09', '2023-03-31 13:19:19'),
(32, 1, 25, '11', 'Heritage Culture', 'tour-category/heritage-and-cultural-holiday-packages-in-india', 'heritage-culture', '_self', 'tour_category', 18, 1, '2023-03-13 16:36:23', '2023-03-30 18:33:04'),
(33, 1, 25, '14', 'Adventure and Wildlife', 'tour-category/adventure-wildlife-holidays-packages-in-india', 'adventure-and-wildlife', '_self', 'tour_category', 19, 1, '2023-03-13 16:37:26', '2023-03-30 18:33:04'),
(34, 1, 25, '15', 'Ayurveda  Yoga and Spa', 'tour-category/spa-ayurveda-yoga-holiday-packages-in-india', 'ayurveda-yoga-and-spa', '_self', 'tour_category', 20, 1, '2023-03-13 16:39:14', '2023-03-30 18:33:04'),
(35, 1, 25, '16', 'Sea Sun and Sand', 'tour-category/sea-sun-and-sand-beach-holiday-packages-in-india', 'sea-sun-and-sand', '_self', 'tour_category', 21, 1, '2023-03-13 16:40:16', '2023-03-30 18:33:04'),
(36, 1, 25, '18', 'Fairs and Festival', 'tour-category/fairs-festivals-holiday-packages-in-india', 'fairs-and-festival', '_self', 'tour_category', 22, 1, '2023-03-13 16:42:02', '2023-03-30 18:33:04'),
(37, 1, 25, '21', 'Luxury India', 'tour-category/luxury-holiday-packages-in-india', 'luxury-india', '_self', 'tour_category', 23, 1, '2023-03-13 16:42:50', '2023-03-30 18:33:04'),
(39, 1, 0, NULL, 'International Destinations', NULL, 'international-destinations', '_self', 'internal', 2, 1, '2023-03-29 16:00:33', '2023-03-30 14:50:23'),
(40, 1, 39, '22', 'Switzerland', 'destination/switzerland', 'switzerland', '_self', 'destination', 7, 1, '2023-03-29 16:02:58', '2023-03-30 18:33:04'),
(41, 1, 15, '5', 'Kashmir', 'destination/kashmir', 'kashmir', '_self', 'destination', 11, 1, '2023-03-29 16:04:03', '2023-03-30 18:33:04'),
(42, 1, 15, '14', 'Gujarat', 'destination/gujarat', 'gujarat', '_self', 'destination', 15, 1, '2023-03-30 14:48:53', '2023-03-30 18:33:04'),
(43, 1, 39, '23', 'Dubai', 'destination/dubai', 'dubai', '_self', 'destination', 3, 1, '2023-03-30 15:23:23', '2023-03-30 16:48:16'),
(44, 1, 39, '24', 'Thailand', 'destination/thailand', 'thailand', '_self', 'destination', 5, 1, '2023-03-30 15:59:10', '2023-03-30 18:33:04'),
(45, 2, 0, NULL, 'Quick Links', NULL, 'quick-links', '_self', 'internal', 16, 1, '2023-03-30 17:16:37', '2023-03-31 13:59:32'),
(46, 2, 45, '14', 'About Us', 'about-us', 'about-us', '_self', 'cms', 18, 1, '2023-03-30 17:17:33', '2023-03-31 14:38:56'),
(47, 1, 39, '25', 'Vietnam', 'destination/vietnam', 'vietnam', '_self', 'destination', 4, 1, '2023-03-30 18:30:11', '2023-03-31 12:39:35'),
(48, 1, 39, '26', 'Maldives', 'destination/maldives', 'maldives', '_self', 'destination', 6, 1, '2023-03-30 18:30:51', '2023-04-03 11:57:39'),
(50, 2, 28, '24', 'Thailand', 'destination/thailand', 'thailand1', '_self', 'destination', 4, 1, '2023-03-31 13:15:40', '2023-03-31 13:18:18'),
(51, 2, 28, '26', 'Maldives', 'destination/maldives', 'maldives1', '_self', 'destination', 5, 1, '2023-03-31 13:16:10', '2023-03-31 13:18:18'),
(52, 2, 28, '22', 'Switzerland', 'destination/switzerland', 'switzerland1', '_self', 'destination', 6, 1, '2023-03-31 13:17:16', '2023-03-31 13:18:18'),
(53, 2, 1, '12', 'Himachal Pradesh', 'destination/himachal-pradesh', 'himachal-pradesh', '_self', 'destination', 9, 1, '2023-03-31 13:19:48', '2023-03-31 13:20:04'),
(54, 2, 1, '5', 'Kashmir', 'destination/kashmir', 'kashmir12', '_self', 'destination', 10, 1, '2023-03-31 13:43:23', '2023-03-31 13:57:33'),
(55, 2, 1, '7', 'Leh', 'destination/leh-ladakh', 'leh', '_self', 'destination', 11, 1, '2023-03-31 13:57:54', '2023-03-31 13:58:29'),
(56, 2, 1, '13', 'Uttarakhand', 'destination/uttarakhand', 'uttarakhand', '_self', 'destination', 12, 1, '2023-03-31 13:58:16', '2023-03-31 13:58:29'),
(57, 2, 1, '9', 'Kerla', 'destination/kerala', 'kerla', '_self', 'destination', 13, 1, '2023-03-31 13:58:48', '2023-03-31 13:59:06'),
(58, 2, 1, '14', 'Gujrat', 'destination/gujarat', 'gujrat', '_self', 'destination', 14, 1, '2023-03-31 13:58:58', '2023-03-31 13:59:06'),
(59, 2, 1, '15', 'North East', 'destination/north-east', 'north-east1', '_self', 'destination', 15, 1, '2023-03-31 13:59:26', '2023-03-31 13:59:32'),
(60, 2, 45, NULL, 'Blog', '/blog', 'blog', '_self', 'internal', 19, 1, '2023-03-31 14:38:00', '2023-03-31 14:38:56'),
(61, 2, 45, NULL, 'Home', '/', 'home', '_self', 'internal', 17, 1, '2023-03-31 14:38:43', '2023-03-31 14:38:56'),
(62, 2, 45, '20', 'Contact Us', 'contact-us', 'contact-us', '_self', 'cms', 20, 1, '2023-03-31 14:39:12', '2023-03-31 14:39:20');
COMMIT;

INSERT INTO `seo_meta_tags` (`id`, `page_title`, `page_brief`, `page_description`, `page_url_label`, `page_url`, `page_detail_url`, `identifier`, `meta_title`, `meta_keyword`, `meta_description`, `other_meta_tag`, `image`, `agent_discount`, `status`, `is_disable`, `created_at`, `updated_at`) VALUES
(1, 'Default', '', '', NULL, '/', '/', 'default', 'Grand India Tour', 'Grand India Tour', 'Grand India Tour', NULL, NULL, 0, 1, 0, '2023-02-01 18:14:12', '2023-02-10 12:15:23'),
(2, 'Trekking in Ladakh, Tour Packages of Ladakh, Trekking in Himalayas, Adventure Trekking Tour Ladakh', NULL, NULL, NULL, '/', '/', 'home', 'Trekking in Ladakh, Tour Packages of Ladakh, Trekking in Himalayas, Adventure Trekking Tour Ladakh', 'Adventure Tour Operator in Ladakh, Trekking in Ladakh, Trekking Tours Ladakh, Tour Packages of Ladakh, Trekking in Himalayas, Adventure Tour Package in Ladakh', 'Overland Escape is a certified Adventure Tour Operator in Ladakh. We offer Trekking in Ladakh, Trekking Tours Ladakh, Tour Packages of Ladakh, Trekking in Himalayas, Adventure Tour Package in Ladakh, India', 'Home | GrandIndiaTour', NULL, 0, 1, 0, '2023-02-01 18:14:12', '2023-02-22 17:53:04'),
(3, 'Packages', NULL, NULL, NULL, 'search-packages', 'package', 'package_listing', 'Budget Tour Packages in India, Cheap Holiday Packages India, Best Vacation Tour Packages in India', 'Budget Tour Packages in India, Cheap Holiday Packages in India, Best Vacation Tour Packages in India, Cheap Tour Packages in India', 'Find the Budget Tour Packages in India, Cheap Holiday Packages in India, Best Vacation Tour Packages in India, Cheap Tour Packages in India at overlandescape.in', 'Packages  | GrandIndiaTour', '230323052227-kasmir.jpg', 1, 1, 0, '2023-02-01 18:14:12', '2023-03-23 17:22:27'),
(4, 'Destinations', NULL, NULL, NULL, 'destinations', 'destination', 'destination_listing', 'Destinations | GrandIndiaTour', 'Destinations | GrandIndiaTour keyword', 'Destinations | GrandIndiaTour Description', 'Destinations | GrandIndiaTour', '210323030809-west-bangal.jpg', 0, 1, 0, '2023-02-01 18:14:12', '2023-03-21 15:08:09'),
(5, 'Best Hotels in Leh Ladakh', NULL, NULL, NULL, 'hotels', 'hotel', 'hotel_listing', 'Best Hotels in Ladakh, Where to Stay in Ladakh, Cheap Hotels in Leh Ladakh, Hotels Booking in Leh Ladakh', 'Best Hotels in Ladakh, Where to Stay in Ladakh, Cheap Hotels in Leh Ladakh, Budget Cheap Hotels in Leh Ladakh, Hotels Booking in Leh Ladakh', 'Now no need to worry about Where to Stay in Ladakh. Find Best Hotels in Ladakh, Cheap Hotels in Ladakh, Best Hotels in Leh Ladakh, Online Hotels Booking in Leh Ladakh on overlandescape.in', 'Hotels | GrandIndiaTour', NULL, 1, 1, 0, '2023-02-01 18:14:12', '2023-03-07 16:50:54'),
(6, 'Activities', NULL, NULL, NULL, 'activities', 'activity', 'activity_listing', 'Budget Tour Packages in India, Cheap Holiday Packages India, Best Vacation Tour Packages in India', 'Budget Tour Packages in India, Cheap Holiday Packages in India, Best Vacation Tour Packages in India, Cheap Tour Packages in India', 'Find the Budget Tour Packages in India, Cheap Holiday Packages in India, Best Vacation Tour Packages in India, Cheap Tour Packages in India at overlandescape.in', 'the other activity list meta updated', NULL, 0, 1, 0, '2023-02-01 18:14:12', '2023-03-07 16:51:05'),
(7, 'Blog', NULL, NULL, NULL, 'blog', 'blog/detail', 'blog_listing', 'Blog | Overland Escape', 'Blogs', 'Official Blog of Overland Escape', 'Blogs | GrandIndiaTour', '040423040055-common-banner.jpg', 0, 1, 0, '2023-02-01 18:14:12', '2023-04-04 16:00:55'),
(8, 'Tour Category', NULL, NULL, NULL, 'tour-category', 'tour-category', 'tour_category', 'Trekking in Ladakh,Trekking in Indian Himalayas,Leh Ladakh Trek,Adventure Trekking Tour Ladakh', 'Trekking in Ladakh, Trekking in Indian Himalayas, Leh Ladakh Trekking, Trekking in India, Adventure Trekking Tour in Himalayas, Trekking Tour in Ladakh, Trekking Package in Ladakh', 'Overland Escape is a certified Leh Ladakh adventure tour operator. We offer Trekking in Ladakh, Trekking Tours Leh Ladakh, Trekking in Indian Himalayas, Adventure Tour Package in Ladakh, India', 'Tour Category | GrandIndiaTour4', '210323033456-uttarakhand (1).jpg', 0, 1, 0, '2023-02-01 18:14:12', '2023-03-21 15:34:56'),
(9, 'Clients Testimonials | Overland Escape', NULL, NULL, NULL, 'testimonial', 'testimonial', 'testimonial_listing', 'Clients Testimonials | Overland Escape', 'View some testimonials from our satisfied clients form all over the world. Our Client\'s Testimonials inspire us to do better each time', 'Clients Testimonials', 'Testimonial Listing | GrandIndiaTour', '040423044904-common-banner.jpg', 0, 1, 0, '2023-02-01 18:14:12', '2023-04-04 16:49:04'),
(10, 'Overland Escape Team', NULL, NULL, NULL, 'team', 'team', 'team_listing', 'Overland Escape Team', 'Overland Escape Team', 'Overland Escape Team', 'Team Listing | GrandIndiaTour', NULL, 0, 1, 0, '2023-02-01 18:14:12', '2023-02-22 18:11:48');
COMMIT;

INSERT INTO `banners` (`id`, `title`, `slug`, `type`, `video_type`, `video`, `video_embed`, `status`, `created_at`, `updated_at`) VALUES
(1, 'Home Page Main Banner', 'home-page-main-banner', 1, 1, NULL, NULL, 1, '2022-05-24 11:23:20', '2022-11-21 05:33:50');
COMMIT;

INSERT INTO `form_attributes` (`id`, `label`, `type`, `validations`, `status`, `created_at`) VALUES
(1, 'Name', 'name', 'regex:/^[\\pL\\s\\-]+$/u', 1, '2023-02-01 10:00:00'),
(2, 'Email', 'email', 'regex:/^([a-zA-Z0-9_.+-])+\\@(([a-zA-Z0-9-])+\\.)+([a-zA-Z0-9]{2,4})+$/', 1, '2023-02-01 10:00:00'),
(3, 'Phone', 'phone', 'digits:10', 1, '2023-02-01 10:00:00'),
(4, 'Country', 'country', 'regex:/^[\\pL\\s\\-]+$/u', 1, '2023-02-01 00:00:00'),
(5, 'Zip Code', 'zipcode', 'digits:6', 1, '2023-02-01 00:00:00'),
(6, 'Single Line Text', 'text', '', 1, '2023-02-01 10:00:00'),
(7, 'Number', 'number', 'numeric', 1, '2023-02-01 10:00:00'),
(8, 'Paragraph Text', 'textarea', '', 1, '2023-02-01 10:00:00'),
(9, 'Text Only', 'text_only', '', 1, '2023-02-01 10:00:00'),
(10, 'Checkboxes', 'checkbox', '', 1, '2023-02-01 10:00:00'),
(11, 'Radio Buttons', 'radio', '', 1, '2023-02-01 10:00:00'),
(12, 'Drop Down', 'select', '', 1, '2023-02-01 10:00:00'),
(13, 'File', 'file', '', 1, '2023-02-01 10:00:00'),
(14, 'Url', 'url', 'url', 1, '2023-02-01 10:00:00'),
(15, 'Datepicker', 'datepicker', 'date_format:m/d/Y', 1, '2023-02-01 10:00:00'),
(16, 'Timepicker', 'timepicker', '', 1, '2023-02-01 10:00:00'),
(17, 'Date and Time Picker', 'datetimepiker', '', 1, '2023-02-01 10:00:00'),
(18, 'Month Picker', 'monthpicker', 'date_format:m/d/Y', 1, '2023-02-01 10:00:00'),
(19, 'Year picker', 'yearpicker', 'date_format:Y', 1, '2023-02-01 10:00:00');
COMMIT;

INSERT INTO `forms` (`id`, `name`, `slug`, `thank_you_msg`, `captcha`, `status`, `is_reset`, `btnName`, `thank_page_url`, `to_email`, `cc_email`, `bcc_email`, `subject`, `email_template`, `sendMail`, `created_at`, `updated_at`) VALUES
(1, 'Contact us', 'contact_us', 'Thank You Message:', 1, 1, 1, 'Submit', '/thankyou', 'arti@indiainternets.com', 'suraj.pandit@ehostinguk.com', NULL, 'Contact Us', '<table align=\"center\" border=\"0\" cellpadding=\"5\" cellspacing=\"0\" style=\"border-collapse:collapse; width:600px\">\r\n	<tbody>\r\n		<tr>\r\n			<td style=\"background-color:#01b3a7\"><a href=\"https://mytourplans.tekzini.com/\"><img src=\"https://mytourplans.tekzini.com/storage/settings/150323112238-63e37bf078b0e182_final-logo1.png\" style=\"width:225px\" /> </a></td>\r\n		</tr>\r\n		<tr>\r\n			<td style=\"border-color:#01b3a7; border-style:solid; border-width:2px\">\r\n			<h3>Contact Enquiry</h3>\r\n\r\n			<p><a href=\"https://mytourplans.tekzini.com/\" target=\"_blank\">mytourplans.tekzini.com</a></p>\r\n			</td>\r\n		</tr>\r\n		<tr>\r\n			<td style=\"border-color:#01b3a7; border-style:solid; border-width:2px\">\r\n			<table cellpadding=\"5\" cellspacing=\"10\" style=\"width:70%\">\r\n				<tbody>\r\n					<tr>\r\n						<td colspan=\"2\">\r\n						<p>Contact Us Details</p>\r\n						</td>\r\n					</tr>\r\n					<tr>\r\n						<td><strong>Name:</strong></td>\r\n						<td>[Name]</td>\r\n					</tr>\r\n					<tr>\r\n						<td><strong>Phone Number: </strong></td>\r\n						<td>[Phone]</td>\r\n					</tr>\r\n					<tr>\r\n						<td><strong>E-mail Address: </strong></td>\r\n						<td>[Email]</td>\r\n					</tr>\r\n					<tr>\r\n						<td><strong>Address: </strong></td>\r\n						<td>[Address]</td>\r\n					</tr>\r\n					<tr>\r\n						<td><strong>Destination: </strong></td>\r\n						<td>[Destination]</td>\r\n					</tr>\r\n					<tr>\r\n						<td><strong>Date of Travel: </strong></td>\r\n						<td>[Date_of_Travel]</td>\r\n					</tr>\r\n					<tr>\r\n						<td><strong>Hotel: </strong></td>\r\n						<td>[Hotel]</td>\r\n					</tr>\r\n					<tr>\r\n						<td><strong>Gender: </strong></td>\r\n						<td>[Gender]</td>\r\n					</tr>\r\n				</tbody>\r\n			</table>\r\n			</td>\r\n		</tr>\r\n	</tbody>\r\n</table>', 1, '2022-12-08 06:25:05', '2023-04-04 09:28:54'),
(2, 'Enquire Now', 'enquire_now', 'Thank You for connecting Us.', 0, 1, 0, 'Submit', '/thankyou', 'arti@indiainternets.com', NULL, NULL, 'enquire now mytourplans', '<table align=\"center\" border=\"0\" cellpadding=\"5\" cellspacing=\"0\" style=\"border-collapse:collapse; width:600px\">\r\n	<tbody>\r\n		<tr>\r\n			<td style=\"background-color:#01b3a7\"><a href=\"https://mytourplans.tekzini.com/\"><img src=\"https://mytourplans.tekzini.com/storage/settings/150323112238-63e37bf078b0e182_final-logo1.png\" style=\"width:225px\" /> </a></td>\r\n		</tr>\r\n		<tr>\r\n			<td style=\"border-color:#01b3a7; border-style:solid; border-width:2px\">\r\n			<h3>Enquire Now</h3>\r\n\r\n			<p><a href=\"https://mytourplans.tekzini.com/\" target=\"_blank\">mytourplans.tekzini.com</a></p>\r\n			</td>\r\n		</tr>\r\n		<tr>\r\n			<td style=\"border-color:#01b3a7; border-style:solid; border-width:2px\">\r\n			<table cellpadding=\"5\" cellspacing=\"10\" style=\"width:70%\">\r\n				<tbody>\r\n					<tr>\r\n						<td colspan=\"2\">\r\n						<p>Enquire Now Details</p>\r\n						</td>\r\n					</tr>\r\n					<tr>\r\n						<td><strong>Name:</strong></td>\r\n						<td>[Name]</td>\r\n					</tr>\r\n					<tr>\r\n						<td><strong>Phone Number: </strong></td>\r\n						<td>[Phone]</td>\r\n					</tr>\r\n					<tr>\r\n						<td><strong>E-mail Address: </strong></td>\r\n						<td>[Email]</td>\r\n					</tr>\r\n					<tr>\r\n						<td><strong>Country: </strong></td>\r\n						<td>[Country]</td>\r\n					</tr>\r\n					<tr>\r\n						<td><strong>Zip Code: </strong></td>\r\n						<td>[Zip_Code]</td>\r\n					</tr>\r\n					<tr>\r\n						<td><strong>When Do You Plan To Travel?: </strong></td>\r\n						<td>[When_Do_You_Plan_To_Travel?]</td>\r\n					</tr>\r\n					<tr>\r\n						<td><strong>Have You Travelled With Us Before?: </strong></td>\r\n						<td>[Have_You_Travelled_With_Us_Before?]</td>\r\n					</tr>\r\n				</tbody>\r\n			</table>\r\n			</td>\r\n		</tr>\r\n	</tbody>\r\n</table>', 1, '2023-01-19 11:30:08', '2023-04-04 09:28:59'),
(3, 'Customize Your Trip', 'customize_your_trip', 'Thank You for connecting Us.', 0, 1, 0, 'Submit', '/thankyou', 'samizaidi@indiainternets.com', NULL, NULL, 'Customize Your Trip form', '<table align=\"center\" border=\"0\" cellpadding=\"5\" cellspacing=\"0\" style=\"border-collapse:collapse; width:600px\">\r\n	<tbody>\r\n		<tr>\r\n			<td style=\"background-color:#01b3a7\"><a href=\"https://mytourplans.tekzini.com/\"><img src=\"https://mytourplans.tekzini.com/storage/settings/150323112238-63e37bf078b0e182_final-logo1.png\" style=\"width:225px\" /> </a></td>\r\n		</tr>\r\n		<tr>\r\n			<td style=\"border-color:#01b3a7; border-style:solid; border-width:2px\">\r\n			<h3>Customize Your Trip Enquiry</h3>\r\n\r\n			<p><a href=\"https://mytourplans.tekzini.com/\" target=\"_blank\">mytourplans.tekzini.com</a></p>\r\n			</td>\r\n		</tr>\r\n		<tr>\r\n			<td style=\"border-color:#01b3a7; border-style:solid; border-width:2px\">\r\n			<table cellpadding=\"5\" cellspacing=\"10\" style=\"width:70%\">\r\n				<tbody>\r\n					<tr>\r\n						<td colspan=\"2\">\r\n						<p>Customize Your Trip Details</p>\r\n						</td>\r\n					</tr>\r\n					<tr>\r\n						<td><strong>Name:</strong></td>\r\n						<td>[Name]</td>\r\n					</tr>\r\n					<tr>\r\n						<td><strong>Phone Number: </strong></td>\r\n						<td>[Phone]</td>\r\n					</tr>\r\n					<tr>\r\n						<td><strong>E-mail Address: </strong></td>\r\n						<td>[Email]</td>\r\n					</tr>\r\n					<tr>\r\n						<td><strong>Country: </strong></td>\r\n						<td>[Country]</td>\r\n					</tr>\r\n					<tr>\r\n						<td><strong>Zip Code: </strong></td>\r\n						<td>[Zip_Code]</td>\r\n					</tr>\r\n					<tr>\r\n						<td><strong>When Do You Want To Travel?: </strong></td>\r\n						<td>[When_Do_You_Want_To_Travel?]</td>\r\n					</tr>\r\n					<tr>\r\n						<td><strong>Number Of Pax: </strong></td>\r\n						<td>[Number_Of_Pax]</td>\r\n					</tr>\r\n					<tr>\r\n						<td><strong>Duration Of Stay: </strong></td>\r\n						<td>[Duration_Of_Stay]</td>\r\n					</tr>\r\n					<tr>\r\n						<td><strong>Do You Need Flight Also?: </strong></td>\r\n						<td>[Do_You_Need_Flight_Also?]</td>\r\n					</tr>\r\n					<tr>\r\n						<td><strong>Have You Travelled With Us Before?: </strong></td>\r\n						<td>[Have_You_Travelled_With_Us_Before?]</td>\r\n					</tr>\r\n					<tr>\r\n						<td><strong>Comments: </strong></td>\r\n						<td>[Comments]</td>\r\n					</tr>\r\n				</tbody>\r\n			</table>\r\n			</td>\r\n		</tr>\r\n	</tbody>\r\n</table>', 1, '2023-01-19 12:23:55', '2023-04-04 09:29:13'),
(4, 'Home Page Form', 'home_page_form', 'Thank You', 1, 1, 0, 'Submit', '/thankyou', 'samizaidi@indiainternets.com', NULL, NULL, 'Contact Form MAIL', '<table align=\"center\" border=\"0\" cellpadding=\"5\" cellspacing=\"0\" style=\"border-collapse:collapse; width:600px\">\r\n	<tbody>\r\n		<tr>\r\n			<td style=\"background-color:#01b3a7\"><a href=\"https://mytourplans.tekzini.com/\"><img src=\"https://mytourplans.tekzini.com/storage/settings/150323112238-63e37bf078b0e182_final-logo1.png\" style=\"width:225px\" /> </a></td>\r\n		</tr>\r\n		<tr>\r\n			<td style=\"border-color:#01b3a7; border-style:solid; border-width:2px\">\r\n			<h3>Hotel Book Now Enquiry</h3>\r\n\r\n			<p><a href=\"https://mytourplans.tekzini.com/\" target=\"_blank\">mytourplans.tekzini.com</a></p>\r\n			</td>\r\n		</tr>\r\n		<tr>\r\n			<td style=\"border-color:#01b3a7; border-style:solid; border-width:2px\">\r\n			<table cellpadding=\"5\" cellspacing=\"10\" style=\"width:70%\">\r\n				<tbody>\r\n					<tr>\r\n						<td colspan=\"2\">\r\n						<p>Hotel Book Now Details</p>\r\n						</td>\r\n					</tr>\r\n					<tr>\r\n						<td><strong>Name:</strong></td>\r\n						<td>[Name]</td>\r\n					</tr>\r\n					<tr>\r\n						<td><strong>Phone Number: </strong></td>\r\n						<td>[Phone]</td>\r\n					</tr>\r\n					<tr>\r\n						<td><strong>E-mail Address: </strong></td>\r\n						<td>[Email]</td>\r\n					</tr>\r\n					<tr>\r\n						<td><strong>Destination: </strong></td>\r\n						<td>[Destination]</td>\r\n					</tr>\r\n					<tr>\r\n						<td><strong>Duration: </strong></td>\r\n						<td>[Duration]</td>\r\n					</tr>\r\n					<tr>\r\n						<td><strong>Budget: </strong></td>\r\n						<td>[Budget]</td>\r\n					</tr>\r\n					<tr>\r\n						<td><strong>No of Pax: </strong></td>\r\n						<td>[No_of_Pax]</td>\r\n					</tr>\r\n					<tr>\r\n						<td><strong>No of Rooms: </strong></td>\r\n						<td>[No_of_Rooms]</td>\r\n					</tr>\r\n					<tr>\r\n						<td><strong>Date of Travel: </strong></td>\r\n						<td>[Date_of_Travel]</td>\r\n					</tr>\r\n					<tr>\r\n						<td><strong>Departure Fixed: </strong></td>\r\n						<td>[Departure_Fixed]</td>\r\n					</tr>\r\n					<tr>\r\n						<td><strong>Message: </strong></td>\r\n						<td>[Message]</td>\r\n					</tr>\r\n				</tbody>\r\n			</table>\r\n			</td>\r\n		</tr>\r\n	</tbody>\r\n</table>', 1, '2023-02-08 10:54:26', '2023-04-04 16:16:00'),
(5, 'Hotel Book Now', 'hotel_book_now', 'Thank you', 0, 1, 0, 'Submit', '/thankyou', 'samizaidi@indiainternets.com', NULL, NULL, 'Hotel Book Now', '<table align=\"center\" border=\"1\" cellpadding=\"0\" cellspacing=\"0\" style=\"width:800px\">\r\n	<tbody>\r\n		<tr>\r\n			<td style=\"border-width:0\">\r\n			<table border=\"0\" cellpadding=\"0\" cellspacing=\"0\" style=\"width:100%\">\r\n				<tbody>\r\n					<tr>\r\n						<td colspan=\"2\">\r\n						<h3>Package Enquiry:</h3>\r\n						</td>\r\n					</tr>\r\n					<tr>\r\n						<td style=\"background-color:rgba(0,0,0,.05)\">\r\n						<p><strong>Name : </strong> [Name]</p>\r\n						</td>\r\n						<td style=\"background-color:rgba(0,0,0,.05)\">\r\n						<p><strong>Phone : </strong> [Phone]</p>\r\n						</td>\r\n					</tr>\r\n					<tr>\r\n						<td>\r\n						<p><strong>Email : </strong> [Email]</p>\r\n						</td>\r\n						<td>\r\n						<p><strong>Date of Arrival : </strong>[Date_of_Arrival]</p>\r\n						</td>\r\n					</tr>\r\n					<tr>\r\n						<td style=\"background-color:rgba(0,0,0,.05)\">\r\n						<p><strong>Date of Departure : </strong> [Date_of_Departure]</p>\r\n						</td>\r\n						<td style=\"background-color:rgba(0,0,0,.05)\">\r\n						<p><strong>Plan : </strong> [Plan]</p>\r\n						</td>\r\n					</tr>\r\n					<tr>\r\n						<td>\r\n						<p><strong>No of Paxs : </strong> [No_of_Paxs]</p>\r\n						</td>\r\n						<td>\r\n						<p><strong>Comment : </strong> [Comment]</p>\r\n						</td>\r\n					</tr>\r\n				</tbody>\r\n			</table>\r\n			</td>\r\n		</tr>\r\n	</tbody>\r\n</table>', 1, '2023-02-13 17:36:33', '2023-04-04 09:29:28'),
(6, 'Your Preference', 'your_preference', 'Thank you', 0, 1, 0, 'Submit', '/thankyou', 'arti@indiainternets.com', NULL, NULL, 'Your preference form', '<table align=\"center\" border=\"0\" cellpadding=\"5\" cellspacing=\"0\" style=\"border-collapse:collapse; width:600px\">\r\n	<tbody>\r\n		<tr>\r\n			<td style=\"background-color:#01b3a7\"><a href=\"https://mytourplans.tekzini.com/\"><img src=\"https://mytourplans.tekzini.com/storage/settings/150323112238-63e37bf078b0e182_final-logo1.png\" style=\"width:225px\" /> </a></td>\r\n		</tr>\r\n		<tr>\r\n			<td style=\"border-color:#01b3a7; border-style:solid; border-width:2px\">\r\n			<h3>Your Preference Enquiry</h3>\r\n\r\n			<p><a href=\"https://mytourplans.tekzini.com/\" target=\"_blank\">mytourplans.tekzini.com</a></p>\r\n			</td>\r\n		</tr>\r\n		<tr>\r\n			<td style=\"border-color:#01b3a7; border-style:solid; border-width:2px\">\r\n			<table cellpadding=\"5\" cellspacing=\"10\" style=\"width:70%\">\r\n				<tbody>\r\n					<tr>\r\n						<td colspan=\"2\">\r\n						<p>Your Preference Details</p>\r\n						</td>\r\n					</tr>\r\n					<tr>\r\n						<td><strong>Name:</strong></td>\r\n						<td>[Name]</td>\r\n					</tr>\r\n					<tr>\r\n						<td><strong>Phone Number: </strong></td>\r\n						<td>[Phone]</td>\r\n					</tr>\r\n					<tr>\r\n						<td><strong>E-mail Address: </strong></td>\r\n						<td>[Email]</td>\r\n					</tr>\r\n					<tr>\r\n						<td><strong>Destination: </strong></td>\r\n						<td>[Destination]</td>\r\n					</tr>\r\n					<tr>\r\n						<td><strong>Date of Departure: </strong></td>\r\n						<td>[Date_of_Departure]</td>\r\n					</tr>\r\n					<tr>\r\n						<td><strong>No of Paxs: </strong></td>\r\n						<td>[No_of_Paxs]</td>\r\n					</tr>\r\n					<tr>\r\n						<td><strong>Per Person Cost: </strong></td>\r\n						<td>[Per_Person_Cost]</td>\r\n					</tr>\r\n					<tr>\r\n						<td><strong>Extra Bed: </strong></td>\r\n						<td>[Extra_Bed]</td>\r\n					</tr>\r\n					<tr>\r\n						<td><strong>W/o Extra Bed: </strong></td>\r\n						<td>[W/o_Extra_Bed]</td>\r\n					</tr>\r\n					<tr>\r\n						<td><strong>Single Supplementary: </strong></td>\r\n						<td>[Single_Supplementary]</td>\r\n					</tr>\r\n				</tbody>\r\n			</table>\r\n			</td>\r\n		</tr>\r\n	</tbody>\r\n</table>', 1, '2023-02-20 16:39:05', '2023-04-04 09:29:32'),
(7, 'Download Itinerary', 'download_itinerary', 'Thankyou for downloading itinerary. You Can Call our Team if You have any Urgent Query. Otherwise, we will reply by Email as soon as possible.', 0, 1, 0, 'Download Itinerary', '/download_itinerary', 'arti@indiainternets.com', 'suraj.pandit@indiainternets.com', 'arti@indiainternet.com', 'Download Itinerary Enquiry', '<table align=\"center\" border=\"0\" cellpadding=\"5\" cellspacing=\"0\" style=\"border-collapse:collapse; width:600px\">\r\n	<tbody>\r\n		<tr>\r\n			<td style=\"background-color:#01b3a7\"><a href=\"https://mytourplans.tekzini.com/\"><img src=\"https://mytourplans.tekzini.com/storage/settings/150323112238-63e37bf078b0e182_final-logo1.png\" style=\"width:225px\" /> </a></td>\r\n		</tr>\r\n		<tr>\r\n			<td style=\"border-color:#01b3a7; border-style:solid; border-width:2px\">\r\n			<h3>Download Itinerary Enquiry</h3>\r\n\r\n			<p><a href=\"https://mytourplans.tekzini.com/\" target=\"_blank\">mytourplans.tekzini.com</a></p>\r\n			</td>\r\n		</tr>\r\n		<tr>\r\n			<td style=\"border-color:#01b3a7; border-style:solid; border-width:2px\">\r\n			<table cellpadding=\"5\" cellspacing=\"10\" style=\"width:70%\">\r\n				<tbody>\r\n					<tr>\r\n						<td colspan=\"2\">\r\n						<p>Download Itinerary DETAILS</p>\r\n						</td>\r\n					</tr>\r\n					<tr>\r\n						<td><strong>Name:</strong></td>\r\n						<td>[Name]</td>\r\n					</tr>\r\n					<tr>\r\n						<td><strong>Phone Number: </strong></td>\r\n						<td>[Phone]</td>\r\n					</tr>\r\n					<tr>\r\n						<td><strong>E-mail Address: </strong></td>\r\n						<td>[Email]</td>\r\n					</tr>\r\n					<tr>\r\n						<td><strong>City: </strong></td>\r\n						<td>[City]</td>\r\n					</tr>\r\n				</tbody>\r\n			</table>\r\n			</td>\r\n		</tr>\r\n	</tbody>\r\n</table>', 1, '2023-03-16 19:09:43', '2023-04-04 09:29:36');
COMMIT;


INSERT INTO `form_elements` (`id`, `form_id`, `label`, `placeHolder`, `type`, `validation`, `position`, `data`, `className`, `classNameInner`, `data_table`, `defaultValue`, `is_display`, `is_static`, `is_hide`, `status`, `created_at`, `updated_at`) VALUES
(1, NULL, 'Name', 'Name*', 'name', 'required', 1, '', '', '', NULL, '', 1, 1, 0, 1, '2022-12-08 06:26:45', '2023-02-01 16:19:48'),
(2, NULL, 'Phone', 'Phone*', 'phone', 'required', 2, '', '', 'phone', NULL, '', 1, 1, 0, 1, '2022-12-08 06:30:15', '2023-02-01 16:19:48'),
(3, NULL, 'Email', 'Email*', 'email', 'required', 3, '', '', '', NULL, '', 1, 1, 0, 1, '2022-12-14 06:31:01', '2023-01-19 12:05:28'),
(4, 1, 'Name', 'Name*', 'name', 'required', 1, '', 'w-1/2', '', NULL, '', 1, 1, 0, 1, '2022-12-08 06:26:45', '2023-02-20 12:41:56'),
(5, 1, 'Phone', 'Phone*', 'phone', 'required', 2, '', 'phone_code w-1/2', 'phone', NULL, '', 1, 1, 0, 1, '2022-12-14 06:31:01', '2023-02-23 16:37:40'),
(6, 1, 'Date of Travel', 'Date of Travel', 'datepicker', '', 5, '', 'w-1/2', '', NULL, 'Date of Travel', 1, 0, 0, 1, '2022-12-14 06:31:01', '2023-03-03 12:38:03'),
(7, 1, 'Hotel', 'Hotel', 'select', '', 5, 'Premium:Premium#Deluxe:Deluxe#Luxury:Luxury', 'w-1/2', '', NULL, 'Premium', 1, 0, 0, 1, '2022-12-14 06:31:01', '2023-03-03 12:38:03'),
(9, 1, 'Address', 'Address', 'text', '', 4, '', 'w-1/2', '', NULL, '', 1, 0, 0, 1, '2022-12-14 06:32:08', '2023-02-21 11:14:59'),
(10, 1, 'Email', 'Email', 'email', 'required', 3, '', 'w-1/2', '', NULL, '', 1, 1, 0, 1, '2023-01-18 18:41:39', '2023-02-23 16:37:43'),
(35, 2, 'Name', 'Name*', 'name', 'required', 1, '', '', '', NULL, '', 1, 1, 0, 1, '2023-01-19 11:30:08', '2023-02-01 12:34:58'),
(36, 2, 'Phone', 'Phone*', 'phone', 'required', 2, '', 'phone_code', 'phone', NULL, '', 1, 1, 0, 1, '2023-01-19 11:30:08', '2023-02-20 15:06:18'),
(37, 2, 'Email', 'Email*', 'email', 'required', 3, '', '', '', NULL, '', 1, 1, 0, 1, '2023-01-19 11:30:08', '2023-01-19 12:02:06'),
(38, 2, 'Country', 'Country', 'country', '', 4, '', '', '', NULL, 'India', 0, 0, 0, 1, '2023-01-19 11:30:08', '2023-02-27 15:38:23'),
(39, 2, 'Zip Code', 'Zip Code', 'zipcode', '', 5, '', '', '', NULL, '', 1, 0, 0, 1, '2023-01-19 11:30:08', '2023-02-01 17:07:52'),
(40, 2, 'When Do You Plan To Travel?', 'When Do You Plan To Travel?', 'datepicker', '', 6, '', '', '', NULL, '', 1, 0, 0, 1, '2023-01-19 11:30:08', '2023-03-03 12:53:25'),
(41, 2, 'Have You Travelled With Us Before?', 'Have You Travelled With Us Before?', 'radio', '', 7, 'Yes:Yes#No:No', 'mb-3 space0', '', NULL, '', 0, 0, 0, 1, '2023-01-19 11:30:08', '2023-04-04 12:27:11'),
(42, 3, 'Name', 'Name*', 'name', 'required', 1, '', '', '', NULL, '', 1, 1, 0, 1, '2023-01-19 12:23:55', '2023-02-01 12:35:22'),
(43, 3, 'Phone', 'Phone*', 'phone', 'required', 2, '', 'phone_code', 'phone', NULL, '', 1, 1, 0, 1, '2023-01-19 12:23:55', '2023-02-15 12:58:32'),
(44, 3, 'Email', 'Email*', 'email', 'required', 3, '', '', '', NULL, '', 1, 1, 0, 1, '2023-01-19 12:23:55', '2023-01-19 12:23:55'),
(45, 3, 'Country', 'Country*', 'country', 'required', 4, '', '', '', NULL, 'India', 0, 0, 0, 1, '2023-01-19 12:23:55', '2023-02-01 17:08:51'),
(46, 3, 'Zip Code', 'Zip Code', 'zipcode', '', 5, '', '', '', NULL, '', 0, 0, 0, 1, '2023-01-19 12:23:55', '2023-02-01 17:08:51'),
(47, 3, 'When Do You Want To Travel?', 'When Do You Want To Travel?', 'datepicker', '', 6, '', '', '', NULL, '', 0, 0, 0, 1, '2023-01-19 12:23:55', '2023-02-15 13:01:29'),
(48, 3, 'Number Of Pax', 'Number Of Pax', 'number', '', 7, '', '', '', NULL, '', 0, 0, 0, 1, '2023-01-19 12:23:55', '2023-03-09 17:17:19'),
(49, 3, 'Duration Of Stay', 'Duration Of Stay', 'number', '', 8, '', '', '', NULL, '', 0, 0, 0, 1, '2023-01-19 12:23:55', '2023-02-01 17:08:51'),
(50, 3, 'Do You Need Flight Also?', 'Do You Need Flight Also?', 'radio', '', 9, '1:Yes#0:No', 'mb-3 space0', '', NULL, '', 0, 0, 0, 1, '2023-01-19 12:23:55', '2023-02-23 13:27:12'),
(51, 3, 'Have You Travelled With Us Before?', 'Have You Travelled With Us Before?', 'radio', '', 10, '1:Yes#0:No', 'mb-3 space0', '', NULL, '', 0, 0, 0, 1, '2023-01-19 12:23:55', '2023-02-23 13:27:12'),
(52, 3, 'Comments', 'Comments*', 'textarea', 'required', 11, '', 'w-full mt-3', '', NULL, '', 0, 0, 0, 1, '2023-01-19 12:23:55', '2023-02-23 13:28:48'),
(53, 4, 'Name', 'Name*', 'name', 'required', 1, '', 'w-1/2 w_mob', '', NULL, '', 1, 1, 0, 1, '2023-02-08 10:54:26', '2023-02-15 17:45:16'),
(54, 4, 'Phone', 'Phone*', 'phone', 'required', 2, '', 'w-1/2 phone_code', 'phone', NULL, '', 1, 1, 0, 1, '2023-02-08 10:54:26', '2023-02-14 18:34:25'),
(55, 4, 'Email', 'Email*', 'email', 'required', 3, '', 'w-1/2', '', NULL, '', 1, 1, 0, 1, '2023-02-08 10:54:26', '2023-02-08 13:09:58'),
(56, 4, 'Destination', 'Destination', 'select', '', 4, 'Ladakh:Ladakh#Himachal:Himachal#Kashmir:Kashmir#Sikkim:Sikkim#Uttarakhand:Uttarakhand#BHUTAN:BHUTAN#Darjeeling:Darjeeling#Northeast India:Northeast India', 'w-1/2', '', NULL, '', 1, 0, 0, 1, '2023-02-08 10:54:26', '2023-04-04 16:16:00'),
(57, 4, 'Duration', 'Duration', 'select', '', 999, ':Duration#1:1#2:2#3:3#4:4#5:5#6:6#7:7#8:8#9:9#10:10#11:11#12:12#13:13#14:14#15:15#16:16#17:17#18:18#19:19#20:20#21:21#22:22#23:23#24:24#25:25', 'w-1/4', '', NULL, '', 1, 0, 0, 1, '2023-02-08 10:54:26', '2023-02-23 15:02:16'),
(58, 4, 'Budget', 'Budget', 'select', '', 999, ':Budget#Rs. 10000 - 40000:Rs. 10000 - 40000#Rs. 40000 - 100000:Rs. 40000 - 100000#Rs. 100000  Above:Rs. 100000  Above', 'w-1/4', '', NULL, '', 1, 0, 0, 1, '2023-02-08 10:54:26', '2023-02-23 15:03:51'),
(59, 4, 'No of Pax', 'No of Pax', 'select', '', 999, ':No of Pax#1:1#2:2#3:3#4:4#5:5#6:6#7:7#8:8#9:9#10:10#11:11#12:12#13:13#14:14#15:15#16:16#17:17#18:18#19:19#20:20#21:21#22:22#23:23#24:24#25:25', 'w-1/4', '', NULL, '', 1, 0, 0, 1, '2023-02-08 12:18:02', '2023-02-23 15:03:51'),
(60, 4, 'No of Rooms', 'No of Rooms', 'select', '', 999, ':No of Rooms#1:1#2:2#3:3#4:4#5:5#6:6#7:7#8:8#9:9#10:10#11:11#12:12#13:13#14:14#15:15#16:16#17:17#18:18#19:19#20:20#21:21#22:22#23:23#24:24#25:25', 'w-1/4', '', NULL, '', 1, 0, 0, 1, '2023-02-08 12:18:02', '2023-02-23 15:03:51'),
(61, 4, 'Date of Travel', 'Date of Travel', 'datepicker', '', 999, '', 'w-1/2', '', NULL, '', 1, 0, 0, 1, '2023-02-08 12:23:17', '2023-02-08 13:09:58'),
(62, 4, 'Departure Fixed', 'Departure Fixed', 'select', 'required', 999, 'Departure Fixed:Departure Fixed#Departure Flexible:Departure Flexible', 'w-1/2', '', NULL, 'Departure Fixed', 1, 0, 0, 1, '2023-02-08 12:23:17', '2023-03-29 18:07:56'),
(63, 4, 'Message', 'Message', 'textarea', '', 999, '', 'w-full', '', NULL, '', 1, 0, 0, 1, '2023-02-08 12:23:17', '2023-02-08 13:07:05'),
(64, 5, 'Name', 'Name*', 'name', 'required', 1, '', '', '', NULL, '', 1, 1, 0, 1, '2023-02-13 17:36:33', '2023-02-13 17:36:33'),
(65, 5, 'Phone', 'Phone*', 'phone', 'required', 2, '', 'phone_code', 'phone', NULL, '', 1, 1, 0, 1, '2023-02-13 17:36:33', '2023-02-15 19:06:27'),
(66, 5, 'Email', 'Email*', 'email', 'required', 3, '', '', '', NULL, '', 1, 1, 0, 1, '2023-02-13 17:36:33', '2023-02-13 17:36:33'),
(67, 5, 'Date of Arrival', 'Date of Arrival', 'datepicker', '', 999, '', '', '', NULL, '', 0, 0, 0, 1, '2023-02-13 17:36:33', '2023-02-13 17:36:33'),
(68, 5, 'Date of Departure', 'Date of Departure', 'datepicker', '', 999, '', '', '', NULL, '', 0, 0, 0, 1, '2023-02-13 17:36:33', '2023-02-13 17:36:33'),
(69, 5, 'Plan', 'Plan', 'select', '', 999, 'American Plan(Breakfast Lunch Dinner & Room):American Plan(Breakfast Lunch Dinner & Room)#MAP(Breakfast Dinner & Room):MAP(Breakfast Dinner & Room)#Continental Plan(Bed & Breakfast):Continental Plan(Bed & Breakfast)#European Plan(Room Only):European Plan(Room Only)', 'American Plan(Breakfast Lunch Dinner & Room):American Plan(Breakfast Lunch Dinner & Room)', '', NULL, '', 0, 0, 0, 1, '2023-02-13 17:36:33', '2023-02-13 17:55:23'),
(70, 5, 'No of Persons', 'No of Persons', 'number', '', 999, '', '', '', NULL, '', 0, 0, 0, 1, '2023-02-13 17:36:33', '2023-04-03 19:06:38'),
(71, 5, 'Comment', 'Comment', 'textarea', '', 999, '', '', '', NULL, '', 0, 0, 0, 1, '2023-02-13 17:36:33', '2023-02-13 17:36:33'),
(72, 6, 'Name', 'Name*', 'name', 'required', 1, '', '', '', NULL, '', 1, 1, 0, 1, '2023-02-20 16:39:05', '2023-02-20 16:39:05'),
(73, 6, 'Phone', 'Phone*', 'phone', 'required', 2, '', 'phone_code', 'phone', NULL, '', 1, 1, 0, 1, '2023-02-20 16:39:05', '2023-02-20 16:39:05'),
(74, 6, 'Email', 'Email*', 'email', 'required', 3, '', '', '', NULL, '', 1, 1, 0, 1, '2023-02-20 16:39:05', '2023-02-20 16:39:05'),
(75, 6, 'Date of Departure', 'Date of Departure', 'datepicker', '', 5, 'American Plan(Breakfast Lunch Dinner & Room):American Plan(Breakfast Lunch Dinner & Room)#MAP(Breakfast Dinner & Room):MAP(Breakfast Dinner & Room)#Continental Plan(Bed & Breakfast):Continental Plan(Bed & Breakfast)#European Plan(Room Only):European Plan(Room Only)', 'American Plan(Breakfast Lunch Dinner & Room):American Plan(Breakfast Lunch Dinner & Room)', '', NULL, '', 1, 0, 0, 1, '2023-02-20 16:39:05', '2023-04-04 11:14:31'),
(76, 6, 'No of Persons', 'No of Persons', 'number', '', 6, '', '', '', NULL, '', 1, 0, 0, 1, '2023-02-20 16:39:05', '2023-04-04 11:14:31'),
(77, 6, 'Single Supplementary', 'Single Supplementary', 'text', '', 10, '', '', '', NULL, '', 1, 0, 1, 1, '2023-02-20 16:39:05', '2023-04-04 12:33:16'),
(78, 1, 'Destination', 'Destination', 'text', '', 4, '', 'w-1/2', '', NULL, 'Destination', 1, 0, 0, 1, '2023-02-21 10:54:15', '2023-04-04 13:11:20'),
(79, 6, 'Destination', 'Destination', 'text', 'required', 4, '', '', '', NULL, '', 1, 0, 0, 1, '2023-02-21 10:56:57', '2023-02-21 10:56:57'),
(80, 6, 'Per Person Cost', 'Per Person Cost', 'text', '', 7, '', '', '', NULL, '', 1, 0, 1, 1, '2023-02-21 10:58:50', '2023-04-04 12:33:16'),
(81, 6, 'Extra Bed', 'Extra Bed', 'text', '', 8, '', '', '', NULL, '', 1, 0, 1, 1, '2023-02-21 11:01:37', '2023-04-04 12:33:16'),
(82, 6, 'W/o Extra Bed', 'W/o Extra Bed', 'text', '', 9, '', '', '', NULL, '', 1, 0, 1, 1, '2023-02-21 11:01:37', '2023-04-04 12:33:16'),
(83, 1, 'Gender', 'Gender', 'radio', 'required', 6, 'Male:Male#Female:Female', 'w-1/2 mb-3 gender', '', NULL, '', 1, 0, 0, 1, '2023-02-21 11:10:45', '2023-02-27 16:24:16'),
(84, 7, 'Name', 'Name*', 'name', 'required', 1, '', '', '', NULL, '', 1, 1, 0, 1, '2023-03-16 19:09:43', '2023-03-16 19:09:43'),
(85, 7, 'Phone', 'Phone*', 'phone', 'required', 2, '', 'phone_code', 'phone', NULL, '', 1, 1, 0, 1, '2023-03-16 19:09:43', '2023-03-17 15:18:28'),
(86, 7, 'Email', 'Email*', 'email', 'required', 3, '', '', '', NULL, '', 1, 1, 0, 1, '2023-03-16 19:09:43', '2023-03-16 19:09:43'),
(87, 7, 'Your residential city', 'Your residential city', 'name', '', 999, '', '', '', NULL, '', 0, 0, 0, 1, '2023-03-16 19:09:43', '2023-04-03 12:39:32');
COMMIT;


INSERT INTO `countries` (`id`, `name`, `iso3`, `numeric_code`, `iso`, `phonecode`, `capital`, `currency`, `currency_name`, `region`, `subregion`, `emoji`, `status`, `created_at`, `updated_at`) VALUES
(1, 'AFGHANISTAN', 'AFG', '004', 'AF', '93', 'Kabul', 'AFN', 'Afghan afghani', 'Asia', 'Southern Asia', '', 1, '2018-07-21 01:41:03', '2022-04-09 07:52:54'),
(2, 'ALAND ISLANDS', 'ALA', '248', 'AX', '35818', 'Mariehamn', 'EUR', 'Euro', 'Europe', 'Northern Europe', '', 1, '2018-07-21 01:41:03', '2023-02-01 11:54:56'),
(3, 'ALBANIA', 'ALB', '008', 'AL', '355', 'Tirana', 'ALL', 'Albanian lek', 'Europe', 'Southern Europe', '', 1, '2018-07-21 01:41:03', '2022-04-12 07:03:51'),
(4, 'ALGERIA', 'DZA', '012', 'DZ', '213', 'Algiers', 'DZD', 'Algerian dinar', 'Africa', 'Northern Africa', '', 1, '2018-07-21 01:41:03', '2022-04-12 07:03:51'),
(5, 'American Samoa', 'ASM', '016', 'AS', '1684', 'Pago Pago', 'USD', 'US Dollar', 'Oceania', 'Polynesia', '', 1, '2018-07-21 01:41:03', '2023-02-01 11:55:02'),
(6, 'Andorra', 'AND', '020', 'AD', '376', 'Andorra la Vella', 'EUR', 'Euro', 'Europe', 'Southern Europe', '', 1, '2018-07-21 01:41:03', '2022-04-12 07:03:51'),
(7, 'Angola', 'AGO', '024', 'AO', '244', 'Luanda', 'AOA', 'Angolan kwanza', 'Africa', 'Middle Africa', '', 1, '2018-07-21 01:41:03', '2022-04-12 07:03:51'),
(8, 'Anguilla', 'AIA', '660', 'AI', '1264', 'The Valley', 'XCD', 'East Caribbean dollar', 'Americas', 'Caribbean', '', 1, '2018-07-21 01:41:03', '2023-02-01 11:55:07'),
(9, 'Antarctica', 'ATA', '010', 'AQ', '672', '', 'AAD', 'Antarctican dollar', 'Polar', '', '', 1, '2018-07-21 01:41:03', '2022-04-12 07:03:51'),
(10, 'Antigua And Barbuda', 'ATG', '028', 'AG', '1268', 'St. John\'s', 'XCD', 'Eastern Caribbean dollar', 'Americas', 'Caribbean', '', 1, '2018-07-21 01:41:03', '2023-02-01 11:55:13'),
(11, 'Argentina', 'ARG', '032', 'AR', '54', 'Buenos Aires', 'ARS', 'Argentine peso', 'Americas', 'South America', '', 1, '2018-07-21 01:41:03', '2022-04-12 07:03:51'),
(12, 'Armenia', 'ARM', '051', 'AM', '374', 'Yerevan', 'AMD', 'Armenian dram', 'Asia', 'Western Asia', '', 1, '2018-07-21 01:41:03', '2022-04-12 07:03:51'),
(13, 'Aruba', 'ABW', '533', 'AW', '297', 'Oranjestad', 'AWG', 'Aruban florin', 'Americas', 'Caribbean', '', 1, '2018-07-21 01:41:03', '2022-04-12 07:03:51'),
(14, 'Australia', 'AUS', '036', 'AU', '61', 'Canberra', 'AUD', 'Australian dollar', 'Oceania', 'Australia and New Zealand', '', 1, '2018-07-21 01:41:03', '2022-04-12 07:03:51'),
(15, 'Austria', 'AUT', '040', 'AT', '43', 'Vienna', 'EUR', 'Euro', 'Europe', 'Western Europe', '', 1, '2018-07-21 01:41:03', '2022-04-12 07:03:51'),
(16, 'Azerbaijan', 'AZE', '031', 'AZ', '994', 'Baku', 'AZN', 'Azerbaijani manat', 'Asia', 'Western Asia', '', 1, '2018-07-21 01:41:03', '2022-04-12 07:03:51'),
(17, 'The Bahamas', 'BHS', '044', 'BS', '1242', 'Nassau', 'BSD', 'Bahamian dollar', 'Americas', 'Caribbean', '', 1, '2018-07-21 01:41:03', '2023-02-01 11:55:19'),
(18, 'Bahrain', 'BHR', '048', 'BH', '973', 'Manama', 'BHD', 'Bahraini dinar', 'Asia', 'Western Asia', '', 1, '2018-07-21 01:41:03', '2022-04-12 07:03:51'),
(19, 'Bangladesh', 'BGD', '050', 'BD', '880', 'Dhaka', 'BDT', 'Bangladeshi taka', 'Asia', 'Southern Asia', '', 1, '2018-07-21 01:41:03', '2022-04-12 07:03:51'),
(20, 'Barbados', 'BRB', '052', 'BB', '1246', 'Bridgetown', 'BBD', 'Barbadian dollar', 'Americas', 'Caribbean', '', 1, '2018-07-21 01:41:03', '2023-02-01 11:55:25'),
(21, 'Belarus', 'BLR', '112', 'BY', '375', 'Minsk', 'BYN', 'Belarusian ruble', 'Europe', 'Eastern Europe', '', 1, '2018-07-21 01:41:03', '2022-04-12 07:03:51'),
(22, 'Belgium', 'BEL', '056', 'BE', '32', 'Brussels', 'EUR', 'Euro', 'Europe', 'Western Europe', '', 1, '2018-07-21 01:41:03', '2022-04-12 07:03:51'),
(23, 'Belize', 'BLZ', '084', 'BZ', '501', 'Belmopan', 'BZD', 'Belize dollar', 'Americas', 'Central America', '', 1, '2018-07-21 01:41:03', '2022-04-12 07:03:51'),
(24, 'Benin', 'BEN', '204', 'BJ', '229', 'Porto-Novo', 'XOF', 'West African CFA franc', 'Africa', 'Western Africa', '', 1, '2018-07-21 01:41:03', '2022-04-12 07:03:51'),
(25, 'Bermuda', 'BMU', '060', 'BM', '1441', 'Hamilton', 'BMD', 'Bermudian dollar', 'Americas', 'Northern America', '', 1, '2018-07-21 01:41:03', '2023-02-01 11:55:31'),
(26, 'Bhutan', 'BTN', '064', 'BT', '975', 'Thimphu', 'BTN', 'Bhutanese ngultrum', 'Asia', 'Southern Asia', '', 1, '2018-07-21 01:41:03', '2022-04-12 07:03:51'),
(27, 'Bolivia', 'BOL', '068', 'BO', '591', 'Sucre', 'BOB', 'Bolivian boliviano', 'Americas', 'South America', '', 1, '2018-07-21 01:41:03', '2022-04-12 07:03:51'),
(28, 'Bosnia and Herzegovina', 'BIH', '070', 'BA', '387', 'Sarajevo', 'BAM', 'Bosnia and Herzegovina convertible mark', 'Europe', 'Southern Europe', '', 1, '2018-07-21 01:41:03', '2022-04-12 07:03:51'),
(29, 'Botswana', 'BWA', '072', 'BW', '267', 'Gaborone', 'BWP', 'Botswana pula', 'Africa', 'Southern Africa', '', 1, '2018-07-21 01:41:03', '2022-04-12 07:03:51'),
(30, 'Bouvet Island', 'BVT', '074', 'BV', '0055', '', 'NOK', 'Norwegian Krone', '', '', '', 1, '2018-07-21 01:41:03', '2022-04-12 07:03:51'),
(31, 'Brazil', 'BRA', '076', 'BR', '55', 'Brasilia', 'BRL', 'Brazilian real', 'Americas', 'South America', '', 1, '2018-07-21 01:41:03', '2022-04-12 07:03:51'),
(32, 'British Indian Ocean Territory', 'IOT', '086', 'IO', '246', 'Diego Garcia', 'USD', 'United States dollar', 'Africa', 'Eastern Africa', '', 1, '2018-07-21 01:41:03', '2022-04-12 07:03:51'),
(33, 'Brunei', 'BRN', '096', 'BN', '673', 'Bandar Seri Begawan', 'BND', 'Brunei dollar', 'Asia', 'South-Eastern Asia', '', 1, '2018-07-21 01:41:03', '2022-04-12 07:03:51'),
(34, 'Bulgaria', 'BGR', '100', 'BG', '359', 'Sofia', 'BGN', 'Bulgarian lev', 'Europe', 'Eastern Europe', '', 1, '2018-07-21 01:41:03', '2022-04-12 07:03:51'),
(35, 'Burkina Faso', 'BFA', '854', 'BF', '226', 'Ouagadougou', 'XOF', 'West African CFA franc', 'Africa', 'Western Africa', '', 1, '2018-07-21 01:41:03', '2022-04-12 07:03:51'),
(36, 'Burundi', 'BDI', '108', 'BI', '257', 'Bujumbura', 'BIF', 'Burundian franc', 'Africa', 'Eastern Africa', '', 1, '2018-07-21 01:41:03', '2022-04-12 07:03:51'),
(37, 'Cambodia', 'KHM', '116', 'KH', '855', 'Phnom Penh', 'KHR', 'Cambodian riel', 'Asia', 'South-Eastern Asia', '', 1, '2018-07-21 01:41:03', '2022-04-12 07:03:51'),
(38, 'Cameroon', 'CMR', '120', 'CM', '237', 'Yaounde', 'XAF', 'Central African CFA franc', 'Africa', 'Middle Africa', '', 1, '2018-07-21 01:41:03', '2022-04-12 07:03:51'),
(39, 'Canada', 'CAN', '124', 'CA', '1', 'Ottawa', 'CAD', 'Canadian dollar', 'Americas', 'Northern America', '', 1, '2018-07-21 01:41:03', '2022-04-12 07:03:51'),
(40, 'Cape Verde', 'CPV', '132', 'CV', '238', 'Praia', 'CVE', 'Cape Verdean escudo', 'Africa', 'Western Africa', '', 1, '2018-07-21 01:41:03', '2022-04-12 07:03:51'),
(41, 'Cayman Islands', 'CYM', '136', 'KY', '1345', 'George Town', 'KYD', 'Cayman Islands dollar', 'Americas', 'Caribbean', '', 1, '2018-07-21 01:41:03', '2023-02-01 11:55:43'),
(42, 'Central African Republic', 'CAF', '140', 'CF', '236', 'Bangui', 'XAF', 'Central African CFA franc', 'Africa', 'Middle Africa', '', 1, '2018-07-21 01:41:03', '2022-04-12 07:03:51'),
(43, 'Chad', 'TCD', '148', 'TD', '235', 'N\'Djamena', 'XAF', 'Central African CFA franc', 'Africa', 'Middle Africa', '', 1, '2018-07-21 01:41:03', '2022-04-12 07:03:51'),
(44, 'Chile', 'CHL', '152', 'CL', '56', 'Santiago', 'CLP', 'Chilean peso', 'Americas', 'South America', '', 1, '2018-07-21 01:41:03', '2022-04-12 07:03:51'),
(45, 'China', 'CHN', '156', 'CN', '86', 'Beijing', 'CNY', 'Chinese yuan', 'Asia', 'Eastern Asia', '', 1, '2018-07-21 01:41:03', '2022-04-12 07:03:51'),
(46, 'Christmas Island', 'CXR', '162', 'CX', '61', 'Flying Fish Cove', 'AUD', 'Australian dollar', 'Oceania', 'Australia and New Zealand', '', 1, '2018-07-21 01:41:03', '2022-04-12 07:03:51'),
(47, 'Cocos (Keeling) Islands', 'CCK', '166', 'CC', '61', 'West Island', 'AUD', 'Australian dollar', 'Oceania', 'Australia and New Zealand', '', 1, '2018-07-21 01:41:03', '2022-04-12 07:03:51'),
(48, 'Colombia', 'COL', '170', 'CO', '57', 'Bogot', 'COP', 'Colombian peso', 'Americas', 'South America', '', 1, '2018-07-21 01:41:03', '2022-04-12 07:03:51'),
(49, 'Comoros', 'COM', '174', 'KM', '269', 'Moroni', 'KMF', 'Comorian franc', 'Africa', 'Eastern Africa', '', 1, '2018-07-21 01:41:03', '2022-04-12 07:03:51'),
(50, 'Congo', 'COG', '178', 'CG', '242', 'Brazzaville', 'XAF', 'Central African CFA franc', 'Africa', 'Middle Africa', '', 1, '2018-07-21 01:41:03', '2022-04-12 07:03:51'),
(51, 'Democratic Republic of the Congo', 'COD', '180', 'CD', '243', 'Kinshasa', 'CDF', 'Congolese Franc', 'Africa', 'Middle Africa', '', 1, '2018-07-21 01:41:03', '2022-04-12 07:03:51'),
(52, 'Cook Islands', 'COK', '184', 'CK', '682', 'Avarua', 'NZD', 'Cook Islands dollar', 'Oceania', 'Polynesia', '', 1, '2018-07-21 01:41:03', '2022-04-12 07:03:51'),
(53, 'Costa Rica', 'CRI', '188', 'CR', '506', 'San Jose', 'CRC', 'Costa Rican coln', 'Americas', 'Central America', '', 1, '2018-07-21 01:41:03', '2022-04-12 07:03:51'),
(54, 'Cote D\'Ivoire (Ivory Coast)', 'CIV', '384', 'CI', '225', 'Yamoussoukro', 'XOF', 'West African CFA franc', 'Africa', 'Western Africa', '', 1, '2018-07-21 01:41:03', '2022-04-12 07:03:51'),
(55, 'Croatia', 'HRV', '191', 'HR', '385', 'Zagreb', 'HRK', 'Croatian kuna', 'Europe', 'Southern Europe', '', 1, '2018-07-21 01:41:03', '2022-04-12 07:03:51'),
(56, 'Cuba', 'CUB', '192', 'CU', '53', 'Havana', 'CUP', 'Cuban peso', 'Americas', 'Caribbean', '', 1, '2018-07-21 01:41:03', '2022-04-12 07:03:51'),
(57, 'Cyprus', 'CYP', '196', 'CY', '357', 'Nicosia', 'EUR', 'Euro', 'Europe', 'Southern Europe', '', 1, '2018-07-21 01:41:03', '2022-04-12 07:03:51'),
(58, 'Czech Republic', 'CZE', '203', 'CZ', '420', 'Prague', 'CZK', 'Czech koruna', 'Europe', 'Eastern Europe', '', 1, '2018-07-21 01:41:03', '2022-04-12 07:03:51'),
(59, 'Denmark', 'DNK', '208', 'DK', '45', 'Copenhagen', 'DKK', 'Danish krone', 'Europe', 'Northern Europe', '', 1, '2018-07-21 01:41:03', '2022-04-12 07:03:51'),
(60, 'Djibouti', 'DJI', '262', 'DJ', '253', 'Djibouti', 'DJF', 'Djiboutian franc', 'Africa', 'Eastern Africa', '', 1, '2018-07-21 01:41:03', '2022-04-12 07:03:51'),
(61, 'Dominica', 'DMA', '212', 'DM', '1767', 'Roseau', 'XCD', 'Eastern Caribbean dollar', 'Americas', 'Caribbean', '', 1, '2018-07-21 01:41:03', '2023-02-01 11:55:50'),
(62, 'Dominican Republic', 'DOM', '214', 'DO', '1809', 'Santo Domingo', 'DOP', 'Dominican peso', 'Americas', 'Caribbean', '', 1, '2018-07-21 01:41:03', '2023-02-01 11:55:58'),
(63, 'East Timor', 'TLS', '626', 'TL', '670', 'Dili', 'USD', 'United States dollar', 'Asia', 'South-Eastern Asia', '', 1, '2018-07-21 01:41:03', '2022-04-12 07:03:51'),
(64, 'Ecuador', 'ECU', '218', 'EC', '593', 'Quito', 'USD', 'United States dollar', 'Americas', 'South America', '', 1, '2018-07-21 01:41:03', '2022-04-12 07:03:51'),
(65, 'Egypt', 'EGY', '818', 'EG', '20', 'Cairo', 'EGP', 'Egyptian pound', 'Africa', 'Northern Africa', '', 1, '2018-07-21 01:41:03', '2022-04-12 07:03:51'),
(66, 'El Salvador', 'SLV', '222', 'SV', '503', 'San Salvador', 'USD', 'United States dollar', 'Americas', 'Central America', '', 1, '2018-07-21 01:41:03', '2022-04-12 07:03:51'),
(67, 'Equatorial Guinea', 'GNQ', '226', 'GQ', '240', 'Malabo', 'XAF', 'Central African CFA franc', 'Africa', 'Middle Africa', '', 1, '2018-07-21 01:41:03', '2022-04-12 07:03:51'),
(68, 'Eritrea', 'ERI', '232', 'ER', '291', 'Asmara', 'ERN', 'Eritrean nakfa', 'Africa', 'Eastern Africa', '', 1, '2018-07-21 01:41:03', '2022-04-12 07:03:51'),
(69, 'Estonia', 'EST', '233', 'EE', '372', 'Tallinn', 'EUR', 'Euro', 'Europe', 'Northern Europe', '', 1, '2018-07-21 01:41:03', '2022-04-12 07:03:51'),
(70, 'Ethiopia', 'ETH', '231', 'ET', '251', 'Addis Ababa', 'ETB', 'Ethiopian birr', 'Africa', 'Eastern Africa', '', 1, '2018-07-21 01:41:03', '2022-04-12 07:03:51'),
(71, 'Falkland Islands', 'FLK', '238', 'FK', '500', 'Stanley', 'FKP', 'Falkland Islands pound', 'Americas', 'South America', '', 1, '2018-07-21 01:41:03', '2022-04-12 07:03:51'),
(72, 'Faroe Islands', 'FRO', '234', 'FO', '298', 'Torshavn', 'DKK', 'Danish krone', 'Europe', 'Northern Europe', '', 1, '2018-07-21 01:41:03', '2022-04-12 07:03:51'),
(73, 'Fiji Islands', 'FJI', '242', 'FJ', '679', 'Suva', 'FJD', 'Fijian dollar', 'Oceania', 'Melanesia', '', 1, '2018-07-21 01:41:03', '2022-04-12 07:03:51'),
(74, 'Finland', 'FIN', '246', 'FI', '358', 'Helsinki', 'EUR', 'Euro', 'Europe', 'Northern Europe', '', 1, '2018-07-21 01:41:03', '2022-04-12 07:03:51'),
(75, 'France', 'FRA', '250', 'FR', '33', 'Paris', 'EUR', 'Euro', 'Europe', 'Western Europe', '', 1, '2018-07-21 01:41:03', '2022-04-12 07:03:51'),
(76, 'French Guiana', 'GUF', '254', 'GF', '594', 'Cayenne', 'EUR', 'Euro', 'Americas', 'South America', '', 1, '2018-07-21 01:41:03', '2022-04-12 07:03:51'),
(77, 'French Polynesia', 'PYF', '258', 'PF', '689', 'Papeete', 'XPF', 'CFP franc', 'Oceania', 'Polynesia', '', 1, '2018-07-21 01:41:03', '2022-04-12 07:03:51'),
(78, 'French Southern Territories', 'ATF', '260', 'TF', '262', 'Port-aux-Francais', 'EUR', 'Euro', 'Africa', 'Southern Africa', '', 1, '2018-07-21 01:41:03', '2022-04-12 07:03:51'),
(79, 'Gabon', 'GAB', '266', 'GA', '241', 'Libreville', 'XAF', 'Central African CFA franc', 'Africa', 'Middle Africa', '', 1, '2018-07-21 01:41:03', '2022-04-12 07:03:51'),
(80, 'Gambia The', 'GMB', '270', 'GM', '220', 'Banjul', 'GMD', 'Gambian dalasi', 'Africa', 'Western Africa', '', 1, '2018-07-21 01:41:03', '2022-04-12 07:03:51'),
(81, 'Georgia', 'GEO', '268', 'GE', '995', 'Tbilisi', 'GEL', 'Georgian lari', 'Asia', 'Western Asia', '', 1, '2018-07-21 01:41:03', '2022-04-12 07:03:51'),
(82, 'Germany', 'DEU', '276', 'DE', '49', 'Berlin', 'EUR', 'Euro', 'Europe', 'Western Europe', '', 1, '2018-07-21 01:41:03', '2022-04-12 07:03:51'),
(83, 'Ghana', 'GHA', '288', 'GH', '233', 'Accra', 'GHS', 'Ghanaian cedi', 'Africa', 'Western Africa', '', 1, '2018-07-21 01:41:03', '2022-04-12 07:03:51'),
(84, 'Gibraltar', 'GIB', '292', 'GI', '350', 'Gibraltar', 'GIP', 'Gibraltar pound', 'Europe', 'Southern Europe', '', 1, '2018-07-21 01:41:03', '2022-04-12 07:03:51'),
(85, 'Greece', 'GRC', '300', 'GR', '30', 'Athens', 'EUR', 'Euro', 'Europe', 'Southern Europe', '', 1, '2018-07-21 01:41:03', '2022-04-12 07:03:51'),
(86, 'Greenland', 'GRL', '304', 'GL', '299', 'Nuuk', 'DKK', 'Danish krone', 'Americas', 'Northern America', '', 1, '2018-07-21 01:41:03', '2022-04-12 07:03:51'),
(87, 'Grenada', 'GRD', '308', 'GD', '1473', 'St. George\'s', 'XCD', 'Eastern Caribbean dollar', 'Americas', 'Caribbean', '', 1, '2018-07-21 01:41:03', '2023-02-01 11:56:06'),
(88, 'Guadeloupe', 'GLP', '312', 'GP', '590', 'Basse-Terre', 'EUR', 'Euro', 'Americas', 'Caribbean', '', 1, '2018-07-21 01:41:03', '2022-04-12 07:03:51'),
(89, 'Guam', 'GUM', '316', 'GU', '1671', 'Hagatna', 'USD', 'US Dollar', 'Oceania', 'Micronesia', '', 1, '2018-07-21 01:41:03', '2023-02-01 11:56:11'),
(90, 'Guatemala', 'GTM', '320', 'GT', '502', 'Guatemala City', 'GTQ', 'Guatemalan quetzal', 'Americas', 'Central America', '', 1, '2018-07-21 01:41:03', '2022-04-12 07:03:51'),
(91, 'Guernsey and Alderney', 'GGY', '831', 'GG', '441481', 'St Peter Port', 'GBP', 'British pound', 'Europe', 'Northern Europe', '', 1, '2018-07-21 01:41:03', '2023-02-01 11:56:18'),
(92, 'Guinea', 'GIN', '324', 'GN', '224', 'Conakry', 'GNF', 'Guinean franc', 'Africa', 'Western Africa', '', 1, '2018-07-21 01:41:03', '2022-04-12 07:03:51'),
(93, 'Guinea-Bissau', 'GNB', '624', 'GW', '245', 'Bissau', 'XOF', 'West African CFA franc', 'Africa', 'Western Africa', '', 1, '2018-07-21 01:41:03', '2022-04-12 07:03:51'),
(94, 'Guyana', 'GUY', '328', 'GY', '592', 'Georgetown', 'GYD', 'Guyanese dollar', 'Americas', 'South America', '', 1, '2018-07-21 01:41:03', '2022-04-12 07:03:51'),
(95, 'Haiti', 'HTI', '332', 'HT', '509', 'Port-au-Prince', 'HTG', 'Haitian gourde', 'Americas', 'Caribbean', '', 1, '2018-07-21 01:41:03', '2022-04-12 07:03:51'),
(96, 'Heard Island and McDonald Islands', 'HMD', '334', 'HM', '672', '', 'AUD', 'Australian dollar', '', '', '', 1, '2018-07-21 01:41:03', '2022-04-12 07:03:51'),
(97, 'Honduras', 'HND', '340', 'HN', '504', 'Tegucigalpa', 'HNL', 'Honduran lempira', 'Americas', 'Central America', '', 1, '2018-07-21 01:41:03', '2022-04-12 07:03:51'),
(98, 'Hong Kong S.A.R.', 'HKG', '344', 'HK', '852', 'Hong Kong', 'HKD', 'Hong Kong dollar', 'Asia', 'Eastern Asia', '', 1, '2018-07-21 01:41:03', '2022-04-12 07:03:51'),
(99, 'Hungary', 'HUN', '348', 'HU', '36', 'Budapest', 'HUF', 'Hungarian forint', 'Europe', 'Eastern Europe', '', 1, '2018-07-21 01:41:03', '2022-04-12 07:03:51'),
(100, 'Iceland', 'ISL', '352', 'IS', '354', 'Reykjavik', 'ISK', 'Icelandic krna', 'Europe', 'Northern Europe', '', 1, '2018-07-21 01:41:03', '2022-04-12 07:03:51'),
(101, 'India', 'IND', '356', 'IN', '91', 'New Delhi', 'INR', 'Indian rupee', 'Asia', 'Southern Asia', '', 1, '2018-07-21 01:41:03', '2022-04-12 07:03:51'),
(102, 'Indonesia', 'IDN', '360', 'ID', '62', 'Jakarta', 'IDR', 'Indonesian rupiah', 'Asia', 'South-Eastern Asia', '', 1, '2018-07-21 01:41:03', '2022-04-12 07:03:51'),
(103, 'Iran', 'IRN', '364', 'IR', '98', 'Tehran', 'IRR', 'Iranian rial', 'Asia', 'Southern Asia', '', 1, '2018-07-21 01:41:03', '2022-04-12 07:03:51'),
(104, 'Iraq', 'IRQ', '368', 'IQ', '964', 'Baghdad', 'IQD', 'Iraqi dinar', 'Asia', 'Western Asia', '', 1, '2018-07-21 01:41:03', '2022-04-12 07:03:51'),
(105, 'Ireland', 'IRL', '372', 'IE', '353', 'Dublin', 'EUR', 'Euro', 'Europe', 'Northern Europe', '', 1, '2018-07-21 01:41:03', '2022-04-12 07:03:51'),
(106, 'Israel', 'ISR', '376', 'IL', '972', 'Jerusalem', 'ILS', 'Israeli new shekel', 'Asia', 'Western Asia', '', 1, '2018-07-21 01:41:03', '2022-04-12 07:03:51'),
(107, 'Italy', 'ITA', '380', 'IT', '39', 'Rome', 'EUR', 'Euro', 'Europe', 'Southern Europe', '', 1, '2018-07-21 01:41:03', '2022-04-12 07:03:51'),
(108, 'Jamaica', 'JAM', '388', 'JM', '1876', 'Kingston', 'JMD', 'Jamaican dollar', 'Americas', 'Caribbean', '', 1, '2018-07-21 01:41:03', '2023-02-01 11:56:27'),
(109, 'Japan', 'JPN', '392', 'JP', '81', 'Tokyo', 'JPY', 'Japanese yen', 'Asia', 'Eastern Asia', '', 1, '2018-07-21 01:41:03', '2022-04-12 07:03:51'),
(110, 'Jersey', 'JEY', '832', 'JE', '441534', 'Saint Helier', 'GBP', 'British pound', 'Europe', 'Northern Europe', '', 1, '2018-07-21 01:41:03', '2023-02-01 11:56:33'),
(111, 'Jordan', 'JOR', '400', 'JO', '962', 'Amman', 'JOD', 'Jordanian dinar', 'Asia', 'Western Asia', '', 1, '2018-07-21 01:41:03', '2022-04-12 07:03:51'),
(112, 'Kazakhstan', 'KAZ', '398', 'KZ', '7', 'Astana', 'KZT', 'Kazakhstani tenge', 'Asia', 'Central Asia', '', 1, '2018-07-21 01:41:03', '2022-04-12 07:03:51'),
(113, 'Kenya', 'KEN', '404', 'KE', '254', 'Nairobi', 'KES', 'Kenyan shilling', 'Africa', 'Eastern Africa', '', 1, '2018-07-21 01:41:03', '2022-04-12 07:03:51'),
(114, 'Kiribati', 'KIR', '296', 'KI', '686', 'Tarawa', 'AUD', 'Australian dollar', 'Oceania', 'Micronesia', '', 1, '2018-07-21 01:41:03', '2022-04-12 07:03:51'),
(115, 'North Korea', 'PRK', '408', 'KP', '850', 'Pyongyang', 'KPW', 'North Korean Won', 'Asia', 'Eastern Asia', '', 1, '2018-07-21 01:41:03', '2022-04-12 07:03:51'),
(116, 'South Korea', 'KOR', '410', 'KR', '82', 'Seoul', 'KRW', 'Won', 'Asia', 'Eastern Asia', '', 1, '2018-07-21 01:41:03', '2022-04-12 07:03:51'),
(117, 'Kuwait', 'KWT', '414', 'KW', '965', 'Kuwait City', 'KWD', 'Kuwaiti dinar', 'Asia', 'Western Asia', '', 1, '2018-07-21 01:41:03', '2022-04-12 07:03:51'),
(118, 'Kyrgyzstan', 'KGZ', '417', 'KG', '996', 'Bishkek', 'KGS', 'Kyrgyzstani som', 'Asia', 'Central Asia', '', 1, '2018-07-21 01:41:03', '2022-04-12 07:03:51'),
(119, 'Laos', 'LAO', '418', 'LA', '856', 'Vientiane', 'LAK', 'Lao kip', 'Asia', 'South-Eastern Asia', '', 1, '2018-07-21 01:41:03', '2022-04-12 07:03:51'),
(120, 'Latvia', 'LVA', '428', 'LV', '371', 'Riga', 'EUR', 'Euro', 'Europe', 'Northern Europe', '', 1, '2018-07-21 01:41:03', '2022-04-12 07:03:51'),
(121, 'Lebanon', 'LBN', '422', 'LB', '961', 'Beirut', 'LBP', 'Lebanese pound', 'Asia', 'Western Asia', '', 1, '2018-07-21 01:41:03', '2022-04-12 07:03:51'),
(122, 'Lesotho', 'LSO', '426', 'LS', '266', 'Maseru', 'LSL', 'Lesotho loti', 'Africa', 'Southern Africa', '', 1, '2018-07-21 01:41:03', '2022-04-12 07:03:51'),
(123, 'Liberia', 'LBR', '430', 'LR', '231', 'Monrovia', 'LRD', 'Liberian dollar', 'Africa', 'Western Africa', '', 1, '2018-07-21 01:41:03', '2022-04-12 07:03:51'),
(124, 'Libya', 'LBY', '434', 'LY', '218', 'Tripolis', 'LYD', 'Libyan dinar', 'Africa', 'Northern Africa', '', 1, '2018-07-21 01:41:03', '2022-04-12 07:03:51'),
(125, 'Liechtenstein', 'LIE', '438', 'LI', '423', 'Vaduz', 'CHF', 'Swiss franc', 'Europe', 'Western Europe', '', 1, '2018-07-21 01:41:03', '2022-04-12 07:03:51'),
(126, 'Lithuania', 'LTU', '440', 'LT', '370', 'Vilnius', 'EUR', 'Euro', 'Europe', 'Northern Europe', '', 1, '2018-07-21 01:41:03', '2022-04-12 07:03:51'),
(127, 'Luxembourg', 'LUX', '442', 'LU', '352', 'Luxembourg', 'EUR', 'Euro', 'Europe', 'Western Europe', '', 1, '2018-07-21 01:41:03', '2022-04-12 07:03:51'),
(128, 'Macau S.A.R.', 'MAC', '446', 'MO', '853', 'Macao', 'MOP', 'Macanese pataca', 'Asia', 'Eastern Asia', '', 1, '2018-07-21 01:41:03', '2022-04-12 07:03:51'),
(129, 'Macedonia', 'MKD', '807', 'MK', '389', 'Skopje', 'MKD', 'Denar', 'Europe', 'Southern Europe', '', 1, '2018-07-21 01:41:03', '2022-04-12 07:03:51'),
(130, 'Madagascar', 'MDG', '450', 'MG', '261', 'Antananarivo', 'MGA', 'Malagasy ariary', 'Africa', 'Eastern Africa', '', 1, '2018-07-21 01:41:03', '2022-04-12 07:03:51'),
(131, 'Malawi', 'MWI', '454', 'MW', '265', 'Lilongwe', 'MWK', 'Malawian kwacha', 'Africa', 'Eastern Africa', '', 1, '2018-07-21 01:41:03', '2022-04-12 07:03:51'),
(132, 'Malaysia', 'MYS', '458', 'MY', '60', 'Kuala Lumpur', 'MYR', 'Malaysian ringgit', 'Asia', 'South-Eastern Asia', '', 1, '2018-07-21 01:41:03', '2022-04-12 07:03:51'),
(133, 'Maldives', 'MDV', '462', 'MV', '960', 'Male', 'MVR', 'Maldivian rufiyaa', 'Asia', 'Southern Asia', '', 1, '2018-07-21 01:41:03', '2022-04-12 07:03:51'),
(134, 'Mali', 'MLI', '466', 'ML', '223', 'Bamako', 'XOF', 'West African CFA franc', 'Africa', 'Western Africa', '', 1, '2018-07-21 01:41:03', '2022-04-12 07:03:51'),
(135, 'Malta', 'MLT', '470', 'MT', '356', 'Valletta', 'EUR', 'Euro', 'Europe', 'Southern Europe', '', 1, '2018-07-21 01:41:03', '2022-04-12 07:03:51'),
(136, 'Man (Isle of)', 'IMN', '833', 'IM', '441624', 'Douglas, Isle of Man', 'GBP', 'British pound', 'Europe', 'Northern Europe', '', 1, '2018-07-21 01:41:03', '2023-02-01 11:56:43'),
(137, 'Marshall Islands', 'MHL', '584', 'MH', '692', 'Majuro', 'USD', 'United States dollar', 'Oceania', 'Micronesia', '', 1, '2018-07-21 01:41:03', '2022-04-12 07:03:51'),
(138, 'Martinique', 'MTQ', '474', 'MQ', '596', 'Fort-de-France', 'EUR', 'Euro', 'Americas', 'Caribbean', '', 1, '2018-07-21 01:41:03', '2022-04-12 07:03:51'),
(139, 'Mauritania', 'MRT', '478', 'MR', '222', 'Nouakchott', 'MRO', 'Mauritanian ouguiya', 'Africa', 'Western Africa', '', 1, '2018-07-21 01:41:03', '2022-04-12 07:03:51'),
(140, 'Mauritius', 'MUS', '480', 'MU', '230', 'Port Louis', 'MUR', 'Mauritian rupee', 'Africa', 'Eastern Africa', '', 1, '2018-07-21 01:41:03', '2022-04-12 07:03:51'),
(141, 'Mayotte', 'MYT', '175', 'YT', '262', 'Mamoudzou', 'EUR', 'Euro', 'Africa', 'Eastern Africa', '', 1, '2018-07-21 01:41:03', '2022-04-12 07:03:51'),
(142, 'Mexico', 'MEX', '484', 'MX', '52', 'Ciudad de Mxico', 'MXN', 'Mexican peso', 'Americas', 'Central America', '', 1, '2018-07-21 01:41:03', '2022-04-12 07:03:51'),
(143, 'Micronesia', 'FSM', '583', 'FM', '691', 'Palikir', 'USD', 'United States dollar', 'Oceania', 'Micronesia', '', 1, '2018-07-21 01:41:03', '2022-04-12 07:03:51'),
(144, 'Moldova', 'MDA', '498', 'MD', '373', 'Chisinau', 'MDL', 'Moldovan leu', 'Europe', 'Eastern Europe', '', 1, '2018-07-21 01:41:03', '2022-04-12 07:03:51'),
(145, 'Monaco', 'MCO', '492', 'MC', '377', 'Monaco', 'EUR', 'Euro', 'Europe', 'Western Europe', '', 1, '2018-07-21 01:41:03', '2022-04-12 07:03:51'),
(146, 'Mongolia', 'MNG', '496', 'MN', '976', 'Ulan Bator', 'MNT', 'Mongolian tgrg', 'Asia', 'Eastern Asia', '', 1, '2018-07-21 01:41:03', '2022-04-12 07:03:51'),
(147, 'Montenegro', 'MNE', '499', 'ME', '382', 'Podgorica', 'EUR', 'Euro', 'Europe', 'Southern Europe', '', 1, '2018-07-21 01:41:03', '2022-04-12 07:03:51'),
(148, 'Montserrat', 'MSR', '500', 'MS', '1664', 'Plymouth', 'XCD', 'Eastern Caribbean dollar', 'Americas', 'Caribbean', '', 1, '2018-07-21 01:41:03', '2023-02-01 11:56:51'),
(149, 'Morocco', 'MAR', '504', 'MA', '212', 'Rabat', 'MAD', 'Moroccan dirham', 'Africa', 'Northern Africa', '', 1, '2018-07-21 01:41:03', '2022-04-12 07:03:51'),
(150, 'Mozambique', 'MOZ', '508', 'MZ', '258', 'Maputo', 'MZN', 'Mozambican metical', 'Africa', 'Eastern Africa', '', 1, '2018-07-21 01:41:03', '2022-04-12 07:03:51'),
(151, 'Myanmar', 'MMR', '104', 'MM', '95', 'Nay Pyi Taw', 'MMK', 'Burmese kyat', 'Asia', 'South-Eastern Asia', '', 1, '2018-07-21 01:41:03', '2022-04-12 07:03:51'),
(152, 'Namibia', 'NAM', '516', 'NA', '264', 'Windhoek', 'NAD', 'Namibian dollar', 'Africa', 'Southern Africa', '', 1, '2018-07-21 01:41:03', '2022-04-12 07:03:51'),
(153, 'Nauru', 'NRU', '520', 'NR', '674', 'Yaren', 'AUD', 'Australian dollar', 'Oceania', 'Micronesia', '', 1, '2018-07-21 01:41:03', '2022-04-12 07:03:51'),
(154, 'Nepal', 'NPL', '524', 'NP', '977', 'Kathmandu', 'NPR', 'Nepalese rupee', 'Asia', 'Southern Asia', '', 1, '2018-07-21 01:41:03', '2022-04-12 07:03:51'),
(155, 'Bonaire, Sint Eustatius and Saba', 'BES', '535', 'BQ', '599', 'Kralendijk', 'USD', 'United States dollar', 'Americas', 'Caribbean', '', 1, '2018-07-21 01:41:03', '2022-04-12 07:03:51'),
(156, 'Netherlands', 'NLD', '528', 'NL', '31', 'Amsterdam', 'EUR', 'Euro', 'Europe', 'Western Europe', '', 1, '2018-07-21 01:41:03', '2022-04-12 07:03:51'),
(157, 'New Caledonia', 'NCL', '540', 'NC', '687', 'Noumea', 'XPF', 'CFP franc', 'Oceania', 'Melanesia', '', 1, '2018-07-21 01:41:03', '2022-04-12 07:03:51'),
(158, 'New Zealand', 'NZL', '554', 'NZ', '64', 'Wellington', 'NZD', 'New Zealand dollar', 'Oceania', 'Australia and New Zealand', '', 1, '2018-07-21 01:41:03', '2022-04-12 07:03:51'),
(159, 'Nicaragua', 'NIC', '558', 'NI', '505', 'Managua', 'NIO', 'Nicaraguan crdoba', 'Americas', 'Central America', '', 1, '2018-07-21 01:41:03', '2022-04-12 07:03:51'),
(160, 'Niger', 'NER', '562', 'NE', '227', 'Niamey', 'XOF', 'West African CFA franc', 'Africa', 'Western Africa', '', 1, '2018-07-21 01:41:03', '2022-04-12 07:03:51'),
(161, 'Nigeria', 'NGA', '566', 'NG', '234', 'Abuja', 'NGN', 'Nigerian naira', 'Africa', 'Western Africa', '', 1, '2018-07-21 01:41:03', '2022-04-12 07:03:51'),
(162, 'Niue', 'NIU', '570', 'NU', '683', 'Alofi', 'NZD', 'New Zealand dollar', 'Oceania', 'Polynesia', '', 1, '2018-07-21 01:41:03', '2022-04-12 07:03:51'),
(163, 'Norfolk Island', 'NFK', '574', 'NF', '672', 'Kingston', 'AUD', 'Australian dollar', 'Oceania', 'Australia and New Zealand', '', 1, '2018-07-21 01:41:03', '2022-04-12 07:03:51'),
(164, 'Northern Mariana Islands', 'MNP', '580', 'MP', '1670', 'Saipan', 'USD', 'United States dollar', 'Oceania', 'Micronesia', '', 1, '2018-07-21 01:41:03', '2023-02-01 11:56:58'),
(165, 'Norway', 'NOR', '578', 'NO', '47', 'Oslo', 'NOK', 'Norwegian krone', 'Europe', 'Northern Europe', '', 1, '2018-07-21 01:41:03', '2022-04-12 07:03:51'),
(166, 'Oman', 'OMN', '512', 'OM', '968', 'Muscat', 'OMR', 'Omani rial', 'Asia', 'Western Asia', '', 1, '2018-07-21 01:41:03', '2022-04-12 07:03:51'),
(167, 'Pakistan', 'PAK', '586', 'PK', '92', 'Islamabad', 'PKR', 'Pakistani rupee', 'Asia', 'Southern Asia', '', 1, '2018-07-21 01:41:03', '2022-04-12 07:03:51'),
(168, 'Palau', 'PLW', '585', 'PW', '680', 'Melekeok', 'USD', 'United States dollar', 'Oceania', 'Micronesia', '', 1, '2018-07-21 01:41:03', '2022-04-12 07:03:51'),
(169, 'Palestinian Territory Occupied', 'PSE', '275', 'PS', '970', 'East Jerusalem', 'ILS', 'Israeli new shekel', 'Asia', 'Western Asia', '', 1, '2018-07-21 01:41:03', '2022-04-12 07:03:51'),
(170, 'Panama', 'PAN', '591', 'PA', '507', 'Panama City', 'PAB', 'Panamanian balboa', 'Americas', 'Central America', '', 1, '2018-07-21 01:41:03', '2022-04-12 07:03:51'),
(171, 'Papua new Guinea', 'PNG', '598', 'PG', '675', 'Port Moresby', 'PGK', 'Papua New Guinean kina', 'Oceania', 'Melanesia', '', 1, '2018-07-21 01:41:03', '2022-04-12 07:03:51'),
(172, 'Paraguay', 'PRY', '600', 'PY', '595', 'Asuncion', 'PYG', 'Paraguayan guarani', 'Americas', 'South America', '', 1, '2018-07-21 01:41:03', '2022-04-12 07:03:51'),
(173, 'Peru', 'PER', '604', 'PE', '51', 'Lima', 'PEN', 'Peruvian sol', 'Americas', 'South America', '', 1, '2018-07-21 01:41:03', '2022-04-12 07:03:51'),
(174, 'Philippines', 'PHL', '608', 'PH', '63', 'Manila', 'PHP', 'Philippine peso', 'Asia', 'South-Eastern Asia', '', 1, '2018-07-21 01:41:03', '2022-04-12 07:03:51'),
(175, 'Pitcairn Island', 'PCN', '612', 'PN', '870', 'Adamstown', 'NZD', 'New Zealand dollar', 'Oceania', 'Polynesia', '', 1, '2018-07-21 01:41:03', '2022-04-12 07:03:51'),
(176, 'Poland', 'POL', '616', 'PL', '48', 'Warsaw', 'PLN', 'Polish zoty', 'Europe', 'Eastern Europe', '', 1, '2018-07-21 01:41:03', '2022-04-12 07:03:51'),
(177, 'Portugal', 'PRT', '620', 'PT', '351', 'Lisbon', 'EUR', 'Euro', 'Europe', 'Southern Europe', '', 1, '2018-07-21 01:41:03', '2022-04-12 07:03:51'),
(178, 'Puerto Rico', 'PRI', '630', 'PR', '1787', 'San Juan', 'USD', 'United States dollar', 'Americas', 'Caribbean', '', 1, '2018-07-21 01:41:03', '2023-02-01 11:57:06'),
(179, 'Qatar', 'QAT', '634', 'QA', '974', 'Doha', 'QAR', 'Qatari riyal', 'Asia', 'Western Asia', '', 1, '2018-07-21 01:41:03', '2022-04-12 07:03:51'),
(180, 'Reunion', 'REU', '638', 'RE', '262', 'Saint-Denis', 'EUR', 'Euro', 'Africa', 'Eastern Africa', '', 1, '2018-07-21 01:41:03', '2022-04-12 07:03:51'),
(181, 'Romania', 'ROU', '642', 'RO', '40', 'Bucharest', 'RON', 'Romanian leu', 'Europe', 'Eastern Europe', '', 1, '2018-07-21 01:41:03', '2022-04-12 07:03:51'),
(182, 'Russia', 'RUS', '643', 'RU', '7', 'Moscow', 'RUB', 'Russian ruble', 'Europe', 'Eastern Europe', '', 1, '2018-07-21 01:41:03', '2022-04-12 07:03:51'),
(183, 'Rwanda', 'RWA', '646', 'RW', '250', 'Kigali', 'RWF', 'Rwandan franc', 'Africa', 'Eastern Africa', '', 1, '2018-07-21 01:41:03', '2022-04-12 07:03:51'),
(184, 'Saint Helena', 'SHN', '654', 'SH', '290', 'Jamestown', 'SHP', 'Saint Helena pound', 'Africa', 'Western Africa', '', 1, '2018-07-21 01:41:03', '2022-04-12 07:03:51'),
(185, 'Saint Kitts And Nevis', 'KNA', '659', 'KN', '1869', 'Basseterre', 'XCD', 'Eastern Caribbean dollar', 'Americas', 'Caribbean', '', 1, '2018-07-21 01:41:03', '2023-02-01 11:57:15'),
(186, 'Saint Lucia', 'LCA', '662', 'LC', '1758', 'Castries', 'XCD', 'Eastern Caribbean dollar', 'Americas', 'Caribbean', '', 1, '2018-07-21 01:41:03', '2023-02-01 11:57:21'),
(187, 'Saint Pierre and Miquelon', 'SPM', '666', 'PM', '508', 'Saint-Pierre', 'EUR', 'Euro', 'Americas', 'Northern America', '', 1, '2018-07-21 01:41:03', '2022-04-12 07:03:51'),
(188, 'Saint Vincent And The Grenadines', 'VCT', '670', 'VC', '1784', 'Kingstown', 'XCD', 'Eastern Caribbean dollar', 'Americas', 'Caribbean', '', 1, '2018-07-21 01:41:03', '2023-02-01 11:57:27'),
(189, 'Saint-Barthelemy', 'BLM', '652', 'BL', '590', 'Gustavia', 'EUR', 'Euro', 'Americas', 'Caribbean', '', 1, '2018-07-21 01:41:03', '2022-04-12 07:03:51'),
(190, 'Saint-Martin (French part)', 'MAF', '663', 'MF', '590', 'Marigot', 'EUR', 'Euro', 'Americas', 'Caribbean', '', 1, '2018-07-21 01:41:03', '2022-04-12 07:03:51'),
(191, 'Samoa', 'WSM', '882', 'WS', '685', 'Apia', 'WST', 'Samoan tl', 'Oceania', 'Polynesia', '', 1, '2018-07-21 01:41:03', '2022-04-12 07:03:51'),
(192, 'San Marino', 'SMR', '674', 'SM', '378', 'San Marino', 'EUR', 'Euro', 'Europe', 'Southern Europe', '', 1, '2018-07-21 01:41:03', '2022-04-12 07:03:51'),
(193, 'Sao Tome and Principe', 'STP', '678', 'ST', '239', 'Sao Tome', 'STD', 'Dobra', 'Africa', 'Middle Africa', '', 1, '2018-07-21 01:41:03', '2022-04-12 07:03:51'),
(194, 'Saudi Arabia', 'SAU', '682', 'SA', '966', 'Riyadh', 'SAR', 'Saudi riyal', 'Asia', 'Western Asia', '', 1, '2018-07-21 01:41:03', '2022-04-12 07:03:51'),
(195, 'Senegal', 'SEN', '686', 'SN', '221', 'Dakar', 'XOF', 'West African CFA franc', 'Africa', 'Western Africa', '', 1, '2018-07-21 01:41:03', '2022-04-12 07:03:51'),
(196, 'Serbia', 'SRB', '688', 'RS', '381', 'Belgrade', 'RSD', 'Serbian dinar', 'Europe', 'Southern Europe', '', 1, '2018-07-21 01:41:03', '2022-04-12 07:03:51'),
(197, 'Seychelles', 'SYC', '690', 'SC', '248', 'Victoria', 'SCR', 'Seychellois rupee', 'Africa', 'Eastern Africa', '', 1, '2018-07-21 01:41:03', '2022-04-12 07:03:51'),
(198, 'Sierra Leone', 'SLE', '694', 'SL', '232', 'Freetown', 'SLL', 'Sierra Leonean leone', 'Africa', 'Western Africa', '', 1, '2018-07-21 01:41:03', '2022-04-12 07:03:51'),
(199, 'Singapore', 'SGP', '702', 'SG', '65', 'Singapur', 'SGD', 'Singapore dollar', 'Asia', 'South-Eastern Asia', '', 1, '2018-07-21 01:41:03', '2022-04-12 07:03:51'),
(200, 'Slovakia', 'SVK', '703', 'SK', '421', 'Bratislava', 'EUR', 'Euro', 'Europe', 'Eastern Europe', '', 1, '2018-07-21 01:41:03', '2022-04-12 07:03:51'),
(201, 'Slovenia', 'SVN', '705', 'SI', '386', 'Ljubljana', 'EUR', 'Euro', 'Europe', 'Southern Europe', '', 1, '2018-07-21 01:41:03', '2022-04-12 07:03:51'),
(202, 'Solomon Islands', 'SLB', '090', 'SB', '677', 'Honiara', 'SBD', 'Solomon Islands dollar', 'Oceania', 'Melanesia', '', 1, '2018-07-21 01:41:03', '2022-04-12 07:03:51'),
(203, 'Somalia', 'SOM', '706', 'SO', '252', 'Mogadishu', 'SOS', 'Somali shilling', 'Africa', 'Eastern Africa', '', 1, '2018-07-21 01:41:03', '2022-04-12 07:03:51'),
(204, 'South Africa', 'ZAF', '710', 'ZA', '27', 'Pretoria', 'ZAR', 'South African rand', 'Africa', 'Southern Africa', '', 1, '2018-07-21 01:41:03', '2022-04-12 07:03:51'),
(205, 'South Georgia', 'SGS', '239', 'GS', '500', 'Grytviken', 'GBP', 'British pound', 'Americas', 'South America', '', 1, '2018-07-21 01:41:03', '2022-04-12 07:03:51'),
(206, 'South Sudan', 'SSD', '728', 'SS', '211', 'Juba', 'SSP', 'South Sudanese pound', 'Africa', 'Middle Africa', '', 1, '2018-07-21 01:41:03', '2022-04-12 07:03:51'),
(207, 'Spain', 'ESP', '724', 'ES', '34', 'Madrid', 'EUR', 'Euro', 'Europe', 'Southern Europe', '', 1, '2018-07-21 01:41:03', '2022-04-12 07:03:51'),
(208, 'Sri Lanka', 'LKA', '144', 'LK', '94', 'Colombo', 'LKR', 'Sri Lankan rupee', 'Asia', 'Southern Asia', '', 1, '2018-07-21 01:41:03', '2022-04-12 07:03:51'),
(209, 'Sudan', 'SDN', '729', 'SD', '249', 'Khartoum', 'SDG', 'Sudanese pound', 'Africa', 'Northern Africa', '', 1, '2018-07-21 01:41:03', '2022-04-12 07:03:51'),
(210, 'Suriname', 'SUR', '740', 'SR', '597', 'Paramaribo', 'SRD', 'Surinamese dollar', 'Americas', 'South America', '', 1, '2018-07-21 01:41:03', '2022-04-12 07:03:51'),
(211, 'Svalbard And Jan Mayen Islands', 'SJM', '744', 'SJ', '47', 'Longyearbyen', 'NOK', 'Norwegian Krone', 'Europe', 'Northern Europe', '', 1, '2018-07-21 01:41:03', '2022-04-12 07:03:51'),
(212, 'Swaziland', 'SWZ', '748', 'SZ', '268', 'Mbabane', 'SZL', 'Lilangeni', 'Africa', 'Southern Africa', '', 1, '2018-07-21 01:41:03', '2022-04-12 07:03:51'),
(213, 'Sweden', 'SWE', '752', 'SE', '46', 'Stockholm', 'SEK', 'Swedish krona', 'Europe', 'Northern Europe', '', 1, '2018-07-21 01:41:03', '2022-04-12 07:03:51'),
(214, 'Switzerland', 'CHE', '756', 'CH', '41', 'Bern', 'CHF', 'Swiss franc', 'Europe', 'Western Europe', '', 1, '2018-07-21 01:41:03', '2022-04-12 07:03:51'),
(215, 'Syria', 'SYR', '760', 'SY', '963', 'Damascus', 'SYP', 'Syrian pound', 'Asia', 'Western Asia', '', 1, '2018-07-21 01:41:03', '2022-04-12 07:03:51'),
(216, 'Taiwan', 'TWN', '158', 'TW', '886', 'Taipei', 'TWD', 'New Taiwan dollar', 'Asia', 'Eastern Asia', '', 1, '2018-07-21 01:41:03', '2022-04-12 07:03:51'),
(217, 'Tajikistan', 'TJK', '762', 'TJ', '992', 'Dushanbe', 'TJS', 'Tajikistani somoni', 'Asia', 'Central Asia', '', 1, '2018-07-21 01:41:03', '2022-04-12 07:03:51'),
(218, 'Tanzania', 'TZA', '834', 'TZ', '255', 'Dodoma', 'TZS', 'Tanzanian shilling', 'Africa', 'Eastern Africa', '', 1, '2018-07-21 01:41:03', '2022-04-12 07:03:51'),
(219, 'Thailand', 'THA', '764', 'TH', '66', 'Bangkok', 'THB', 'Thai baht', 'Asia', 'South-Eastern Asia', '', 1, '2018-07-21 01:41:03', '2022-04-12 07:03:51'),
(220, 'Togo', 'TGO', '768', 'TG', '228', 'Lome', 'XOF', 'West African CFA franc', 'Africa', 'Western Africa', '', 1, '2018-07-21 01:41:03', '2022-04-12 07:03:51'),
(221, 'Tokelau', 'TKL', '772', 'TK', '690', '', 'NZD', 'New Zealand dollar', 'Oceania', 'Polynesia', '', 1, '2018-07-21 01:41:03', '2022-04-12 07:03:51'),
(222, 'Tonga', 'TON', '776', 'TO', '676', 'Nuku\'alofa', 'TOP', 'Tongan paanga', 'Oceania', 'Polynesia', '', 1, '2018-07-21 01:41:03', '2022-04-12 07:03:51'),
(223, 'Trinidad And Tobago', 'TTO', '780', 'TT', '+1-868', 'Port of Spain', 'TTD', 'Trinidad and Tobago dollar', 'Americas', 'Caribbean', '', 1, '2018-07-21 01:41:03', '2022-04-12 07:03:51'),
(224, 'Tunisia', 'TUN', '788', 'TN', '216', 'Tunis', 'TND', 'Tunisian dinar', 'Africa', 'Northern Africa', '', 1, '2018-07-21 01:41:03', '2022-04-12 07:03:51'),
(225, 'Turkey', 'TUR', '792', 'TR', '90', 'Ankara', 'TRY', 'Turkish lira', 'Asia', 'Western Asia', '', 1, '2018-07-21 01:41:03', '2022-04-12 07:03:51'),
(226, 'Turkmenistan', 'TKM', '795', 'TM', '993', 'Ashgabat', 'TMT', 'Turkmenistan manat', 'Asia', 'Central Asia', '', 1, '2018-07-21 01:41:03', '2022-04-12 07:03:51'),
(227, 'Turks And Caicos Islands', 'TCA', '796', 'TC', '+1-649', 'Cockburn Town', 'USD', 'United States dollar', 'Americas', 'Caribbean', '', 1, '2018-07-21 01:41:03', '2022-04-12 07:03:51'),
(228, 'Tuvalu', 'TUV', '798', 'TV', '688', 'Funafuti', 'AUD', 'Australian dollar', 'Oceania', 'Polynesia', '', 1, '2018-07-21 01:41:03', '2022-04-12 07:03:51'),
(229, 'Uganda', 'UGA', '800', 'UG', '256', 'Kampala', 'UGX', 'Ugandan shilling', 'Africa', 'Eastern Africa', '', 1, '2018-07-21 01:41:03', '2022-04-12 07:03:51'),
(230, 'Ukraine', 'UKR', '804', 'UA', '380', 'Kiev', 'UAH', 'Ukrainian hryvnia', 'Europe', 'Eastern Europe', '', 1, '2018-07-21 01:41:03', '2022-04-12 07:03:51'),
(231, 'United Arab Emirates', 'ARE', '784', 'AE', '971', 'Abu Dhabi', 'AED', 'United Arab Emirates dirham', 'Asia', 'Western Asia', '', 1, '2018-07-21 01:41:03', '2022-04-12 07:03:51'),
(232, 'United Kingdom', 'GBR', '826', 'GB', '44', 'London', 'GBP', 'British pound', 'Europe', 'Northern Europe', '', 1, '2018-07-21 01:41:03', '2022-04-12 07:03:51'),
(233, 'United States', 'USA', '840', 'US', '1', 'Washington', 'USD', 'United States dollar', 'Americas', 'Northern America', '', 1, '2018-07-21 01:41:03', '2022-04-12 07:03:51'),
(234, 'United States Minor Outlying Islands', 'UMI', '581', 'UM', '1', '', 'USD', 'United States dollar', 'Americas', 'Northern America', '', 1, '2018-07-21 01:41:03', '2022-04-12 07:03:51'),
(235, 'Uruguay', 'URY', '858', 'UY', '598', 'Montevideo', 'UYU', 'Uruguayan peso', 'Americas', 'South America', '', 1, '2018-07-21 01:41:03', '2022-04-12 07:03:51'),
(236, 'Uzbekistan', 'UZB', '860', 'UZ', '998', 'Tashkent', 'UZS', 'Uzbekistani som', 'Asia', 'Central Asia', '', 1, '2018-07-21 01:41:03', '2022-04-12 07:03:51'),
(237, 'Vanuatu', 'VUT', '548', 'VU', '678', 'Port Vila', 'VUV', 'Vanuatu vatu', 'Oceania', 'Melanesia', '', 1, '2018-07-21 01:41:03', '2022-04-12 07:03:51'),
(238, 'Vatican City State (Holy See)', 'VAT', '336', 'VA', '379', 'Vatican City', 'EUR', 'Euro', 'Europe', 'Southern Europe', '', 1, '2018-07-21 01:41:03', '2022-04-12 07:03:51'),
(239, 'Venezuela', 'VEN', '862', 'VE', '58', 'Caracas', 'VEF', 'Bolvar', 'Americas', 'South America', '', 1, '2018-07-21 01:41:03', '2022-04-12 07:03:51'),
(240, 'Vietnam', 'VNM', '704', 'VN', '84', 'Hanoi', 'VND', 'Vietnamese ng', 'Asia', 'South-Eastern Asia', '', 1, '2018-07-21 01:41:03', '2022-04-12 07:03:51'),
(241, 'Virgin Islands (British)', 'VGB', '092', 'VG', '+1-284', 'Road Town', 'USD', 'United States dollar', 'Americas', 'Caribbean', '', 1, '2018-07-21 01:41:03', '2022-04-12 07:03:51'),
(242, 'Virgin Islands (US)', 'VIR', '850', 'VI', '+1-340', 'Charlotte Amalie', 'USD', 'United States dollar', 'Americas', 'Caribbean', '', 1, '2018-07-21 01:41:03', '2022-04-12 07:03:51'),
(243, 'Wallis And Futuna Islands', 'WLF', '876', 'WF', '681', 'Mata Utu', 'XPF', 'CFP franc', 'Oceania', 'Polynesia', '', 1, '2018-07-21 01:41:03', '2022-04-12 07:03:51'),
(244, 'Western Sahara', 'ESH', '732', 'EH', '212', 'El-Aaiun', 'MAD', 'Moroccan Dirham', 'Africa', 'Northern Africa', '', 1, '2018-07-21 01:41:03', '2022-04-12 07:03:51'),
(245, 'Yemen', 'YEM', '887', 'YE', '967', 'Sanaa', 'YER', 'Yemeni rial', 'Asia', 'Western Asia', '', 1, '2018-07-21 01:41:03', '2022-04-12 07:03:51'),
(246, 'Zambia', 'ZMB', '894', 'ZM', '260', 'Lusaka', 'ZMW', 'Zambian kwacha', 'Africa', 'Eastern Africa', '', 1, '2018-07-21 01:41:03', '2022-04-12 07:03:51'),
(247, 'Zimbabwe', 'ZWE', '716', 'ZW', '263', 'Harare', 'ZWL', 'Zimbabwe Dollar', 'Africa', 'Eastern Africa', '', 1, '2018-07-21 01:41:03', '2022-04-12 07:03:51'),
(248, 'Kosovo', 'XKX', '926', 'XK', '383', 'Pristina', 'EUR', 'Euro', 'Europe', 'Eastern Europe', '', 1, '2020-08-15 21:03:50', '2022-04-12 07:03:51'),
(249, 'Curaao', 'CUW', '531', 'CW', '599', 'Willemstad', 'ANG', 'Netherlands Antillean guilder', 'Americas', 'Caribbean', '', 1, '2020-10-25 20:24:20', '2022-04-12 07:03:51'),
(250, 'Sint Maarten (Dutch part)', 'SXM', '534', 'SX', '1721', 'Philipsburg', 'ANG', 'Netherlands Antillean guilder', 'Americas', 'Caribbean', '', 1, '2020-12-05 18:33:39', '2022-04-12 07:03:51');
COMMIT;

INSERT INTO `payment_gateways` (`id`, `name`, `value`, `payment_method_id`, `user_id`, `is_online`, `status`, `show`, `sort_order`, `details`, `perameter_1`, `perameter_2`, `perameter_3`, `perameter_4`, `perameter_5`, `perameter_6`, `perameter_7`, `image`, `created_at`, `updated_at`) VALUES
(1, 'Cash On Delivery', 'cod', 1, 1, 0, 1, 1, 0, '', '', '', '', '', '', '', '', NULL, '2023-01-11 02:33:00', '2023-03-31 17:26:41'),
(2, 'Bank Payment', 'bank_payment', 7, 1, 0, 1, 1, 0, 'By placing this order, you agree to our Terms Of Use and Privacy Policy', '<table style=\"font-family: Arial, \'serif\';\" width=\"100%\">\r\n	<tbody>\r\n		<tr>\r\n			<td colspan=\"2\" style=\"background: #009688;color: #fff;border-color: #009688;\">\r\n			<h4 style=\"font-size: 16px; margin-bottom: 0px;\">1. Jammu and Kashmir, Leh:</h4>\r\n			</td>\r\n		</tr>\r\n		<tr>\r\n			<td colspan=\"2\" style=\"padding: 0;border-right: 0;border-left: 0;\">\r\n			<table border=\"0\" cellpadding=\"0\" cellspacing=\"0\" style=\"font-size: 13px; line-height:20px;\" width=\"100%\">\r\n				<tbody>\r\n					<tr>\r\n						<td width=\"50%\">\r\n						<p style=\"margin: 0;\"><strong>Name :</strong> Overland Escape</p>\r\n\r\n						<p style=\"margin: 0 0 5px;\"><strong>Account No :</strong><br />\r\n						0069020100000222<br />\r\n						Jammu and Kashmir Bank<br />\r\n						Main Branch, Leh Ladakh J&amp;K</p>\r\n						</td>\r\n						<td width=\"50%\">\r\n						<p style=\"margin: 0;\"><strong>NEFT/RTGS Code :</strong> JAKA 0 PRIEST</p>\r\n						</td>\r\n					</tr>\r\n				</tbody>\r\n			</table>\r\n			</td>\r\n		</tr>\r\n		<tr>\r\n			<td colspan=\"2\" style=\"height: 10px;\">&nbsp;</td>\r\n		</tr>\r\n		<tr>\r\n			<td colspan=\"2\" style=\"background: #009688;color: #fff;border-color: #009688;\">\r\n			<h4 style=\"font-size: 16px; margin-bottom: 0px;\">2. Punjab National Bank, Leh:</h4>\r\n			</td>\r\n		</tr>\r\n		<tr>\r\n			<td colspan=\"2\" style=\"padding: 0;border-right: 0;border-left: 0;\">\r\n			<table border=\"0\" cellpadding=\"0\" cellspacing=\"0\" style=\"font-size: 13px; line-height:20px;\" width=\"100%\">\r\n				<tbody>\r\n					<tr>\r\n						<td width=\"50%\">\r\n						<p style=\"margin: 0;\"><strong>Name :</strong> M/s Overland Escape</p>\r\n\r\n						<p style=\"margin: 0;\"><strong>Account No :</strong><br />\r\n						4566002100000710<br />\r\n						Punjab National Bank,<br />\r\n						Main Market, Leh, Ladakh</p>\r\n						</td>\r\n						<td valign=\"top\" width=\"50%\">\r\n						<p style=\"margin: 0;\"><strong>Swift Code :</strong> PUNB IN BBJTS</p>\r\n\r\n						<p style=\"margin: 0;\"><strong>NEFT/RTGS Code :</strong> JAKA 0 PRIEST</p>\r\n\r\n						<p style=\"margin: 0;\"><strong>IFSC Code :</strong> PUNB0456600</p>\r\n						</td>\r\n					</tr>\r\n				</tbody>\r\n			</table>\r\n			</td>\r\n		</tr>\r\n		<tr>\r\n			<td colspan=\"2\" style=\"height: 10px;\">&nbsp;</td>\r\n		</tr>\r\n		<tr>\r\n			<td colspan=\"2\" style=\"background: #009688;color: #fff;border-color: #009688;\">\r\n			<h4 style=\"font-size: 16px; margin-bottom:0px;\">3. HDFC Bank Ltd</h4>\r\n			</td>\r\n		</tr>\r\n		<tr>\r\n			<td colspan=\"2\" style=\"padding: 0;border-right: 0;border-left: 0;\">\r\n			<table border=\"0\" cellpadding=\"0\" cellspacing=\"0\" style=\"font-size: 13px; line-height:20px;\" width=\"100%\">\r\n				<tbody>\r\n					<tr>\r\n						<td width=\"50%\">\r\n						<p style=\"margin: 0;\"><strong>Name :</strong> M/s Overland Escape</p>\r\n\r\n						<p style=\"margin:0;\"><strong>Current Account No :</strong><br />\r\n						23698620000205<br />\r\n						HDFC BANK LTD<br />\r\n						Basement &amp; Ground Floor, Skyabu Complex,<br />\r\n						Main Bazar, Leh Ladakh, Jammu and Kashmir,<br />\r\n						India 194101</p>\r\n						</td>\r\n						<td valign=\"top\" width=\"50%\">\r\n						<p style=\"margin: 0;\"><strong>IFSC Code :</strong> HDFC0002369</p>\r\n\r\n						<p style=\"margin: 0;\"><strong>Swift Code :</strong> HDFCINBB</p>\r\n						</td>\r\n					</tr>\r\n				</tbody>\r\n			</table>\r\n			</td>\r\n		</tr>\r\n		<tr>\r\n			<td colspan=\"2\" style=\"height: 10px;\">&nbsp;</td>\r\n		</tr>\r\n		<tr>\r\n			<td colspan=\"2\" style=\"background: #009688;color: #fff;border-color: #009688;\">\r\n			<h4 style=\"font-size: 16px; margin-bottom:0px;\">4. Axis Bank</h4>\r\n			</td>\r\n		</tr>\r\n		<tr>\r\n			<td colspan=\"2\" style=\"padding: 0;border-right: 0;border-left: 0;\">\r\n			<table border=\"0\" cellpadding=\"0\" cellspacing=\"0\" style=\"font-size: 13px; line-height:20px;\" width=\"100%\">\r\n				<tbody>\r\n					<tr>\r\n						<td width=\"50%\">\r\n						<p style=\"margin: 0;\"><strong>Name :</strong> M/s Overland Escape</p>\r\n\r\n						<p style=\"margin: 0;\"><strong>Current Account No :</strong><br />\r\n						912020029969588<br />\r\n						Bank - Axis Bank, Ground and First Floor,<br />\r\n						Taskan Complex, Opp. Libraray,<br />\r\n						Near Bijore Hotel, Leh, Ladakh 194101</p>\r\n						</td>\r\n						<td valign=\"top\" width=\"50%\">\r\n						<p style=\"margin: 0;\"><strong>IFS Code :</strong> UTIB00001611</p>\r\n\r\n						<p style=\"margin: 0;\"><strong>Swift Code :</strong> AXISINBB002</p>\r\n						</td>\r\n					</tr>\r\n				</tbody>\r\n			</table>\r\n\r\n			<p>For overseas transaction use swift code instead of IBAN (International Bank Account Number)</p>\r\n			</td>\r\n		</tr>\r\n	</tbody>\r\n</table>', '', '', '', '', '', '', '200123014506-bank_payment.png', '2023-01-11 02:33:00', '2023-03-01 12:56:13'),
(3, 'RazorPay', 'razorpay', 6, 1, 0, 1, NULL, NULL, NULL, 'rzp_test_ViWlyGcajdAvMo', 'TPuAjh1rLapqoPAyLbN0RqAL', '', '', '', '', '', NULL, '2023-01-11 02:33:00', '2023-01-20 02:13:06'),
(4, 'paypal', 'paypal', 1, 1, 0, 1, NULL, NULL, NULL, 'sandbox', 'PAYPAL10000', 'PAYPAL33000', '', '', '', '', NULL, NULL, '2023-01-20 06:51:50'),
(5, 'payumoney', 'payumoney', 4, 1, 0, 1, 1, 0, '', 'UGwBcu', 'rHqSlahJA6edVeFeBS8reon1b9QUhYHd', '', '', '', '', '', NULL, NULL, '2023-03-29 12:26:49'),
(6, 'stripe', 'stripe', 6, 1, 0, 1, NULL, NULL, NULL, 'pk_test_jErm5hmKEGjzzga3hsQyrCAc00bV89rP6x', 'sk_test_ETdDPCnFzX74iPKYZ7FUEnn400ozOkeatK1', '', '', '', '', '', NULL, NULL, '2023-01-20 02:15:15'),
(7, 'Tech Process', 'tpsl', 0, 0, 1, 1, 1, NULL, 'Please note: You may be redirected to bank page to complete your transaction. By making this booking, you agree to our Terms of Use and Privacy Policy.', 'test', 'T873705', '4626840924QKHRVW', '4033685904ADSTJH', 'FIRST', '', '', NULL, NULL, '2023-02-20 09:23:40');
COMMIT;


INSERT INTO `destination_type` (`id`, `name`, `slug`, `sort_order`, `status`, `created_at`, `updated_at`) VALUES
(1, 'Activity', 'activity', 4, 1, '2023-02-17 00:00:00', '2023-02-17 00:00:00'),
(2, 'Highlight', 'highlight', 2, 1, '2023-02-17 00:00:00', '2023-02-17 00:00:00'),
(3, 'Info', 'info', 1, 1, '2023-02-17 00:00:00', '2023-02-17 00:00:00'),
(4, 'Festival', 'festival', 3, 1, '2023-02-17 00:00:00', '2023-02-17 00:00:00'),
(5, 'Festival Date', 'festival_date', 5, 1, '2023-02-17 00:00:00', '2023-02-17 00:00:00');

UPDATE `cms_pages` set template = ''; 

UPDATE `common_images` set tbl_name = 'destinations' WHERE tbl_name = 'tbl_destinations';
UPDATE `common_images` set tbl_name = 'accommodations' WHERE tbl_name = 'tbl_hotel';
UPDATE `common_images` set tbl_name = 'packages' WHERE tbl_name = 'tbl_package';
UPDATE `common_images` set tbl_name = 'testimonials' WHERE tbl_name = 'tbl_testimonial';
UPDATE `common_images` set tbl_name = 'themes' WHERE tbl_name = 'tbl_theme';
UPDATE `common_images` set tbl_name = 'cms_pages' WHERE tbl_name = 'tbl_resource';

-- Copy highlight images to destinations


-- DELETE FROM destination_locations;
-- ALTER TABLE destination_locations AUTO_INCREMENT = 1;

-- DELETE FROM destinations;
-- ALTER TABLE destinations AUTO_INCREMENT = 1;


-- DELETE FROM enquiries;
-- ALTER TABLE enquiries AUTO_INCREMENT = 1;


-- DELETE FROM accommodations;
-- ALTER TABLE accommodations AUTO_INCREMENT = 1;

-- DELETE FROM accommodation_info;
-- ALTER TABLE accommodation_info AUTO_INCREMENT = 1;

-- DELETE FROM accommodation_locations;
-- ALTER TABLE accommodation_locations AUTO_INCREMENT = 1;



-- DELETE FROM package_accommodations;
-- ALTER TABLE package_accommodations AUTO_INCREMENT = 1;

-- DELETE FROM package_departures;
-- ALTER TABLE package_departures AUTO_INCREMENT = 1;

-- DELETE FROM package_departure_capacities;
-- ALTER TABLE package_departure_capacities AUTO_INCREMENT = 1;

-- DELETE FROM package_flights;
-- ALTER TABLE package_flights AUTO_INCREMENT = 1;

-- DELETE FROM package_price_info;
-- ALTER TABLE package_price_info AUTO_INCREMENT = 1;

-- DELETE FROM itenaries;
-- ALTER TABLE itenaries AUTO_INCREMENT = 1;

-- DELETE FROM package_info;
-- ALTER TABLE package_info AUTO_INCREMENT = 1;

-- DELETE FROM package_to_settings;
-- ALTER TABLE package_to_settings AUTO_INCREMENT = 1;

-- DELETE FROM package_themes;
-- ALTER TABLE package_themes AUTO_INCREMENT = 1;

-- DELETE FROM packages;
-- ALTER TABLE packages AUTO_INCREMENT = 1;


INSERT INTO `accommodation_facilities` (`id`, `title`, `status`, `sort_order`, `created_at`, `updated_at`) 
VALUES (1, 'Bed Only', 1, 1, '2017-04-12 16:04:26', '2018-03-30 12:09:45'), (2, 'Bed, Breakfast', 1, 2, '2017-04-12 16:04:36', '2018-03-30 12:28:32'), 
(3, 'Breakfast, Dinner', 1, 3, '2018-03-30 12:29:28', '2018-03-30 12:30:13'),
 (4, 'Breakfast, Lunch, Dinner', 1, 4, '2018-03-30 12:29:59', '0000-00-00 00:00:00')